Jaan	@Jaan	0		H	sg n
    	jaan	0		S	sg n
    	jaan	0		Y	?
Berg	Berg	0		H	sg n
annab	and	b		V	b
ülesse	ülesse	0		D	
,	,			Z	
et	et	0		J	
temal	tema	l		P	sg ad
oma	oma	0		A	sg g
   	oma	0		D	
   	@oma	0		P	sg g
   	oma	0		S	sg g
   	oma	0		V	o
   	oma	0		A	sg n
   	oma	0		A	sg p
   	oma	0		P	sg n
   	oma	0		P	sg p
   	oma	0		S	sg n
   	oma	0		S	sg p
venna	vend	0		S	sg g
Jüri	@Jüri	0		H	sg g
    	Jüri	0		H	sg n
käest	@käest	0		K	
     	käsi	st		S	sg el
Eriku	Erik	0		H	sg g
	£Eriku	0		H	sg g
talu	@talu	0		S	sg g
    	talu	0		V	o
    	talu	0		S	sg n
    	talu	0		S	sg p
pooled	@pool	d		N	pl n
      	pool	d		S	pl n
maad	@maa	d		S	pl n
    	maa	d		S	sg p
pruuki	pruuk	0		S	adt
      	pruuk	0		S	sg p
	£pruuki	0		V	da
on	ole	0		V	b
  	@ole	0		V	vad
olnud	ol=nud	0		A	
     	ol=nud	0		A	sg n
     	ol=nud	d		A	pl n
     	@ole	nud		V	nud
     	olnu	d		S	pl n
ja	ja	0		J	
kelle	kes	0		P	pl g
     	@kes	0		P	sg g
eest	eest	0		D	
    	@eest	0		K	
    	esi	st		S	sg el
tema	tema	0		P	sg g
    	@tema	0		P	sg n
kõik	kõik	0		P	pl n
    	kõik	0		S	sg n
    	@kõik	0		P	sg n
selle	@see	0		P	sg g
     	sell	e		S	pl p
poole	@pool	0		N	sg g
     	pool	0		S	sg g
     	pool	e		S	pl p
     	poole	0		K	
     	poole	0		S	sg n
talu	@talu	0		S	sg g
    	talu	0		V	o
    	talu	0		S	sg n
    	talu	0		S	sg p
maade	maa	de		S	pl g
peal	pea	l		S	sg ad
    	peal	0		D	
    	@peal	0		K	
seisev	@seis	ev		V	v
      	seisev	0		A	sg n
maks	maks	0		S	sg n
ja	ja	0		J	
orjust	orjus	t		S	sg p
on	@ole	0		V	b
  	ole	0		V	vad
kandnud	@kand	nud		V	nud
       	kand=nu	d		S	pl n
       	kand=nud	0		A	
       	kand=nud	0		A	sg n
       	kand=nud	d		A	pl n
ja	ja	0		J	
et	et	0		J	
nüüd	nüüd	0		D	
vend	vend	0		S	sg n
Jüri	Jüri	0		H	sg g
    	@Jüri	0		H	sg n
selle	@see	0		P	sg g
     	sell	e		S	pl p
talu	@talu	0		S	sg g
    	talu	0		V	o
    	talu	0		S	sg n
    	talu	0		S	sg p
koha	@koht	0		S	sg g
    	koha	0		S	sg g
    	koha	0		V	o
    	koha	0		S	sg n
    	koha	0		S	sg p
kõrge	@kõrge	0		A	sg g
     	kõrge	0		A	sg n
kroonu	@kroonu	0		S	sg g
      	kroonu	0		S	sg n
käest	@käest	0		K	
     	käsi	st		S	sg el
ära	@ära	0		D	
   	ära	0		V	neg o
ostab	ost	b		V	b
ja	ja	0		J	
teda	tema	da		P	sg p
jüripäev	####				
	#jüri_päev	0		S	sg n
1886	1886	0		N	?
koha	@koht	0		S	sg g
    	koha	0		S	sg g
    	koha	0		V	o
    	koha	0		S	sg n
    	koha	0		S	sg p
pealt	pea	lt		S	sg abl
     	pealt	0		D	
     	@pealt	0		K	
lahti	laht	i		S	pl p
     	@lahti	0		D	
laseb	lask	b		V	b
,	,			Z	
siis	siis	0		D	
    	@siis	0		J	
nõuab	nõud	b		V	b
tema	tema	0		P	sg g
    	@tema	0		P	sg n
venna	vend	0		S	sg g
Jüri	Jüri	0		H	sg g
    	@Jüri	0		H	sg n
Berg	Berg	0		H	sg n
käest	@käest	0		K	
     	käsi	st		S	sg el
oma	oma	0		A	sg g
   	oma	0		D	
   	@oma	0		P	sg g
   	oma	0		S	sg g
   	oma	0		V	o
   	oma	0		A	sg n
   	oma	0		A	sg p
   	oma	0		P	sg n
   	oma	0		P	sg p
   	oma	0		S	sg n
   	oma	0		S	sg p
kahjud	kahi	d		S	pl n
      	@kahju	d		S	pl n
,	,			Z	
mis	mis	0		P	pl n
   	@mis	0		P	sg n
selle	@see	0		P	sg g
     	sell	e		S	pl p
koha	@koht	0		S	sg g
    	koha	0		S	sg g
    	koha	0		V	o
    	koha	0		S	sg n
    	koha	0		S	sg p
peal	pea	l		S	sg ad
    	peal	0		D	
    	@peal	0		K	
12	12	0		N	?
aasta	@aasta	0		S	sg g
     	aasta	0		S	sg n
sees	sees	0		D	
    	@sees	0		K	
on	@ole	0		V	b
  	ole	0		V	vad
saanud	@saa	nud		V	nud
      	saa=nud	0		A	
      	saa=nud	0		A	sg n
      	saa=nud	d		A	pl n
      	saanu	d		S	pl n
.	.			Z	
Sest	see	st		P	sg el
    	@sest	0		J	
tema	tema	0		P	sg g
    	@tema	0		P	sg n
ei	ei	0		D	
  	@ei	0		V	neg
luba	luba	0		S	sg n
    	@luba	0		V	o
    	luba	0		S	sg p
seda	see	da		P	sg p
talu	@talu	0		S	sg g
    	talu	0		V	o
    	talu	0		S	sg n
    	talu	0		S	sg p
pooli	@pool	i		N	pl p
     	pool	i		S	pl p
     	pool	0		S	adt
     	pool	0		S	sg g
     	pooli	0		V	o
     	pool	0		S	sg p
maid	@maa	id		S	pl p
    	mai	d		S	pl n
    	mai	d		S	sg p
mitte	mitte	0		D	
edaspidi	edas_pidi	0		D	
enam	enam	0		C	sg n
    	@enam	0		D	
pruuki	pruuk	0		S	adt
      	pruuk	0		S	sg p
	£pruuki	0		V	da
ja	ja	0		J	
ostmise	ostmine	0		S	sg g
protsendid	protsent	d		S	pl n
venna	vend	0		S	sg g
talu	@talu	0		S	sg g
    	talu	0		V	o
    	talu	0		S	sg n
    	talu	0		S	sg p
eest	eest	0		D	
    	@eest	0		K	
    	esi	st		S	sg el
maksta	@maks	ta		V	da
      	maks	ta		V	ta
,	,			Z	
siis	siis	0		D	
    	@siis	0		J	
aga	aga	0		J	
küll	@küll	0		D	
    	küll	0		S	sg n
,	,			Z	
kui	kui	0		D	
   	@kui	0		J	
vend	vend	0		S	sg n
pooled	@pool	d		N	pl n
      	pool	d		S	pl n
talumaad	@talu_maa	d		S	pl n
        	talu_maa	d		S	sg p
tema	@tema	0		P	sg g
    	tema	0		P	sg n
nime	@nimi	0		S	sg g
    	nimi	0		S	sg p
peale	pea	le		S	sg all
     	peale	0		D	
     	@peale	0		K	
kirjutada	kirjuta	da		V	da
laseb	lask	b		V	b
,	,			Z	
nõudmine	nõudmine	0		S	sg n
oleks	ole	ks		V	ks
:	:			Z	
1.	1.	0		O	?
12	12	0		N	?
aasta	@aasta	0		S	sg g
     	aasta	0		S	sg n
palk	@palk	0		S	sg n
    	palk	0		S	sg n
,	,			Z	
mis	mis	0		P	pl n
   	@mis	0		P	sg n
tema	tema	0		P	sg g
    	@tema	0		P	sg n
selle	@see	0		P	sg g
     	sell	e		S	pl p
poole	@pool	0		N	sg g
     	pool	0		S	sg g
     	pool	e		S	pl p
     	poole	0		K	
     	poole	0		S	sg n
talu	@talu	0		S	sg g
    	talu	0		V	o
    	talu	0		S	sg n
    	talu	0		S	sg p
peal	pea	l		S	sg ad
    	peal	0		D	
    	@peal	0		K	
kui	kui	0		D	
   	@kui	0		J	
peremees	pere_mees	0		S	sg n
on	@ole	0		V	b
  	ole	0		V	vad
olnud	ol=nud	0		A	
     	ol=nud	0		A	sg n
     	ol=nud	d		A	pl n
     	@ole	nud		V	nud
     	olnu	d		S	pl n
,	,			Z	
aga	aga	0		J	
midagi	miski	dagi		P	sg p
sealt	@sealt	0		D	
     	siga	lt		A	sg abl
     	siga	lt		S	sg abl
saanud	@saa	nud		V	nud
      	saa=nud	0		A	
      	saa=nud	0		A	sg n
      	saa=nud	d		A	pl n
      	saanu	d		S	pl n
ja	ja	0		J	
nüüd	nüüd	0		D	
vend	vend	0		S	sg n
see	see	0		P	sg n
pool	pool	0		K	
    	@pool	0		N	sg n
    	pool	0		S	sg n
    	pool	0		S	sg n
talu	talu	0		S	sg g
    	talu	0		V	o
    	@talu	0		S	sg n
    	talu	0		S	sg p
tema	@tema	0		P	sg g
    	tema	0		P	sg n
käest	@käest	0		K	
     	käsi	st		S	sg el
ära	@ära	0		D	
   	ära	0		V	neg o
võtab	võt	b		V	b
a	a	0		Y	?
100	100	0		N	?
rubla	rubla	0		S	sg g
     	rubla	0		S	sg n
     	@rubla	0		S	sg p
=	=			Z	
1200	1200	0		N	?
rubla	rubla	0		S	sg g
     	rubla	0		S	sg n
     	@rubla	0		S	sg p
2.	2.	0		O	?
8	8	0		N	?
aastat	aasta	t		S	sg p
olla	ole	a		V	da
tema	tema	0		P	sg g
    	@tema	0		P	sg n
oma	oma	0		A	sg g
   	oma	0		D	
   	@oma	0		P	sg g
   	oma	0		S	sg g
   	oma	0		V	o
   	oma	0		A	sg n
   	oma	0		A	sg p
   	oma	0		P	sg n
   	oma	0		P	sg p
   	oma	0		S	sg n
   	oma	0		S	sg p
isa	isa	0		S	sg g
   	isa	0		S	sg n
   	@isa	0		S	sg p
toitnud	@toit	nud		V	nud
       	toit=nu	d		S	pl n
       	toit=nud	0		A	
       	toit=nud	0		A	sg n
       	toit=nud	d		A	pl n
ja	ja	0		J	
katnud	@kat	nud		V	nud
      	kat=nu	d		S	pl n
      	kat=nud	0		A	
      	kat=nud	0		A	sg n
      	kat=nud	d		A	pl n
,	,			Z	
ja	ja	0		J	
mis	mis	0		P	pl n
   	@mis	0		P	sg n
vend	vend	0		S	sg n
Jüri	Jüri	0		H	sg g
    	@Jüri	0		H	sg n
oleks	ole	ks		V	ks
pidanud	@pida	nud		V	nud
       	pida=nu	d		S	pl n
       	pida=nud	0		A	
       	pida=nud	0		A	sg n
       	pida=nud	d		A	pl n
tegema	tege	ma		V	ma
,	,			Z	
et	et	0		J	
isast	@isa	st		S	sg el
     	isane	t		A	sg p
     	isane	t		S	sg p
talu	talu	0		S	sg g
    	talu	0		V	o
    	talu	0		S	sg n
    	@talu	0		S	sg p
ja	ja	0		J	
muud	muu	d		P	pl n
    	muu	d		S	pl n
    	muu	d		V	d
    	@muu	d		P	sg p
    	muu	d		S	sg p
varandust	varandus	t		S	sg p
on	@ole	0		V	b
  	ole	0		V	vad
pärinud	@päri	nud		V	nud
       	päri=nu	d		S	pl n
       	päri=nud	0		A	
       	päri=nud	0		A	sg n
       	päri=nud	d		A	pl n
a	a	0		Y	?
50	50	0		N	?
rubla	rubla	0		S	sg g
     	rubla	0		S	sg n
     	@rubla	0		S	sg p
=	=			Z	
400	400	0		N	?
rubla	rubla	0		S	sg g
     	rubla	0		S	sg n
     	@rubla	0		S	sg p
3.	3.	0		O	?
12	12	0		N	?
aastat	aasta	t		S	sg p
põldu	põld	0		S	adt
     	@põld	0		S	sg p
vähem	vähem	0		C	sg n
     	@vähem	0		D	
pruukinud	@pruuki	nud		V	nud
         	pruuki=nu	d		S	pl n
         	pruuki=nud	0		A	
         	pruuki=nud	0		A	sg n
         	pruuki=nud	d		A	pl n
kui	kui	0		D	
   	@kui	0		J	
vend	vend	0		S	sg n
Jüri	Jüri	0		H	sg g
    	@Jüri	0		H	sg n
,	,			Z	
sest	see	st		P	sg el
    	@sest	0		J	
põld	põld	0		S	sg n
ei	ei	0		D	
  	@ei	0		V	neg
ole	ole	0		V	o
mitte	mitte	0		D	
täielikult	täielik	lt		A	sg abl
          	@täielikult	0		D	
pooleks	pool	ks		N	sg tr
       	pool	ks		S	sg tr
       	@pooleks	0		D	
olnud	ol=nud	0		A	
     	ol=nud	0		A	sg n
     	ol=nud	d		A	pl n
     	@ole	nud		V	nud
     	olnu	d		S	pl n
,	,			Z	
vennal	vend	l		S	sg ad
olnud	ol=nud	0		A	
     	ol=nud	0		A	sg n
     	ol=nud	d		A	pl n
     	@ole	nud		V	nud
     	olnu	d		S	pl n
natukene	@natukene	0		D	
        	natukene	0		S	sg n
rohkem	rohkem	0		D	
,	,			Z	
aga	aga	0		J	
tema	tema	0		P	sg g
    	@tema	0		P	sg n
on	@ole	0		V	b
  	ole	0		V	vad
kõik	kõik	0		P	pl n
    	kõik	0		S	sg n
    	@kõik	0		P	sg n
talu	@talu	0		S	sg g
    	talu	0		V	o
    	talu	0		S	sg n
    	talu	0		S	sg p
pooled	@pool	d		N	pl n
      	pool	d		S	pl n
maksnud	@maks	nud		V	nud
       	maks=nu	d		S	pl n
       	maks=nud	0		A	
       	maks=nud	0		A	sg n
       	maks=nud	d		A	pl n
ja	ja	0		J	
orjused	orjus	d		S	pl n
täitnud	@täit	nud		V	nud
       	täit=nu	d		S	pl n
       	täit=nud	0		A	
       	täit=nud	0		A	sg n
       	täit=nud	d		A	pl n
a	a	0		Y	?
10	10	0		N	?
rubla	rubla	0		S	sg g
     	rubla	0		S	sg n
     	@rubla	0		S	sg p
=	=			Z	
120	120	0		N	?
rubla	rubla	0		S	sg g
     	rubla	0		S	sg n
     	@rubla	0		S	sg p
4.	4.	0		O	?
talu	@talu	0		S	sg g
    	talu	0		V	o
    	talu	0		S	sg n
    	talu	0		S	sg p
kambrid	kamber	d		S	pl n
,	,			Z	
kus	kus	0		D	
sees	@sees	0		D	
    	sees	0		K	
ise	ise	0		A	
   	ise	0		D	
   	ise	0		P	pl n
   	@ise	0		P	sg n
elab	ela	b		V	b
olla	ole	a		V	da
parandatud	@paranda	tud		V	tud
          	paranda=tu	d		S	pl n
          	paranda=tud	0		A	
          	paranda=tud	0		A	sg n
          	paranda=tud	d		A	pl n
ja	ja	0		J	
mis	mis	0		P	pl n
   	@mis	0		P	sg n
peale	pea	le		S	sg all
     	@peale	0		D	
     	peale	0		K	
olla	ole	a		V	da
kaebanud	####				
	#kaeba	nud		V	nud
,	,			Z	
nõuab	nõud	b		V	b
40	40	0		N	?
rubla	rubla	0		S	sg g
     	rubla	0		S	sg n
     	@rubla	0		S	sg p
5.	5.	0		O	?
Tiidu	Tiit	0		H	sg g
talu	@talu	0		S	sg g
    	talu	0		V	o
    	talu	0		S	sg n
    	talu	0		S	sg p
maja	@maja	0		S	sg g
    	maja	0		S	sg n
    	maja	0		S	sg p
ehituse	ehitus	0		S	sg g
juurde	juur	de		S	adt
      	juurde	0		D	
      	@juurde	0		K	
maksnud	@maks	nud		V	nud
       	maks=nu	d		S	pl n
       	maks=nud	0		A	
       	maks=nud	0		A	sg n
       	maks=nud	d		A	pl n
1	1	0		N	?
vakk	vakk	0		S	sg n
rukkeid	rukis	id		S	pl p
-	-			Z	
40	40	0		N	?
leisikat	leisikas	t		S	sg p
pikki	pikk	i		A	pl p
õlgi	õlg	i		S	pl p
,	,			Z	
mis	mis	0		P	pl n
   	@mis	0		P	sg n
tagasi	@tagasi	0		D	
      	tagasi	0		K	
nõuab	nõud	b		V	b
=	=			Z	
40	40	0		N	?
rubla	rubla	0		S	sg g
     	rubla	0		S	sg n
     	@rubla	0		S	sg p
6.	6.	0		O	?
Mikkori	####				
	#Mikkori	0		H	sg g
talu	@talu	0		S	sg g
    	talu	0		V	o
    	talu	0		S	sg n
    	talu	0		S	sg p
ehituse	ehitus	0		S	sg g
juurde	juur	de		S	adt
      	juurde	0		D	
      	@juurde	0		K	
maksnud	@maks	nud		V	nud
       	maks=nu	d		S	pl n
       	maks=nud	0		A	
       	maks=nud	0		A	sg n
       	maks=nud	d		A	pl n
1	1	0		N	?
vakk	vakk	0		S	sg n
rukkeid	rukis	id		S	pl p
40	40	0		N	?
leisikat	leisikas	t		S	sg p
katuse	katus	0		S	sg g
õlgi	õlg	i		S	pl p
,	,			Z	
mis	mis	0		P	pl n
   	@mis	0		P	sg n
tagasi	@tagasi	0		D	
      	tagasi	0		K	
nõuab	nõud	b		V	b
12	12	0		N	?
rubla	rubla	0		S	sg g
     	rubla	0		S	sg n
     	@rubla	0		S	sg p
7.	7.	0		O	?
Tõnu	@Tõnu	0		H	sg g
    	Tõnu	0		H	sg n
talu	@talu	0		S	sg g
    	talu	0		V	o
    	talu	0		S	sg n
    	talu	0		S	sg p
maja	@maja	0		S	sg g
    	maja	0		S	sg n
    	maja	0		S	sg p
ehituse	ehitus	0		S	sg g
juurde	juur	de		S	adt
      	juurde	0		D	
      	@juurde	0		K	
maksnud	@maks	nud		V	nud
       	maks=nu	d		S	pl n
       	maks=nud	0		A	
       	maks=nud	0		A	sg n
       	maks=nud	d		A	pl n
1	1	0		N	?
vakk	vakk	0		S	sg n
rukkeid	rukis	id		S	pl p
,	,			Z	
40	40	0		N	?
leisikat	leisikas	t		S	sg p
katuse	katus	0		S	sg g
õlgi	õlg	i		S	pl p
,	,			Z	
mis	mis	0		P	pl n
   	@mis	0		P	sg n
tagasi	@tagasi	0		D	
      	tagasi	0		K	
nõuab	nõud	b		V	b
7	7	0		N	?
rubla	rubla	0		S	sg g
     	rubla	0		S	sg n
     	@rubla	0		S	sg p
8.	8.	0		O	?
Vainualuse	vainu_alune	0		A	sg g
	£Vainu_alune	0	H	sg g
heinamaad	heina_maa	d		S	pl n
         	@heina_maa	d		S	sg p
on	@ole	0		V	b
  	ole	0		V	vad
vend	vend	0		S	sg n
Jüri	Jüri	0		H	sg g
    	@Jüri	0		H	sg n
10	10	0		N	?
sammu	samm	0		S	adt
     	samm	0		S	sg g
     	sammu	0		V	o
     	@samm	0		S	sg p
üle	üle	0		D	
   	@üle	0		K	
heinamaa	@heina_maa	0		S	sg g
        	heina_maa	0		S	sg n
laiemalt	laiem	lt		C	sg abl
        	@laiemalt	0		D	
teinud	@tege	nud		V	nud
      	tei=nud	0		A	
      	tei=nud	0		A	sg n
      	tei=nud	d		A	pl n
      	teinu	d		S	pl n
,	,			Z	
kui	kui	0		D	
   	@kui	0		J	
tema	tema	0		P	sg g
    	@tema	0		P	sg n
,	,			Z	
nõuab	nõud	b		V	b
10	10	0		N	?
rubla	rubla	0		S	sg g
     	rubla	0		S	sg n
     	@rubla	0		S	sg p
9.	9.	0		O	?
Koplist	Kopli	st		H	sg el
       	@koppel	st		S	sg el
niitnud	@niit	nud		V	nud
       	niit=nu	d		S	pl n
       	niit=nud	0		A	
       	niit=nud	0		A	sg n
       	niit=nud	d		A	pl n
vend	vend	0		S	sg n
Jüri	Jüri	0		H	sg g
    	@Jüri	0		H	sg n
rohkem	rohkem	0		D	
ära	@ära	0		D	
   	ära	0		V	neg o
,	,			Z	
selle	@see	0		P	sg g
     	sell	e		S	pl p
eest	eest	0		D	
    	@eest	0		K	
    	esi	st		S	sg el
3	3	0		N	?
rubla	rubla	0		S	sg g
     	rubla	0		S	sg n
     	@rubla	0		S	sg p
10.	10.	0		O	?
Alavere	ala_veri	0		S	sg g
	£Alavere	0	H	sg g
küla	@küla	0		S	sg g
    	küla	0		S	sg n
    	küla	0		S	sg p
koolimaja	@kooli_maja	0		S	sg g
         	kooli_maja	0		S	sg n
         	kooli_maja	0		S	sg p
ehituse	ehitus	0		S	sg g
juures	juur	s		S	sg in
      	juures	0		D	
      	@juures	0		K	
orjus	orjus	0		S	sg n
12	12	0		N	?
rubla	rubla	0		S	sg g
     	rubla	0		S	sg n
     	@rubla	0		S	sg p
11.	11.	0		O	?
Radovere	####				
	#Radovere	0		H	sg g
küla	@küla	0		S	sg g
    	küla	0		S	sg n
    	küla	0		S	sg p
koolimaja	@kooli_maja	0		S	sg g
         	kooli_maja	0		S	sg n
         	kooli_maja	0		S	sg p
ehituse	ehitus	0		S	sg g
kulu	kulg	0		S	sg g
    	kulu	0		S	sg g
    	kulu	0		V	o
    	kulu	0		S	sg n
    	@kulu	0		S	sg p
nõuab	nõud	b		V	b
12	12	0		N	?
rubla	rubla	0		S	sg g
     	rubla	0		S	sg n
     	@rubla	0		S	sg p
12.	12.	0		O	?
Kantküla	kant_küla	0		S	sg g
        	kant_küla	0		S	sg n
        	kant_küla	0		S	sg p
	£Kant_küla	0		H	sg g
koolimaja	@kooli_maja	0		S	sg g
         	kooli_maja	0		S	sg n
         	kooli_maja	0		S	sg p
ehituse	ehitus	0		S	sg g
kulu	kulg	0		S	sg g
    	kulu	0		S	sg g
    	kulu	0		V	o
    	kulu	0		S	sg n
    	@kulu	0		S	sg p
,	,			Z	
nõuab	nõud	b		V	b
12	12	0		N	?
rubla	rubla	0		S	sg g
     	rubla	0		S	sg n
     	@rubla	0		S	sg p
13.	13.	0		O	?
Palopere	####				
	#Palopere	0		H	sg g
küla	@küla	0		S	sg g
    	küla	0		S	sg n
    	küla	0		S	sg p
koolimaja	@kooli_maja	0		S	sg g
         	kooli_maja	0		S	sg n
         	kooli_maja	0		S	sg p
ehituse	ehitus	0		S	sg g
kulu	kulg	0		S	sg g
    	kulu	0		S	sg g
    	kulu	0		V	o
    	kulu	0		S	sg n
    	@kulu	0		S	sg p
nõuab	nõud	b		V	b
12	12	0		N	?
rubla	rubla	0		S	sg g
     	rubla	0		S	sg n
     	@rubla	0		S	sg p
14.	14.	0		O	?
vend	vend	0		S	sg n
Mardi	@Mart	0		H	sg g
     	mart	0		S	sg g
3	3	0		N	?
vakka	vakk	0		S	adt
     	@vakk	0		S	sg p
     	vakka	0		D	
kaerte	kaer	te		S	pl g
eest	eest	0		D	
    	@eest	0		K	
    	esi	st		S	sg el
,	,			Z	
mis	mis	0		P	pl n
   	@mis	0		P	sg n
vend	vend	0		S	sg n
Jüri	Jüri	0		H	sg g
    	@Jüri	0		H	sg n
pidanud	@pida	nud		V	nud
       	pida=nu	d		S	pl n
       	pida=nud	0		A	
       	pida=nud	0		A	sg n
       	pida=nud	d		A	pl n
tagasi	@tagasi	0		D	
      	tagasi	0		K	
maksma	maks	ma		V	ma
,	,			Z	
nõuab	nõud	b		V	b
6	6	0		N	?
rubla	rubla	0		S	sg g
     	rubla	0		S	sg n
     	@rubla	0		S	sg p
15.	15.	0		O	?
Lohusuu	@Lohu_suu	0		H	sg g
       	Lohu_suu	0		H	sg n
silla	sild	0		S	sg g
ehituse	ehitus	0		S	sg g
kulu	kulg	0		S	sg g
    	kulu	0		S	sg g
    	kulu	0		V	o
    	kulu	0		S	sg n
    	@kulu	0		S	sg p
nõuab	nõud	b		V	b
5	5	0		N	?
rubla	rubla	0		S	sg g
     	rubla	0		S	sg n
     	@rubla	0		S	sg p
16.	16.	0		O	?
Saare	@Saare	0		H	sg g
     	saar	0		S	sg g
     	Saare	0		H	sg n
kõrtsis	kõrts	s		S	sg in
maksnud	@maks	nud		V	nud
       	maks=nu	d		S	pl n
       	maks=nud	0		A	
       	maks=nud	0		A	sg n
       	maks=nud	d		A	pl n
tema	tema	0		P	sg g
    	@tema	0		P	sg n
venna	vend	0		S	sg g
Jüri	@Jüri	0		H	sg g
    	Jüri	0		H	sg n
eest	eest	0		D	
    	@eest	0		K	
    	esi	st		S	sg el
selle	@see	0		P	sg g
     	sell	e		S	pl p
rehnungi	rehnung	0		S	sg g
,	,			Z	
mis	mis	0		P	pl n
   	@mis	0		P	sg n
tagasi	@tagasi	0		D	
      	tagasi	0		K	
ei	ei	0		D	
  	@ei	0		V	neg
ole	ole	0		V	o
saanud	@saa	nud		V	nud
      	saa=nud	0		A	
      	saa=nud	0		A	sg n
      	saa=nud	d		A	pl n
      	saanu	d		S	pl n
6	6	0		N	?
rubla	rubla	0		S	sg g
     	rubla	0		S	sg n
     	@rubla	0		S	sg p
17.	17.	0		O	?
üks	@üks	0		N	sg n
   	üks	0		P	sg n
rautatud	@rauta	tud		V	tud
        	rauta=tu	d		S	pl n
        	rauta=tud	0		A	
        	rauta=tud	0		A	sg n
        	rauta=tud	d		A	pl n
hea	hea	0		A	sg g
   	hea	0		A	sg n
   	hea	0		S	sg g
   	@hea	0		S	sg n
tegi	sina	0	gi	P	pl g
    	tege	i		V	s
    	sina	0	gi	P	pl n
	¤
,	,			Z	
mis	mis	0		P	pl n
   	@mis	0		P	sg n
vend	vend	0		S	sg n
Jüri	Jüri	0		H	sg g
    	@Jüri	0		H	sg n
tema	@tema	0		P	sg g
    	tema	0		P	sg n
käest	@käest	0		K	
     	käsi	st		S	sg el
saanud	@saa	nud		V	nud
      	saa=nud	0		A	
      	saa=nud	0		A	sg n
      	saa=nud	d		A	pl n
      	saanu	d		S	pl n
ja	ja	0		J	
pole	ole	0		V	neg o
selle	@see	0		P	sg g
     	sell	e		S	pl p
eest	eest	0		D	
    	@eest	0		K	
    	esi	st		S	sg el
maksnud	@maks	nud		V	nud
       	maks=nu	d		S	pl n
       	maks=nud	0		A	
       	maks=nud	0		A	sg n
       	maks=nud	d		A	pl n
7	7	0		N	?
rubla	rubla	0		S	sg g
     	rubla	0		S	sg n
     	@rubla	0		S	sg p
Summa	summ	0		S	adt
     	summ	0		S	sg g
     	summ	0		S	sg p
     	summa	0		S	sg g
     	@summa	0		S	sg n
kokku	@kokku	0		D	
     	kogu	0		S	adt
1871	1871	0		N	?
rubla	rubla	0		S	sg g
     	rubla	0		S	sg n
     	@rubla	0		S	sg p
Jüri	Jüri	0		H	sg g
    	@Jüri	0		H	sg n
Berg	Berg	0		H	sg n
Jaan	@Jaan	0		H	sg n
    	jaan	0		S	sg n
    	jaan	0		Y	?
Bergi	Berg	0		H	adt
     	@Berg	0		H	sg g
     	Berg	0		H	sg p
vend	vend	0		S	sg n
ja	ja	0		J	
Eriku	Erik	0		H	sg g
	£Eriku	0		H	sg g
talu	@talu	0		S	sg g
    	talu	0		V	o
    	talu	0		S	sg n
    	talu	0		S	sg p
rentnik	rentnik	0		S	sg n
kostab	kost	b		V	b
venna	vend	0		S	sg g
Jaani	Jaan	0		H	adt
     	@Jaan	0		H	sg g
     	Jaani	0		H	sg g
     	jaan	0		S	adt
     	jaan	0		S	sg g
     	Jaan	0		H	sg p
     	Jaani	0		H	sg n
     	jaan	0		S	sg p
kaebuse	kaebus	0		S	sg g
peale	pea	le		S	sg all
     	peale	0		D	
     	@peale	0		K	
:	:			Z	
ad	####				
	¤
.	.			Z	
1.	1.	0		O	?
ütleb	ütle	b		V	b
vend	vend	0		S	sg n
Jaani	Jaan	0		H	adt
     	@Jaan	0		H	sg g
     	Jaani	0		H	sg g
     	jaan	0		S	adt
     	jaan	0		S	sg g
     	Jaan	0		H	sg p
     	Jaani	0		H	sg n
     	jaan	0		S	sg p
käes	@käes	0		K	
    	käsi	s		S	sg in
on	@ole	0		V	b
  	ole	0		V	vad
tema	@tema	0		P	sg g
    	tema	0		P	sg n
talu	@talu	0		S	sg g
    	talu	0		V	o
    	talu	0		S	sg n
    	talu	0		S	sg p
pooled	@pool	d		N	pl n
      	pool	d		S	pl n
maad	@maa	d		S	pl n
    	maa	d		S	sg p
pruuki	pruuk	0		S	adt
      	@pruuk	0		S	sg p
olnud	ol=nud	0		A	
     	ol=nud	0		A	sg n
     	ol=nud	d		A	pl n
     	@ole	nud		V	nud
     	olnu	d		S	pl n
12	12	0		N	?
aastat	aasta	t		S	sg p
,	,			Z	
kus	kus	0		D	
tema	tema	0		P	sg g
    	@tema	0		P	sg n
kui	kui	0		D	
   	@kui	0		J	
peremees	pere_mees	0		S	sg n
nende	@see	de		P	pl g
     	tema	de		P	pl g
poole	@pool	0		N	sg g
     	pool	0		S	sg g
     	pool	e		S	pl p
     	poole	0		K	
     	poole	0		S	sg n
maade	maa	de		S	pl g
üle	üle	0		D	
   	@üle	0		K	
valitsenud	@valitse	nud		V	nud
          	valitse=nu	d		S	pl n
          	valitse=nud	0		A	
          	valitse=nud	0		A	sg n
          	valitse=nud	d		A	pl n
ja	ja	0		J	
selle	@see	0		P	sg g
     	sell	e		S	pl p
Eriku	Erik	0		H	sg g
	£Eriku	0		H	sg g
talu	@talu	0		S	sg g
    	talu	0		V	o
    	talu	0		S	sg n
    	talu	0		S	sg p
poole	@pool	0		N	sg g
     	pool	0		S	sg g
     	pool	e		S	pl p
     	poole	0		K	
     	poole	0		S	sg n
maade	maa	de		S	pl g
eest	eest	0		D	
    	@eest	0		K	
    	esi	st		S	sg el
kõik	@kõik	0		P	pl n
    	kõik	0		S	sg n
    	kõik	0		P	sg n
rent	rent	0		S	sg n
ja	ja	0		J	
orjus	orjus	0		S	sg n
on	@ole	0		V	b
  	ole	0		V	vad
pidanud	@pida	nud		V	nud
       	pida=nu	d		S	pl n
       	pida=nud	0		A	
       	pida=nud	0		A	sg n
       	pida=nud	d		A	pl n
täitma	täit	ma		V	ma
,	,			Z	
ja	ja	0		J	
mitte	mitte	0		D	
tema	@tema	0		P	sg g
    	tema	0		P	sg n
sulane	@sulane	0		S	sg n
      	sulane	0		V	o
ei	ei	0		D	
  	@ei	0		V	neg
ole	ole	0		V	o
olnud	ol=nud	0		A	
     	ol=nud	0		A	sg n
     	ol=nud	d		A	pl n
     	@ole	nud		V	nud
     	olnu	d		S	pl n
,	,			Z	
mis	mis	0		P	pl n
   	@mis	0		P	sg n
eest	@eest	0		D	
    	eest	0		K	
    	esi	st		S	sg el
palka	palk	0		S	adt
     	palka	0		V	o
     	@palk	0		S	sg p
nõuab	nõud	b		V	b
,	,			Z	
siis	siis	0		D	
    	@siis	0		J	
ei	ei	0		D	
  	@ei	0		V	neg
ole	ole	0		V	o
temal	tema	l		P	sg ad
sellele	see	le		P	sg all
mitte	mitte	0		D	
sulase	sulane	0		S	sg g
palka	palk	0		S	adt
     	palka	0		V	o
     	@palk	0		S	sg p
maksta	@maks	ta		V	da
      	maks	ta		V	ta
ja	ja	0		J	
et	et	0		J	
tema	tema	0		P	sg g
    	@tema	0		P	sg n
nüüd	nüüd	0		D	
see	see	0		P	sg n
oma	oma	0		A	sg g
   	oma	0		D	
   	@oma	0		P	sg g
   	oma	0		S	sg g
   	oma	0		V	o
   	oma	0		A	sg n
   	oma	0		A	sg p
   	oma	0		P	sg n
   	oma	0		P	sg p
   	oma	0		S	sg n
   	oma	0		S	sg p
talu	talu	0		S	sg g
    	talu	0		V	o
    	@talu	0		S	sg n
    	talu	0		S	sg p
Kõrge	@kõrge	0		A	sg g
     	kõrge	0		A	sg n
Kroonu	@kroonu	0		S	sg g
      	kroonu	0		S	sg n
käest	@käest	0		K	
     	käsi	st		S	sg el
ära	@ära	0		D	
   	ära	0		V	neg o
ostab	ost	b		V	b
,	,			Z	
ja	ja	0		J	
vend	vend	0		S	sg n
Jaan	@Jaan	0		H	sg n
    	jaan	0		S	sg n
    	jaan	0		Y	?
seda	see	da		P	sg p
ostmise	ostmine	0		S	sg g
protsenti	protsent	0		S	adt
         	@protsent	0		S	sg p
ei	ei	0		D	
  	@ei	0		V	neg
taha	@taht	0		V	o
    	taha	0		D	
    	taha	0		K	
maksta	@maks	ta		V	da
      	maks	ta		V	ta
ja	ja	0		J	
selle	@see	0		P	sg g
     	sell	e		S	pl p
pärast	pära	st		S	sg el
      	pärane	t		A	sg p
      	pärast	0		D	
      	@pärast	0		K	
pooled	@pool	d		N	pl n
      	pool	d		S	pl n
maad	@maa	d		S	pl n
    	maa	d		S	sg p
tagasi	@tagasi	0		D	
      	tagasi	0		K	
annab	and	b		V	b
,	,			Z	
siis	siis	0		D	
    	@siis	0		J	
ei	@ei	0		D	
  	ei	0		V	neg
ole	ole	0		V	o
temal	tema	l		P	sg ad
selle	@see	0		P	sg g
     	sell	e		S	pl p
juures	juur	s		S	sg in
      	juures	0		D	
      	@juures	0		K	
mitte	mitte	0		D	
süüd	süü	d		S	pl n
    	süüd	0		S	sg n
    	@süü	d		S	sg p
,	,			Z	
aga	aga	0		J	
poole	@pool	0		N	sg g
     	pool	0		S	sg g
     	pool	e		S	pl p
     	poole	0		K	
     	poole	0		S	sg n
maade	maa	de		S	pl g
õigust	õigus	t		S	sg p
ei	ei	0		D	
  	@ei	0		V	neg
luba	luba	0		S	sg n
    	@luba	0		V	o
    	luba	0		S	sg p
tema	tema	0		P	sg g
    	@tema	0		P	sg n
mitte	mitte	0		D	
venna	vend	0		S	sg g
Jaanile	@Jaan	le		H	sg all
       	Jaani	le		H	sg all
       	jaan	le		S	sg all
ostmise	ostmine	0		S	sg g
kontrahtis	####				
	#kontraht	s		S	sg in
anda	and	a		V	da
.	.			Z	
Ad	####				
	¤
.	.			Z	
2.	2.	0		O	?
peale	pea	le		S	sg all
     	peale	0		D	
     	@peale	0		K	
kostab	kost	b		V	b
Jüri	Jüri	0		H	sg g
    	@Jüri	0		H	sg n
Berg	Berg	0		H	sg n
,	,			Z	
et	et	0		J	
nende	see	de		P	pl g
     	@tema	de		P	pl g
isa	isa	0		S	sg g
   	@isa	0		S	sg n
   	isa	0		S	sg p
on	@ole	0		V	b
  	ole	0		V	vad
siiasaadik	siia_saadik	0		D	
töötegija	töö_tegija	0		S	sg g
         	@töö_tegija	0		S	sg n
olnud	ol=nud	0		A	
     	ol=nud	0		A	sg n
     	ol=nud	d		A	pl n
     	@ole	nud		V	nud
     	olnu	d		S	pl n
,	,			Z	
ise	ise	0		A	
   	ise	0		D	
   	ise	0		P	pl n
   	@ise	0		P	sg n
ennast	ise	t		P	sg p
oma	oma	0		A	sg g
   	oma	0		D	
   	@oma	0		P	sg g
   	oma	0		S	sg g
   	oma	0		V	o
   	oma	0		A	sg n
   	oma	0		A	sg p
   	oma	0		P	sg n
   	oma	0		P	sg p
   	oma	0		S	sg n
   	oma	0		S	sg p
tööga	töö	ga		S	sg kom
toitnud	@toit	nud		V	nud
       	toit=nu	d		S	pl n
       	toit=nud	0		A	
       	toit=nud	0		A	sg n
       	toit=nud	d		A	pl n
ja	ja	0		J	
katnud	@kat	nud		V	nud
      	kat=nu	d		S	pl n
      	kat=nud	0		A	
      	kat=nud	0		A	sg n
      	kat=nud	d		A	pl n
vahel	vahe	l		S	sg ad
     	@vahel	0		D	
     	vahel	0		K	
võõraste	võõras	te		A	pl g
        	@võõras	te		S	pl g
juures	juur	s		S	sg in
      	juures	0		D	
      	@juures	0		K	
orjanud	@orja	nud		V	nud
       	orja=nu	d		S	pl n
       	orja=nud	0		A	
       	orja=nud	0		A	sg n
       	orja=nud	d		A	pl n
ja	ja	0		J	
ei	ei	0		D	
  	@ei	0		V	neg
ole	ole	0		V	o
mitte	mitte	0		D	
prii	@prii	0		A	sg g
    	prii	0		A	sg n
pärast	pära	st		S	sg el
      	pärane	t		A	sg p
      	pärast	0		D	
      	@pärast	0		K	
ülalpidamist	ülal_pidamine	t		S	sg p
ja	ja	0		J	
katmist	katmine	t		S	sg p
tarvitanud	@tarvita	nud		V	nud
          	tarvita=nu	d		S	pl n
          	tarvita=nud	0		A	
          	tarvita=nud	0		A	sg n
          	tarvita=nud	d		A	pl n
.	.			Z	
Ad	####				
	¤
.	.			Z	
3.	3.	0		O	?
kostab	kost	b		V	b
Jüri	Jüri	0		H	sg g
    	@Jüri	0		H	sg n
Berg	Berg	0		H	sg n
,	,			Z	
et	et	0		J	
selle	@see	0		P	sg g
     	sell	e		S	pl p
talu	@talu	0		S	sg g
    	talu	0		V	o
    	talu	0		S	sg n
    	talu	0		S	sg p
põllud	põld	d		S	pl n
ühe	üks	0		N	sg g
   	@üks	0		P	sg g
   	ühe	0		S	sg n
suurused	@suurune	d		A	pl n
        	suurus	d		S	pl n
vennaga	vend	ga		S	sg kom
olema	ole	ma		V	ma
ja	ja	0		J	
vend	vend	0		S	sg n
Jaan	@Jaan	0		H	sg n
    	jaan	0		S	sg n
    	jaan	0		Y	?
olnud	ol=nud	0		A	
     	ol=nud	0		A	sg n
     	ol=nud	d		A	pl n
     	@ole	nud		V	nud
     	olnu	d		S	pl n
ise	ise	0		A	
   	ise	0		D	
   	ise	0		P	pl n
   	@ise	0		P	sg n
selle	@see	0		P	sg g
     	sell	e		S	pl p
talu	@talu	0		S	sg g
    	talu	0		V	o
    	talu	0		S	sg n
    	talu	0		S	sg p
maade	maa	de		S	pl g
ja	ja	0		J	
põldude	põld	de		S	pl g
poolitamise	poolita=mine	0		S	sg g
juures	juur	s		S	sg in
      	juures	0		D	
      	@juures	0		K	
olnud	ol=nud	0		A	
     	ol=nud	0		A	sg n
     	ol=nud	d		A	pl n
     	@ole	nud		V	nud
     	olnu	d		S	pl n
ja	ja	0		J	
ajanud	@aja	nud		V	nud
      	aja=nu	d		S	pl n
      	aja=nud	0		A	
      	aja=nud	0		A	sg n
      	aja=nud	d		A	pl n
ise	ise	0		A	
   	@ise	0		D	
   	ise	0		P	pl n
   	ise	0		P	sg n
peenrad	peenar	d		S	pl n
sisse	siss	e		S	pl p
     	@sisse	0		D	
     	sisse	0		K	
.	.			Z	
Ad	####				
	¤
.	.			Z	
4.	4.	0		O	?
peale	pea	le		S	sg all
     	peale	0		D	
     	@peale	0		K	
kostab	kost	b		V	b
,	,			Z	
et	et	0		J	
seda	see	da		P	sg p
kambrit	kamber	t		S	sg p
kõbinud	@kõbi	nud		V	nud
       	kõbi=nu	d		S	pl n
       	kõbi=nud	0		A	
       	kõbi=nud	0		A	sg n
       	kõbi=nud	d		A	pl n
ja	ja	0		J	
parandanud	@paranda	nud		V	nud
          	paranda=nu	d		S	pl n
          	paranda=nud	0		A	
          	paranda=nud	0		A	sg n
          	paranda=nud	d		A	pl n
,	,			Z	
kus	kus	0		D	
tema	tema	0		P	sg g
    	@tema	0		P	sg n
ise	ise	0		A	
   	ise	0		D	
   	ise	0		P	pl n
   	@ise	0		P	sg n
sees	@sees	0		D	
    	sees	0		K	
elab	ela	b		V	b
ja	ja	0		J	
sellepärast	selle_pärast	0		D	
midagi	miski	dagi		P	sg p
parandamise	parandamine	0		S	sg g
kulu	kulg	0		S	sg g
    	kulu	0		S	sg g
    	kulu	0		V	o
    	kulu	0		S	sg n
    	@kulu	0		S	sg p
nõuda	nõud	a		V	da
ei	ei	0		D	
  	@ei	0		V	neg
või	või	0		S	sg g
   	@või	0		V	o
   	või	0		D	
   	või	0		J	
   	või	0		S	sg n
.	.			Z	
Ad	####				
	¤
.	.			Z	
5.	5.	0		O	?
6.	6.	0		O	?
7.	7.	0		O	?
peale	pea	le		S	sg all
     	peale	0		D	
     	@peale	0		K	
kostab	kost	b		V	b
,	,			Z	
et	et	0		J	
vend	vend	0		S	sg n
Jaan	@Jaan	0		H	sg n
    	jaan	0		S	sg n
    	jaan	0		Y	?
Eriku	Erik	0		H	sg g
	£Eriku	0		H	sg g
talu	@talu	0		S	sg g
    	talu	0		V	o
    	talu	0		S	sg n
    	talu	0		S	sg p
pooled	@pool	d		N	pl n
      	pool	d		S	pl n
maad	@maa	d		S	pl n
    	maa	d		S	sg p
pruukinud	@pruuki	nud		V	nud
         	pruuki=nu	d		S	pl n
         	pruuki=nud	0		A	
         	pruuki=nud	0		A	sg n
         	pruuki=nud	d		A	pl n
ja	ja	0		J	
seal	@seal	0		D	
    	siga	l		A	sg ad
    	siga	l		S	sg ad
sees	@sees	0		D	
    	sees	0		K	
kui	kui	0		D	
   	@kui	0		J	
peremees	pere_mees	0		S	sg n
oli	ole	i		V	s
,	,			Z	
siis	siis	0		D	
    	@siis	0		J	
pidi	@pida	i		V	s
    	pidi	0		K	
tema	tema	0		P	sg g
    	@tema	0		P	sg n
ka	ka	0		D	
kõik	kõik	0		P	pl n
    	kõik	0		S	sg n
    	@kõik	0		P	sg n
selle	@see	0		P	sg g
     	sell	e		S	pl p
talu	@talu	0		S	sg g
    	talu	0		V	o
    	talu	0		S	sg n
    	talu	0		S	sg p
poole	@pool	0		N	sg g
     	pool	0		S	sg g
     	pool	e		S	pl p
     	poole	0		K	
     	poole	0		S	sg n
maade	maa	de		S	pl g
peal	pea	l		S	sg ad
    	peal	0		D	
    	@peal	0		K	
seisev	@seis	ev		V	v
      	seisev	0		A	sg n
orjus	@orjus	0		S	sg n
ja	ja	0		J	
valla	@vald	0		S	sg g
     	valla	0		D	
kui	kui	0		D	
   	@kui	0		J	
ka	ka	0		D	
küla	@küla	0		S	sg g
    	küla	0		S	sg n
    	küla	0		S	sg p
ehitus	ehitu	s		V	s
      	ehitud	s		A	sg in
      	@ehitus	0		S	sg n
täitma	täit	ma		V	ma
ja	ja	0		J	
tegema	tege	ma		V	ma
ja	ja	0		J	
temal	tema	l		P	sg ad
midagi	miski	dagi		P	sg p
tagasimaksmist	tagasi_maksmine	t		S	sg p
ei	ei	0		D	
  	@ei	0		V	neg
ole	ole	0		V	o
.	.			Z	
Ad	####				
	¤
.	.			Z	
8.	8.	0		O	?
Vainoaluse	####				
	#Vaino_alune	0		H	sg g
heinamaa	heina_maa	0		S	sg g
        	heina_maa	0		S	sg n
	£heina_maa	0		S	sg
on	ole	0		V	b
  	@ole	0		V	vad
nemad	tema	d		P	pl n
venna	vend	0		S	sg g
Jaaniga	@Jaan	ga		H	sg kom
       	Jaani	ga		H	sg kom
       	jaan	ga		S	sg kom
vahetuse	vahetus	0		S	sg g
viisil	viis	l		S	sg ad
      	@viisil	0		K	
pruukinud	@pruuki	nud		V	nud
         	pruuki=nu	d		S	pl n
         	pruuki=nud	0		A	
         	pruuki=nud	0		A	sg n
         	pruuki=nud	d		A	pl n
,	,			Z	
nii	nii	0		D	
et	et	0		J	
üks	üks	0		N	sg n
   	@üks	0		P	sg n
aasta	aasta	0		S	sg g
     	@aasta	0		S	sg n
seda	see	da		P	sg p
heinamaad	heina_maa	d		S	pl n
         	@heina_maa	d		S	sg p
tema	tema	0		P	sg g
    	@tema	0		P	sg n
ja	ja	0		J	
teine	teine	0		O	sg n
     	@teine	0		P	sg n
aasta	aasta	0		S	sg g
     	@aasta	0		S	sg n
jälle	jälle	0		D	
vend	vend	0		S	sg n
Jaan	@Jaan	0		H	sg n
    	jaan	0		S	sg n
    	jaan	0		Y	?
on	@ole	0		V	b
  	ole	0		V	vad
niitnud	@niit	nud		V	nud
       	niit=nu	d		S	pl n
       	niit=nud	0		A	
       	niit=nud	0		A	sg n
       	niit=nud	d		A	pl n
ja	ja	0		J	
selle	@see	0		P	sg g
     	sell	e		S	pl p
juures	juur	s		S	sg in
      	juures	0		D	
      	@juures	0		K	
midagi	miski	dagi		P	sg p
ülekohut	üle_kohus	t		S	sg p
ei	ei	0		D	
  	@ei	0		V	neg
ole	ole	0		V	o
sündinud	@sündi	nud		V	nud
        	sündinu	d		S	pl n
        	sündinud	0		A	
        	sündinud	0		A	sg n
        	sündinud	d		A	pl n
.	.			Z	
Ad	####				
	¤
.	.			Z	
9.	9.	0		O	?
Niisama	nii_sama	0		D	
on	@ole	0		V	b
  	ole	0		V	vad
koppel	koppel	0		S	sg n
vahetuse	vahetus	0		S	sg g
viisil	viis	l		S	sg ad
      	@viisil	0		K	
niidetud	@niit	tud		V	tud
        	niide=tu	d		S	pl n
        	niide=tud	0		A	
        	niide=tud	0		A	sg n
        	niide=tud	d		A	pl n
saanud	@saa	nud		V	nud
      	saa=nud	0		A	
      	saa=nud	0		A	sg n
      	saa=nud	d		A	pl n
      	saanu	d		S	pl n
ja	ja	0		J	
vennal	vend	l		S	sg ad
Jaanil	@Jaan	l		H	sg ad
      	Jaani	l		H	sg ad
      	jaan	l		S	sg ad
selle	@see	0		P	sg g
     	sell	e		S	pl p
juures	juur	s		S	sg in
      	juures	0		D	
      	@juures	0		K	
midagi	miski	dagi		P	sg p
nõudmist	nõudmine	t		S	sg p
ei	ei	0		D	
  	@ei	0		V	neg
ole	ole	0		V	o
.	.			Z	
Ad	####				
	¤
.	.			Z	
10.	10.	0		O	?
11.	11.	0		O	?
12.	12.	0		O	?
ja	ja	0		J	
13.	13.	0		O	?
Kostab	kost	b		V	b
Jüri	Jüri	0		H	sg g
    	@Jüri	0		H	sg n
Berg	Berg	0		H	sg n
,	,			Z	
et	et	0		J	
vend	vend	0		S	sg n
Jaan	@Jaan	0		H	sg n
    	jaan	0		S	sg n
    	jaan	0		Y	?
,	,			Z	
Eriku	Erik	0		H	sg g
	£Eriku	0		H	sg g
talu	@talu	0		S	sg g
    	talu	0		V	o
    	talu	0		S	sg n
    	talu	0		S	sg p
pooled	@pool	d		N	pl n
      	pool	d		S	pl n
maad	@maa	d		S	pl n
    	maa	d		S	sg p
pruukinud	@pruuki	nud		V	nud
         	pruuki=nu	d		S	pl n
         	pruuki=nud	0		A	
         	pruuki=nud	0		A	sg n
         	pruuki=nud	d		A	pl n
ja	ja	0		J	
selle	@see	0		P	sg g
     	sell	e		S	pl p
järele	järele	0		D	
      	@järele	0		K	
siis	@siis	0		D	
    	siis	0		J	
kui	kui	0		D	
   	@kui	0		J	
peremees	pere_mees	0		S	sg n
kõik	kõik	0		P	pl n
    	kõik	0		S	sg n
    	@kõik	0		P	sg n
selle	@see	0		P	sg g
     	sell	e		S	pl p
poole	@pool	0		N	sg g
     	pool	0		S	sg g
     	pool	e		S	pl p
     	poole	0		K	
     	poole	0		S	sg n
talu	@talu	0		S	sg g
    	talu	0		V	o
    	talu	0		S	sg n
    	talu	0		S	sg p
peal	pea	l		S	sg ad
    	peal	0		D	
    	@peal	0		K	
seisev	@seis	ev		V	v
      	seisev	0		A	sg n
valla	@vald	0		S	sg g
     	valla	0		D	
kui	kui	0		D	
   	@kui	0		J	
ka	ka	0		D	
kroonu	@kroonu	0		S	sg g
      	kroonu	0		S	sg n
maks	maks	0		S	sg n
,	,			Z	
mis	mis	0		P	pl n
   	@mis	0		P	sg n
selle	@see	0		P	sg g
     	sell	e		S	pl p
aja	@aeg	0		S	sg g
   	aja	0		V	o
sees	sees	0		D	
    	@sees	0		K	
peale	pea	le		S	sg all
     	@peale	0		D	
     	peale	0		K	
tuli	tuli	0		S	sg n
    	@tule	i		V	s
täitma	täit	ma		V	ma
pidi	@pida	i		V	s
    	pidi	0		K	
ning	ning	0		J	
temal	tema	l		P	sg ad
midagi	miski	dagi		P	sg p
enam	enam	0		C	sg n
    	@enam	0		D	
selle	@see	0		P	sg g
     	sell	e		S	pl p
eest	eest	0		D	
    	@eest	0		K	
    	esi	st		S	sg el
tagasi	@tagasi	0		D	
      	tagasi	0		K	
nõudmist	nõudmine	t		S	sg p
ei	ei	0		D	
  	@ei	0		V	neg
olla	ole	a		V	da
.	.			Z	
Ad	####				
	¤
.	.			Z	
14.	14.	0		O	?
peale	pea	le		S	sg all
     	peale	0		D	
     	@peale	0		K	
kostab	kost	b		V	b
Jüri	Jüri	0		H	sg g
    	@Jüri	0		H	sg n
Berg	Berg	0		H	sg n
,	,			Z	
et	et	0		J	
tema	tema	0		P	sg g
    	@tema	0		P	sg n
venna	vend	0		S	sg g
Marti	Mart	0		H	adt
     	Mart	0		H	sg p
     	mart	0		S	adt
     	mart	0		S	sg p
	£Mart	0		H	sg g
kaertest	kaer	test		S	pl el
midagi	miski	dagi		P	sg p
ei	ei	0		D	
  	@ei	0		V	neg
tea	tead	0		V	o
,	,			Z	
mis	mis	0		P	pl n
   	@mis	0		P	sg n
oleks	ole	ks		V	ks
tema	@tema	0		P	sg g
    	tema	0		P	sg n
peale	pea	le		S	sg all
     	peale	0		D	
     	@peale	0		K	
maksta	@maks	ta		V	da
      	maks	ta		V	ta
jäänud	@jää	nud		V	nud
      	jäänu	d		S	pl n
      	jäänud	0		A	
      	jäänud	0		A	sg n
      	jäänud	d		A	pl n
.	.			Z	
Ad	####				
	¤
.	.			Z	
15	15	0		N	?
peale	pea	le		S	sg all
     	peale	0		D	
     	@peale	0		K	
kostab	kost	b		V	b
,	,			Z	
et	et	0		J	
vend	vend	0		S	sg n
Jaan	@Jaan	0		H	sg n
    	jaan	0		S	sg n
    	jaan	0		Y	?
Lohusuu	@Lohu_suu	0		H	sg g
       	Lohu_suu	0		H	sg n
silla	sild	0		S	sg g
ehituse	ehitus	0		S	sg g
kulu	kulg	0		S	sg g
    	@kulu	0		S	sg g
    	kulu	0		V	o
    	kulu	0		S	sg n
    	kulu	0		S	sg p
poole	@pool	0		N	sg g
     	pool	0		S	sg g
     	pool	e		S	pl p
     	poole	0		K	
     	poole	0		S	sg n
maade	maa	de		S	pl g
eest	eest	0		D	
    	@eest	0		K	
    	esi	st		S	sg el
õigusega	õigus	ga		S	sg kom
maksma	maks	ma		V	ma
pidi	@pida	i		V	s
    	pidi	0		K	
,	,			Z	
et	et	0		J	
tema	tema	0		P	sg g
    	@tema	0		P	sg n
selle	@see	0		P	sg g
     	sell	e		S	pl p
Eriku	Erik	0		H	sg g
	£Eriku	0		H	sg g
talu	@talu	0		S	sg g
    	talu	0		V	o
    	talu	0		S	sg n
    	talu	0		S	sg p
pooled	@pool	d		N	pl n
      	pool	d		S	pl n
maad	@maa	d		S	pl n
    	maa	d		S	sg p
pruukis	pruuki	s		V	s
ja	ja	0		J	
tagasi	@tagasi	0		D	
      	tagasi	0		K	
nõudmist	nõudmine	t		S	sg p
selle	@see	0		P	sg g
     	sell	e		S	pl p
üle	üle	0		D	
   	@üle	0		K	
ei	ei	0		D	
  	@ei	0		V	neg
ole	ole	0		V	o
.	.			Z	
Ad	####				
	¤
.	.			Z	
16.	16.	0		O	?
peale	pea	le		S	sg all
     	peale	0		D	
     	@peale	0		K	
kostab	kost	b		V	b
Jüri	Jüri	0		H	sg g
    	@Jüri	0		H	sg n
Berg	Berg	0		H	sg n
,	,			Z	
et	et	0		J	
vend	vend	0		S	sg n
Jaan	@Jaan	0		H	sg n
    	jaan	0		S	sg n
    	jaan	0		Y	?
tema	@tema	0		P	sg g
    	tema	0		P	sg n
eest	eest	0		D	
    	@eest	0		K	
    	esi	st		S	sg el
Saare	@Saare	0		H	sg g
     	saar	0		S	sg g
     	Saare	0		H	sg n
kõrtsis	kõrts	s		S	sg in
6	6	0		N	?
rubla	rubla	0		S	sg g
     	rubla	0		S	sg n
     	@rubla	0		S	sg p
Rehnungit	rehnung	t		S	sg p
maksnud	@maks	nud		V	nud
       	maks=nu	d		S	pl n
       	maks=nud	0		A	
       	maks=nud	0		A	sg n
       	maks=nud	d		A	pl n
ja	ja	0		J	
lubab	luba	b		V	b
seda	see	da		P	sg p
raha	raha	0		S	sg g
    	raha	0		S	sg n
    	@raha	0		S	sg p
6	6	0		N	?
rubla	rubla	0		S	sg g
     	rubla	0		S	sg n
     	@rubla	0		S	sg p
vennale	vend	le		S	sg all
tagasi	@tagasi	0		D	
      	tagasi	0		K	
maksta	@maks	ta		V	da
      	maks	ta		V	ta
.	.			Z	
Ad	####				
	¤
.	.			Z	
17.	17.	0		O	?
kostab	kost	b		V	b
Jüri	Jüri	0		H	sg g
    	@Jüri	0		H	sg n
Berg	Berg	0		H	sg n
,	,			Z	
et	et	0		J	
olla	ole	a		V	da
venna	vend	0		S	sg g
Jaani	Jaan	0		H	adt
     	@Jaan	0		H	sg g
     	Jaani	0		H	sg g
     	jaan	0		S	adt
     	jaan	0		S	sg g
     	Jaan	0		H	sg p
     	Jaani	0		H	sg n
     	jaan	0		S	sg p
käest	@käest	0		K	
     	käsi	st		S	sg el
üks	üks	0		N	sg n
   	@üks	0		P	sg n
regi	regi	0		S	sg n
,	,			Z	
mis	mis	0		P	pl n
   	@mis	0		P	sg n
arvata	@arva	ta		V	da
      	arva	ta		V	ta
      	arvata	0		D	
3	3	0		N	?
rubla	rubla	0		S	sg g
     	rubla	0		S	sg n
     	@rubla	0		S	sg p
väärt	väärt	0		A	
     	@väärt	0		D	
saanud	@saa	nud		V	nud
      	saa=nud	0		A	
      	saa=nud	0		A	sg n
      	saa=nud	d		A	pl n
      	saanu	d		S	pl n
ja	ja	0		J	
mis	mis	0		P	pl n
   	@mis	0		P	sg n
tema	@tema	0		P	sg g
    	tema	0		P	sg n
käes	@käes	0		K	
    	käsi	s		S	sg in
katki	katki	0		D	
läinud	@läinu	d		S	pl n
      	läinud	0		A	
      	läinud	0		A	sg n
      	läinud	d		A	pl n
      	mine	nud		V	nud
ja	ja	0		J	
lubab	luba	b		V	b
see	see	0		P	sg n
regi	regi	0		S	sg n
maksta	@maks	ta		V	da
      	maks	ta		V	ta
.	.			Z	
Kohtumõistus	kohtu_mõistus	0		S	sg n
:	:			Z	
ad	####				
	¤
.	.			Z	
1.	1.	0		O	?
palga	palk	0		S	sg g
nõudmine	nõudmine	0		S	sg n
tühja	@tühi	0		A	adt
     	tühi	0		A	sg g
     	tühi	0		A	sg p
arvata	@arva	ta		V	da
      	arva	ta		V	ta
      	arvata	0		D	
,	,			Z	
et	et	0		J	
Jaan	@Jaan	0		H	sg n
    	jaan	0		S	sg n
    	jaan	0		Y	?
Berg	Berg	0		H	sg n
mitte	mitte	0		D	
Jüri	Jüri	0		H	sg g
    	@Jüri	0		H	sg n
Bergi	Berg	0		H	adt
     	@Berg	0		H	sg g
     	Berg	0		H	sg p
sulane	@sulane	0		S	sg n
      	sulane	0		V	o
ei	ei	0		D	
  	@ei	0		V	neg
ole	ole	0		V	o
olnud	ol=nud	0		A	
     	ol=nud	0		A	sg n
     	ol=nud	d		A	pl n
     	@ole	nud		V	nud
     	olnu	d		S	pl n
,	,			Z	
vaid	vaid	0		D	
    	@vaid	0		J	
ise	ise	0		A	
   	ise	0		D	
   	ise	0		P	pl n
   	@ise	0		P	sg n
Eriku	Erik	0		H	sg g
	£Eriku	0		H	sg g
talu	@talu	0		S	sg g
    	talu	0		V	o
    	talu	0		S	sg n
    	talu	0		S	sg p
poole	@pool	0		N	sg g
     	pool	0		S	sg g
     	pool	e		S	pl p
     	poole	0		K	
     	poole	0		S	sg n
maade	maa	de		S	pl g
peremees	pere_mees	0		S	sg n
oli	ole	i		V	s
.	.			Z	
Ad	####				
	¤
.	.			Z	
2.	2.	0		O	?
vana	vana	0		A	sg g
    	@vana	0		A	sg n
    	vana	0		A	sg p
    	vana	0		S	sg g
    	vana	0		S	sg n
    	vana	0		S	sg p
isa	isa	0		S	sg g
   	@isa	0		S	sg n
   	isa	0		S	sg p
ei	ei	0		D	
  	@ei	0		V	neg
ole	ole	0		V	o
siiasaadik	siia_saadik	0		D	
priitoitmist	prii_toitmine	t		S	sg p
ega	ega	0		D	
   	@ega	0		J	
katmist	katmine	t		S	sg p
tarvitanud	@tarvita	nud		V	nud
          	tarvita=nu	d		S	pl n
          	tarvita=nud	0		A	
          	tarvita=nud	0		A	sg n
          	tarvita=nud	d		A	pl n
,	,			Z	
vaid	vaid	0		D	
    	@vaid	0		J	
veel	@veel	0		D	
    	vesi	l		S	sg ad
suurem	suurem	0		C	sg n
jagu	@jagu	0		S	sg n
    	jagu	0		V	o
    	jagu	0		S	sg p
võõraste	võõras	te		A	pl g
        	@võõras	te		S	pl g
juures	juur	s		S	sg in
      	juures	0		D	
      	@juures	0		K	
orjanud	@orja	nud		V	nud
       	orja=nu	d		S	pl n
       	orja=nud	0		A	
       	orja=nud	0		A	sg n
       	orja=nud	d		A	pl n
ja	ja	0		J	
kui	kui	0		D	
   	@kui	0		J	
tema	@tema	0		P	sg g
    	tema	0		P	sg n
poja	@poeg	0		S	sg g
    	poja	0		S	sg g
    	poja	0		S	sg n
    	poja	0		S	sg p
Jaani	Jaan	0		H	adt
     	@Jaan	0		H	sg g
     	Jaani	0		H	sg g
     	jaan	0		S	adt
     	jaan	0		S	sg g
     	Jaan	0		H	sg p
     	Jaani	0		H	sg n
     	jaan	0		S	sg p
juures	juur	s		S	sg in
      	juures	0		D	
      	@juures	0		K	
on	@ole	0		V	b
  	ole	0		V	vad
olnud	ol=nud	0		A	
     	ol=nud	0		A	sg n
     	ol=nud	d		A	pl n
     	@ole	nud		V	nud
     	olnu	d		S	pl n
,	,			Z	
siis	siis	0		D	
    	@siis	0		J	
on	@ole	0		V	b
  	ole	0		V	vad
temale	tema	le		P	sg all
ka	ka	0		D	
tööd	töö	d		S	pl n
    	@töö	d		S	sg p
teinud	@tege	nud		V	nud
      	tei=nud	0		A	
      	tei=nud	0		A	sg n
      	tei=nud	d		A	pl n
      	teinu	d		S	pl n
ilma	ilm	0		S	adt
    	ilm	0		S	sg g
    	ilma	0		D	
    	@ilma	0		K	
    	ilm	0		S	sg p
palgata	@palk	ta		S	sg ab
       	palka	ta		V	da
       	palka	ta		V	ta
,	,			Z	
selle	@see	0		P	sg g
     	sell	e		S	pl p
põhja	põhja	0		V	o
     	põhi	0		S	adt
     	@põhi	0		S	sg g
     	põhi	0		S	sg p
peal	pea	l		S	sg ad
    	peal	0		D	
    	@peal	0		K	
tühja	@tühi	0		A	adt
     	tühi	0		A	sg g
     	tühi	0		A	sg p
see	see	0		P	sg n
nõudmine	nõudmine	0		S	sg n
arvata	@arva	ta		V	da
      	arva	ta		V	ta
      	arvata	0		D	
.	.			Z	
Ad	####				
	¤
.	.			Z	
3.	3.	0		O	?
põllud	põld	d		S	pl n
on	ole	0		V	b
  	@ole	0		V	vad
ühe	üks	0		N	sg g
   	@üks	0		P	sg g
   	ühe	0		S	sg n
suurused	@suurune	d		A	pl n
        	suurus	d		S	pl n
mõlemil	####				
	#mõlemad	l		P	pl ad
pruugitud	@pruuki	tud		V	tud
         	pruugi=tu	d		S	pl n
         	pruugitud	0		A	
         	pruugitud	0		A	sg n
         	pruugitud	d		A	pl n
olnud	ol=nud	0		A	
     	ol=nud	0		A	sg n
     	ol=nud	d		A	pl n
     	@ole	nud		V	nud
     	olnu	d		S	pl n
ja	ja	0		J	
kellega	kes	ga		P	pl kom
       	@kes	ga		P	sg kom
Jaan	@Jaan	0		H	sg n
    	jaan	0		S	sg n
    	jaan	0		Y	?
siiasaadik	siia_saadik	0		D	
rahu	rahu	0		S	sg g
    	rahu	0		S	sg n
    	rahu	0		S	sg p
	£rahul	0		D
on	@ole	0		V	b
  	ole	0		V	vad
olnud	ol=nud	0		A	
     	ol=nud	0		A	sg n
     	ol=nud	d		A	pl n
     	@ole	nud		V	nud
     	olnu	d		S	pl n
,	,			Z	
siis	siis	0		D	
    	@siis	0		J	
seda	see	da		P	sg p
nõudmist	nõudmine	t		S	sg p
tühja	@tühi	0		A	adt
     	tühi	0		A	sg g
     	tühi	0		A	sg p
arvata	@arva	ta		V	da
      	arva	ta		V	ta
      	arvata	0		D	
.	.			Z	
Ad	####				
	¤
.	.			Z	
4.	4.	0		O	?
kambri	kamber	0		S	sg g
paranduse	parandus	0		S	sg g
nõudmine	nõudmine	0		S	sg n
tühja	@tühi	0		A	adt
     	tühi	0		A	sg g
     	tühi	0		A	sg p
arvata	@arva	ta		V	da
      	arva	ta		V	ta
      	arvata	0		D	
,	,			Z	
et	et	0		J	
seal	@seal	0		D	
    	siga	l		A	sg ad
    	siga	l		S	sg ad
kambris	kamber	s		S	sg in
Jaan	@Jaan	0		H	sg n
    	jaan	0		S	sg n
    	jaan	0		Y	?
Berg	@Berg	0		H	sg n
ise	ise	0		A	
   	ise	0		D	
   	ise	0		P	pl n
   	@ise	0		P	sg n
elab	ela	b		V	b
ja	ja	0		J	
teda	tema	da		P	sg p
pruugib	pruuki	b		V	b
.	.			Z	
Ad	####				
	¤
.	.			Z	
5.	5.	0		O	?
6.	6.	0		O	?
7.	7.	0		O	?
Talumajade	talu_maja	de		S	pl g
ehituse	ehitus	0		S	sg g
nõudmine	nõudmine	0		S	sg n
saab	saa	b		V	b
õled	õlg	d		S	pl n
tühja	@tühi	0		A	adt
     	tühi	0		A	sg g
     	tühi	0		A	sg p
arvata	@arva	ta		V	da
      	arva	ta		V	ta
      	arvata	0		D	
,	,			Z	
aga	aga	0		J	
iga	iga	0		P	sg g
   	iga	0		P	sg n
   	iga	0		P	sg p
   	@iga	0		S	sg n
   	iga	0		S	sg p
talu	@talu	0		S	sg g
    	talu	0		V	o
    	talu	0		S	sg n
    	talu	0		S	sg p
ehituse	ehitus	0		S	sg g
juurde	juur	de		S	adt
      	juurde	0		D	
      	@juurde	0		K	
maksetud	makse=tu	d		A	pl n
1	1	0		N	?
vakk	vakk	0		S	sg n
rukkid	rukis	d		S	pl n
a	a	0		Y	?
3	3	0		N	?
rubla	rubla	0		S	sg g
     	rubla	0		S	sg n
     	@rubla	0		S	sg p
=	=			Z	
9	9	0		N	?
rubla	rubla	0		S	sg g
     	rubla	0		S	sg n
     	@rubla	0		S	sg p
Maksab	maks	b		V	b
Jüri	Jüri	0		H	sg g
    	@Jüri	0		H	sg n
Berg	Berg	0		H	sg n
tagasi	@tagasi	0		D	
      	tagasi	0		K	
.	.			Z	
Ad	####				
	¤
.	.			Z	
8.	8.	0		O	?
Vainoaluse	####				
	#Vaino_alune	0		H	sg g
heinamaa	@heina_maa	0		S	sg g
        	heina_maa	0		S	sg n
nõudmine	nõudmine	0		S	sg n
tühja	@tühi	0		A	adt
     	tühi	0		A	sg g
     	tühi	0		A	sg p
arvata	@arva	ta		V	da
      	arva	ta		V	ta
      	arvata	0		D	
,	,			Z	
et	et	0		J	
nemad	tema	d		P	pl n
see	see	0		P	sg n
heinamaa	heina_maa	0		S	sg g
        	@heina_maa	0		S	sg n
vahelduval	vahelduv	l		A	sg ad
viisil	viis	l		S	sg ad
      	@viisil	0		K	
pruukinud	@pruuki	nud		V	nud
         	pruuki=nu	d		S	pl n
         	pruuki=nud	0		A	
         	pruuki=nud	0		A	sg n
         	pruuki=nud	d		A	pl n
on	ole	0		V	b
  	@ole	0		V	vad
,	,			Z	
see	see	0		P	sg n
on	@ole	0		V	b
  	ole	0		V	vad
:	:			Z	
üks	üks	0		N	sg n
   	@üks	0		P	sg n
aasta	aasta	0		S	sg g
     	@aasta	0		S	sg n
on	@ole	0		V	b
  	ole	0		V	vad
teda	tema	da		P	sg p
Jüri	Jüri	0		H	sg g
    	@Jüri	0		H	sg n
Berg	Berg	0		H	sg n
ja	ja	0		J	
teine	teine	0		O	sg n
     	@teine	0		P	sg n
aasta	aasta	0		S	sg g
     	@aasta	0		S	sg n
jälle	jälle	0		D	
Jaan	@Jaan	0		H	sg n
    	jaan	0		S	sg n
    	jaan	0		Y	?
Berg	Berg	0		H	sg n
niitnud	@niit	nud		V	nud
       	niit=nu	d		S	pl n
       	niit=nud	0		A	
       	niit=nud	0		A	sg n
       	niit=nud	d		A	pl n
.	.			Z	
Ad	####				
	¤
.	.			Z	
9.	9.	0		O	?
Kopli	Kopli	0		H	sg g
     	@koppel	0		S	sg g
     	Kopli	0		H	sg n
pruukimise	pruukimine	0		S	sg g
nõudmine	nõudmine	0		S	sg n
niisama	nii_sama	0		D	
tühja	@tühi	0		A	adt
     	tühi	0		A	sg g
     	tühi	0		A	sg p
arvata	@arva	ta		V	da
      	arva	ta		V	ta
      	arvata	0		D	
,	,			Z	
et	et	0		J	
nemad	tema	d		P	pl n
vahelduse	vaheldus	0		S	sg g
viisil	viis	l		S	sg ad
      	@viisil	0		K	
teda	tema	da		P	sg p
pruukinud	@pruuki	nud		V	nud
         	pruuki=nu	d		S	pl n
         	pruuki=nud	0		A	
         	pruuki=nud	0		A	sg n
         	pruuki=nud	d		A	pl n
ja	ja	0		J	
see	see	0		P	sg n
läbi	@läbi	0		D	
    	läbi	0		K	
    	läbi	0		V	o
mõlemad	mõlema	d		P	pl n
head	hea	d		A	pl n
    	@hea	d		A	sg p
    	hea	d		S	pl n
    	hea	d		S	sg p
ja	ja	0		J	
halba	halb	0		A	adt
     	@halb	0		A	sg p
kätte	kätte	0		K	
     	@käsi	tte		S	adt
on	@ole	0		V	b
  	ole	0		V	vad
saanud	@saa	nud		V	nud
      	saa=nud	0		A	
      	saa=nud	0		A	sg n
      	saa=nud	d		A	pl n
      	saanu	d		S	pl n
.	.			Z	
Ad	####				
	¤
.	.			Z	
10.	10.	0		O	?
11.	11.	0		O	?
12.	12.	0		O	?
13.	13.	0		O	?
valla	@vald	0		S	sg g
     	valla	0		D	
koolimajade	kooli_maja	de		S	pl g
ehituse	ehitus	0		S	sg g
kulu	kulg	0		S	sg g
    	kulu	0		S	sg g
    	kulu	0		V	o
    	kulu	0		S	sg n
    	@kulu	0		S	sg p
nõudmine	nõudmine	0		S	sg n
tühja	@tühi	0		A	adt
     	tühi	0		A	sg g
     	tühi	0		A	sg p
arvata	@arva	ta		V	da
      	arva	ta		V	ta
      	arvata	0		D	
,	,			Z	
et	et	0		J	
Jaan	@Jaan	0		H	sg n
    	jaan	0		S	sg n
    	jaan	0		Y	?
Bergil	Berg	l		H	sg ad
selle	@see	0		P	sg g
     	sell	e		S	pl p
talu	@talu	0		S	sg g
    	talu	0		V	o
    	talu	0		S	sg n
    	talu	0		S	sg p
pooled	@pool	d		N	pl n
      	pool	d		S	pl n
maad	@maa	d		S	pl n
    	maa	d		S	sg p
pruuki	pruuk	0		S	adt
      	pruuk	0		S	sg p
	£pruuki	0		V	da
olid	ole	id		V	sid
ja	ja	0		J	
selle	@see	0		P	sg g
     	sell	e		S	pl p
järele	järele	0		D	
      	@järele	0		K	
kõik	kõik	0		P	pl n
    	@kõik	0		S	sg n
    	kõik	0		P	sg n
ehitus	ehitu	s		V	s
      	ehitud	s		A	sg in
      	@ehitus	0		S	sg n
ja	ja	0		J	
orjus	orjus	0		S	sg n
poole	@pool	0		N	sg g
     	pool	0		S	sg g
     	pool	e		S	pl p
     	poole	0		K	
     	poole	0		S	sg n
talu	@talu	0		S	sg g
    	talu	0		V	o
    	talu	0		S	sg n
    	talu	0		S	sg p
maade	maa	de		S	pl g
eest	eest	0		D	
    	@eest	0		K	
    	esi	st		S	sg el
kandma	kand	ma		V	ma
pidi	@pida	i		V	s
    	pidi	0		K	
,	,			Z	
mis	mis	0		P	pl n
   	@mis	0		P	sg n
sel	@see	l		P	sg ad
   	sel	0		Y	?
korral	@kord	l		S	sg ad
      	korral	0		D	
      	korral	0		K	
ette	@ette	0		D	
    	ette	0		K	
    	esi	tte		S	adt
tulid	tule	id		V	sid
.	.			Z	
Ad	####				
	¤
.	.			Z	
14.	14.	0		O	?
venna	vend	0		S	sg g
Mardi	@Mart	0		H	sg g
     	mart	0		S	sg g
kaerte	kaer	te		S	pl g
nõudmise	nõudmine	0		S	sg g
tühja	@tühi	0		A	adt
     	tühi	0		A	sg g
     	tühi	0		A	sg p
arvata	@arva	ta		V	da
      	arva	ta		V	ta
      	arvata	0		D	
,	,			Z	
et	et	0		J	
tunnistust	tunnistus	t		S	sg p
ei	ei	0		D	
  	@ei	0		V	neg
ole	ole	0		V	o
.	.			Z	
Ad	####				
	¤
.	.			Z	
15.	15.	0		O	?
Lohusuu	@Lohu_suu	0		H	sg g
       	Lohu_suu	0		H	sg n
silla	sild	0		S	sg g
ehituse	ehitus	0		S	sg g
kulu	kulg	0		S	sg g
    	@kulu	0		S	sg g
    	kulu	0		V	o
    	kulu	0		S	sg n
    	kulu	0		S	sg p
nõudmine	nõudmine	0		S	sg n
tühja	@tühi	0		A	adt
     	tühi	0		A	sg g
     	tühi	0		A	sg p
arvata	@arva	ta		V	da
      	arva	ta		V	ta
      	arvata	0		D	
,	,			Z	
et	et	0		J	
Jaan	@Jaan	0		H	sg n
    	jaan	0		S	sg n
    	jaan	0		Y	?
Berg	Berg	0		H	sg n
kui	kui	0		D	
   	@kui	0		J	
poole	@pool	0		N	sg g
     	pool	0		S	sg g
     	pool	e		S	pl p
     	poole	0		K	
     	poole	0		S	sg n
maade	maa	de		S	pl g
peremees	pere_mees	0		S	sg n
seda	see	da		P	sg p
ehitust	ehitud	st		A	sg el
       	@ehitus	t		S	sg p
kandma	kand	ma		V	ma
pidi	@pida	i		V	s
    	pidi	0		K	
.	.			Z	
Ad	####				
	¤
.	.			Z	
16.	16.	0		O	?
Jüri	Jüri	0		H	sg g
    	@Jüri	0		H	sg n
Berg	Berg	0		H	sg n
maksab	maks	b		V	b
venna	vend	0		S	sg g
Jaanile	@Jaan	le		H	sg all
       	Jaani	le		H	sg all
       	jaan	le		S	sg all
Saare	@Saare	0		H	sg g
     	saar	0		S	sg g
     	Saare	0		H	sg n
kõrtsis	kõrts	s		S	sg in
tehtud	tehtu	d		S	pl n
      	tehtud	0		A	
      	tehtud	0		A	sg n
      	tehtud	d		A	pl n
      	@tege	tud		V	tud
ja	ja	0		J	
maksetud	makse=tu	d		A	pl n
	£maks	tud		V	tud
võlg	võlg	0		S	sg n
6	6	0		N	?
rubla	rubla	0		S	sg g
     	rubla	0		S	sg n
     	@rubla	0		S	sg p
tagasi	@tagasi	0		D	
      	tagasi	0		K	
.	.			Z	
Ad	####				
	¤
.	.			Z	
17.	17.	0		O	?
ühe	@üks	0		N	sg g
   	üks	0		P	sg g
   	ühe	0		S	sg n
ree	regi	0		S	sg g
eest	eest	0		D	
    	@eest	0		K	
    	esi	st		S	sg el
arvas	arva	s		V	s
kohus	kohu	s		V	s
     	@kohus	0		S	sg n
,	,			Z	
et	et	0		J	
Jüri	Jüri	0		H	sg g
    	@Jüri	0		H	sg n
Berg	Berg	0		H	sg n
oma	oma	0		A	sg g
   	oma	0		D	
   	@oma	0		P	sg g
   	oma	0		S	sg g
   	oma	0		V	o
   	oma	0		A	sg n
   	oma	0		A	sg p
   	oma	0		P	sg n
   	oma	0		P	sg p
   	oma	0		S	sg n
   	oma	0		S	sg p
venna	vend	0		S	sg g
Jaanile	@Jaan	le		H	sg all
       	Jaani	le		H	sg all
       	jaan	le		S	sg all
5	5	0		N	?
rubla	rubla	0		S	sg g
     	rubla	0		S	sg n
     	@rubla	0		S	sg p
hõb	####				
	#hõb	0		Y
maksab	maks	b		V	b
.	.			Z	
Ülepea	üle_pea	0		D	
siis	@siis	0		D	
    	siis	0		J	
Jüri	Jüri	0		H	sg g
    	@Jüri	0		H	sg n
Berg	Berg	0		H	sg n
venna	vend	0		S	sg g
Jaanile	@Jaan	le		H	sg all
       	Jaani	le		H	sg all
       	jaan	le		S	sg all
maksab	maks	b		V	b
20	20	0		N	?
rubla	rubla	0		S	sg g
     	rubla	0		S	sg n
     	@rubla	0		S	sg p
hõb	####				
	#hõb	0		Y
.	.			Z	
Otsus	otsus	0		S	sg n
kuulutatud	@kuuluta	tud		V	tud
          	kuuluta=tu	d		S	pl n
          	kuuluta=tud	0		A	
          	kuuluta=tud	0		A	sg n
          	kuuluta=tud	d		A	pl n
kohtualustele	kohtu_alune	tele		A	pl all
             	@kohtu_alune	tele		S	pl all
seaduseraamatu	seaduse_raamat	0		S	sg g
§§	§§	0		Y	?
772	772	0		N	?
,	,			Z	
773	773	0		N	?
juhatusel	juhatus	l		S	sg ad
,	,			Z	
kellega	kes	ga		P	pl kom
       	@kes	ga		P	sg kom
Jaan	@Jaan	0		H	sg n
    	jaan	0		S	sg n
    	jaan	0		Y	?
Berg	Berg	0		H	sg n
rahu	rahu	0		S	sg g
    	rahu	0		S	sg n
    	rahu	0		S	sg p
	£rahul	0		D
ei	ei	0		D	
  	@ei	0		V	neg
olnud	ol=nud	0		A	
     	ol=nud	0		A	sg n
     	ol=nud	d		A	pl n
     	@ole	nud		V	nud
     	olnu	d		S	pl n
ja	ja	0		J	
temale	tema	le		P	sg all
kohe	kohe	0		A	sg n
    	@kohe	0		D	
õppuse	õppus	0		S	sg g
kiri	kiri	0		S	sg n
sai	@saa	i		V	s
   	sai	0		S	sg n
välja	@välja	0		D	
     	välja	0		V	o
     	väli	0		S	adt
     	väli	0		S	sg g
     	väli	0		S	sg p
antud	an=tu	d		S	pl n
     	@and	tud		V	tud
     	antud	0		A	
     	antud	0		A	sg n
     	antud	d		A	pl n
.	.			Z	
Jaan	@Jaan	0		H	sg n
    	jaan	0		S	sg n
    	jaan	0		Y	?
Berg	Berg	0		H	sg n
võttis	võt	is		V	s
appellation	####				
	#apellatsioon	0		S	sg n
27	27	0		N	?
sept	sept	0		Y	?
.	.			Z	
s.a	s.a	0		Y	?
.	.			Z	
välja	@välja	0		D	
     	välja	0		V	o
     	väli	0		S	adt
     	väli	0		S	sg g
     	väli	0		S	sg p
.	.			Z	
Istumine	istumine	0		S	sg n
lõppes	lõp	es		V	des
      	@lõppe	s		V	s
      	lõpe	s		S	sg in
14	14	0		N	?
peale	pea	le		S	sg all
     	peale	0		D	
     	@peale	0		K	
lõunat	lõuna	t		S	sg p
selle	@see	0		P	sg g
     	sell	e		S	pl p
protokolliga	protokoll	ga		S	sg kom
.	.			Z	
