Mik	####	####				
   	#Mikk	Mik	0		H	sg n
Pomann	####	####				
      	#Pomann	Pomann	0		H	sg n
kaebab	kaebab	kaeba	b		V	b
:	:	:			Z	
tema	tema	tema	0		P	sg g
    	@tema	tema	0		P	sg n
on	@on	ole	0		V	b
  	ole	ole	0		V	vad
pühhapäewa	####	####				
          	#pühapäeva	püha_päev	0		S	sg g
õhto	####	####				
    	#õhtu	õhtu	0		S	sg g
Palwerre	####	####				
        	#Palvere	Palwere	0		H	sg g
kõrtso	####	####				
      	#kõrtsi	kõrts	0		S	adt
läinud	läinud	läinud	0		A	
      	läinud	läinud	0		A	sg n
      	läinu	läinu	d		S	pl n
      	läinud	läinud	d		A	pl n
      	@läinud	mine	nud		V	nud
,	,	,			Z	
kui	kui	kui	0		D	
   	@kui	kui	0		J	
nattokenne	####	####				
          	#natukene	natukene	0		D	
aeg	aeg	aeg	0		S	sg n
seal	@seal	seal	0		D	
    	siga	siga	l		A	sg ad
    	siga	siga	l		S	sg ad
on	ole	ole	0		V	b
  	@on	ole	0		V	vad
Palwerre	####	####				
        	#Palvere	Palwere	0		H	sg g
külla	küla	küla	0		S	adt
     	küll	küll	0		S	adt
     	küll	küll	0		S	sg g
     	küll	küll	0		S	sg p
     	£küla	küla	0		S	sg g
poisid	poi	poi	sid		S	pl p
      	@poisid	poiss	d		S	pl n
Hans	Hans	Hans	0		H	sg n
Wannatoa	####	####				
        	#Vanatoa	Wanatoa	0		H	sg n
,	,	,			Z	
Hans	Hans	Hans	0		H	sg n
Pallo	####	####				
     	#Pallo	Pallo	0		H	sg n
,	,	,			Z	
Hans	Hans	Hans	0		H	sg n
Wiermann	####	####				
        	#Wiermann	Wiermann	0		H	sg n
,	,	,			Z	
Jürri	####	####				
     	#Jüri	Jürri	0		H	sg n
Peek	####	####				
    	#Peek	Peek	0		H	sg n
ja	ja	ja	0		J	
Hinrek	####	####				
      	#Hinrek	Hinrek	0		H	sg n
Kalk	kalk	kalk	0		A	sg n
    	£Kalk	Kalk	0		H	sg n
senna	senna	senna	0		S	sg g
     	senna	senna	0		S	sg n
     	£sinna	sinna	0		D	
tulnud	tul=nud	tul=nud	0		A	
      	tul=nud	tul=nud	0		A	sg n
      	tul=nud	tul=nud	d		A	pl n
      	@tulnud	tule	nud		V	nud
      	tulnu	tulnu	d		S	pl n
,	,	,			Z	
temaga	temaga	tema	ga		P	sg kom
riito	####	####				
     	#riidu	riid	0		S	sg p
kiskunud	kisku=nud	kisku=nud	0		A	
        	kisku=nud	kisku=nud	0		A	sg n
        	kisku=nu	kisku=nu	d		S	pl n
        	kisku=nud	kisku=nud	d		A	pl n
        	@kiskunud	kisku	nud		V	nud
ja	ja	ja	0		J	
saapaid	saapaid	saabas	id		S	pl p
wahhetama	####	####				
         	#vahetama	vaheta	ma		V	ma
kippunud	kippu=nud	kippu=nud	0		A	
        	kippu=nud	kippu=nud	0		A	sg n
        	kippu=nu	kippu=nu	d		S	pl n
        	kippu=nud	kippu=nud	d		A	pl n
        	@kippunud	kippu	nud		V	nud
.	.	.			Z	
Temma	####	####				
     	#tema	tema	0		P	sg n
on	@on	ole	0		V	b
  	ole	ole	0		V	vad
ka	ka	ka	0		D	
Hans	Hans	Hans	0		H	sg n
Wiermanniga	####	####				
           	#Wiermanniga	Wiermann	ga		H	sg kom
sapaid	####	####				
      	#saapaid	saabas	id		S	pl p
wahhetanud	####	####				
          	#vahetanud	vaheta	nud		V	nud
,	,	,			Z	
selle	@selle	see	0		P	sg g
     	sell	sell	e		S	pl p
peale	peale	peale	0		D	
     	@peale	peale	0		K	
     	pea	pea	le		S	sg all
on	@on	ole	0		V	b
  	ole	ole	0		V	vad
nad	nad	tema	d		P	pl n
tedda	####	####				
     	#teda	tema	da		P	sg p
peksma	peksma	peks	ma		V	ma
hakkand	hakk_and	hakk_and	0		S	sg n
       	£hakanud	hakka	nd		V	nud
ja	ja	ja	0		J	
temma	####	####				
     	tema	tema	0		P	sg g
     	#tema	tema	0		P	sg n
ei	ei	ei	0		D	
  	@ei	ei	0		V	neg
mälleta	####	####				
       	#mäleta	mäleta	0		V	o
mis	mis	mis	0		P	pl n
   	@mis	mis	0		P	sg n
nad	nad	tema	d		P	pl n
õiete	####	####				
     	#õieti	õieti	0		D	
temmaga	####	####				
       	#temaga	tema	ga		P	sg kom
teinud	@teinud	tege	nud		V	nud
      	tei=nud	tei=nud	0		A	
      	tei=nud	tei=nud	0		A	sg n
      	tei=nud	tei=nud	d		A	pl n
      	teinu	teinu	d		S	pl n
,	,	,			Z	
sest	see	see	st		P	sg el
    	@sest	sest	0		J	
nad	nad	tema	d		P	pl n
tedda	####	####				
     	#teda	tema	da		P	sg p
kohhe	####	####				
     	#kohe	kohe	0		D	
uimaseks	uimaseks	uimane	ks		A	sg tr
lönud	####	####				
     	#löönud	löö	nud		V	nud
ja	ja	ja	0		J	
õue	@õue	õu	0		S	adt
   	õu	õu	0		S	sg g
   	õu	õu	0		S	sg p
   	õue	õue	0		D	
wedanud	veda=nud	veda=nud	0		A	
       	veda=nud	veda=nud	0		A	sg n
       	veda=nu	veda=nu	d		S	pl n
       	veda=nud	veda=nud	d		A	pl n
       	@vedanud	veda	nud		V	nud
,	,	,			Z	
kus	kus	kus	0		D	
kõrtsmik	kõrtsmik	kõrtsmik	0		S	sg n
tedda	####	####				
     	#teda	tema	da		P	sg p
pärrast	####	####				
       	pärast	pära	st		S	sg el
       	pärast	pärane	t		A	sg p
       	#pärast	pärast	0		D	
       	pärast	pärast	0		K	
ärra	####	####				
    	#ära	ära	0		D	
    	ära	ära	0		V	neg o
korristanud	####	####				
           	#koristanud	korista	nud		V	nud
,	,	,			Z	
praego	####	####				
      	#praegu	praegu	0		D	
olla	olla	ole	a		V	da
temal	temal	tema	l		P	sg ad
hawad	####	####				
     	#haavad	haav	d		S	pl n
weel	@veel	veel	0		D	
    	vesi	vesi	l		S	sg ad
külles	####	####				
      	#küljes	küljes	0		D	
      	küljes	küljes	0		K	
      	küljes	külg	s		S	sg in
.	.	.			Z	
Pealt	@pealt	pealt	0		D	
     	pealt	pealt	0		K	
     	pea	pea	lt		S	sg abl
näggiad	####	####				
       	#nägijad	nägija	d		S	pl n
olnud	ol=nud	ol=nud	0		A	
     	ol=nud	ol=nud	0		A	sg n
     	ol=nud	ol=nud	d		A	pl n
     	@olnud	ole	nud		V	nud
     	olnu	olnu	d		S	pl n
:	:	:			Z	
Tõnno	####	####				
     	#Tõnno	Tõnno	0		H	sg n
Ahlbok	####	####				
      	#Ahlbok	Ahlbok	0		H	sg n
,	,	,			Z	
Jaan	@Jaan	Jaan	0		H	sg n
    	jaan	jaan	0		S	sg n
    	jaan	jaan	0		Y	?
Wana	vana	vana	0		A	sg g
    	vana	vana	0		A	sg n
    	vana	vana	0		A	sg p
    	vana	vana	0		S	sg g
    	vana	vana	0		S	sg n
    	vana	vana	0		S	sg p
    	£Vana	Wana	0		H	sg n
ja	ja	ja	0		J	
Palwere	####	####				
       	#Palvere	Palwere	0		H	sg n
kõrtsmik	kõrtsmik	kõrtsmik	0		S	sg n
.	.	.			Z	
Hans	Hans	Hans	0		H	sg n
Wanatoa	vana_tuba	vana_tuba	0		S	sg g
       	£Vanatoa	Wanatoa	0		H	sg n
tunnistab	tunnistab	tunnista	b		V	b
:	:	:			Z	
Temma	####	####				
     	#tema	tema	0		P	sg n
ei	ei	ei	0		D	
  	@ei	ei	0		V	neg
tea	tea	tead	0		V	o
sest	@sest	see	st		P	sg el
    	sest	sest	0		J	
peksmisest	peksmisest	peksmine	st		S	sg el
ühtegi	ühe	ühe	0	gi	S	sg g
      	ühte	ühte	0	gi	D	
      	üks	üks	0	gi	N	adt
      	üks	üks	0	gi	N	sg p
      	üks	üks	0	gi	P	adt
      	@ühtegi	üks	0	gi	P	sg p
muud	muu	muu	d		P	pl n
    	muu	muu	d		P	sg p
    	muu	muu	d		S	pl n
    	@muud	muu	d		S	sg p
    	muu	muu	d		V	d
,	,	,			Z	
kui	kui	kui	0		D	
   	@kui	kui	0		J	
et	et	et	0		J	
Mik	####	####				
   	#Mikk	Mik	0		H	sg n
Pomann	####	####				
      	#Pomann	Pomann	0		H	sg n
Hans	Hans	Hans	0		H	sg n
Wiermanniga	####	####				
           	#Wiermanniga	Wiermann	ga		H	sg kom
sapaid	####	####				
      	#saapaid	saabas	id		S	pl p
wahhetanud	####	####				
          	#vahetanud	vaheta	nud		V	nud
ja	ja	ja	0		J	
et	et	et	0		J	
ta	tema	tema	0		P	sg g
  	@ta	tema	0		P	sg n
Wiemanni	####	####				
        	#Wiermanni	Wiermann	0		H	sg p
petnud	pet=nud	pet=nud	0		A	
      	pet=nud	pet=nud	0		A	sg n
      	pet=nu	pet=nu	d		S	pl n
      	pet=nud	pet=nud	d		A	pl n
      	@petnud	pet	nud		V	nud
,	,	,			Z	
on	ole	ole	0		V	b
  	@on	ole	0		V	vad
nemmad	####	####				
      	#nemad	tema	d		P	pl n
Pomanni	####	####				
       	#Pomanni	Pomann	0		H	sg g
jallast	####	####				
       	#jalast	jalg	st		S	sg el
sapad	####	####				
     	#saapad	saabas	d		S	pl n
ärra	####	####				
    	#ära	ära	0		D	
    	ära	ära	0		V	neg o
wõtnud	võt=nud	võt=nud	0		A	
      	võt=nud	võt=nud	0		A	sg n
      	võt=nu	võt=nu	d		S	pl n
      	võt=nud	võt=nud	d		A	pl n
      	@võtnud	võt	nud		V	nud
ja	ja	ja	0		J	
Pomann	####	####				
      	#Pomann	Pomann	0		H	sg n
põlle	põll	põll	0		S	adt
     	põll	põll	0		S	sg g
     	põll	põll	0		S	sg p
     	£pole	ole	0		V	neg o
tahtnud	taht=nud	taht=nud	0		A	
       	taht=nud	taht=nud	0		A	sg n
       	taht=nu	taht=nu	d		S	pl n
       	taht=nud	taht=nud	d		A	pl n
       	@tahtnud	taht	nud		V	nud
sapaid	####	####				
      	#saapaid	saabas	id		S	pl p
kätte	@kätte	käsi	tte		S	adt
     	kätte	kätte	0		K	
anda	anda	and	a		V	da
,	,	,			Z	
siis	@siis	siis	0		D	
    	siis	siis	0		J	
on	@on	ole	0		V	b
  	ole	ole	0		V	vad
Wiermann	####	####				
        	#Wiermann	Wiermann	0		H	sg n
tedda	####	####				
     	#teda	tema	da		P	sg p
sabastega	sabane	sabane	tega		S	pl kom
         	£saabastega	saabas	tega		S	pl kom
õue	@õue	õu	0		S	adt
   	õu	õu	0		S	sg g
   	õu	õu	0		S	sg p
   	õue	õue	0		D	
läinud	läinud	läinud	0		A	
      	läinud	läinud	0		A	sg n
      	läinu	läinu	d		S	pl n
      	läinud	läinud	d		A	pl n
      	@läinud	mine	nud		V	nud
ja	ja	ja	0		J	
Pomann	####	####				
      	#Pomann	Pomann	0		H	sg n
temma	####	####				
     	#tema	tema	0		P	sg g
     	tema	tema	0		P	sg n
järrele	####	####				
       	järele	järele	0		D	
       	#järele	järele	0		K	
aga	aga	aga	0		J	
temma	####	####				
     	tema	tema	0		P	sg g
     	#tema	tema	0		P	sg n
põlle	põll	põll	0		S	adt
     	põll	põll	0		S	sg g
     	põll	põll	0		S	sg p
     	£pole	ole	0		V	neg o
teistega	teine	teine	tega		O	pl kom
        	@teistega	teine	tega		P	pl kom
toast	toast	tuba	st		S	sg el
wälja	väli	väli	0		S	adt
     	väli	väli	0		S	sg g
     	väli	väli	0		S	sg p
     	@välja	välja	0		D	
     	välja	välja	0		V	o
läinud	läinud	läinud	0		A	
      	läinud	läinud	0		A	sg n
      	läinu	läinu	d		S	pl n
      	läinud	läinud	d		A	pl n
      	@läinud	mine	nud		V	nud
enne	@enne	enne	0		D	
    	enne	enne	0		K	
    	enne	enne	0		S	sg n
kui	kui	kui	0		D	
   	@kui	kui	0		J	
kõrtsmik	kõrtsmik	kõrtsmik	0		S	sg n
tulnud	tul=nud	tul=nud	0		A	
      	tul=nud	tul=nud	0		A	sg n
      	tul=nud	tul=nud	d		A	pl n
      	@tulnud	tule	nud		V	nud
      	tulnu	tulnu	d		S	pl n
.	.	.			Z	
Koia	####	####				
    	#koja	koda	0		S	sg g
uks	uks	uks	0		S	sg n
on	@on	ole	0		V	b
  	ole	ole	0		V	vad
kinni	kinni	kinni	0		D	
olnud	ol=nud	ol=nud	0		A	
     	ol=nud	ol=nud	0		A	sg n
     	ol=nud	ol=nud	d		A	pl n
     	@olnud	ole	nud		V	nud
     	olnu	olnu	d		S	pl n
.	.	.			Z	
Jürri	####	####				
     	#Jüri	Jürri	0		H	sg n
Peek	####	####				
    	#Peek	Peek	0		H	sg n
tunnistab	tunnistab	tunnista	b		V	b
:	:	:			Z	
Pomann	####	####				
      	#Pomann	Pomann	0		H	sg n
ja	ja	ja	0		J	
Wiermann	####	####				
        	#Wiermann	Wiermann	0		H	sg n
on	ole	ole	0		V	b
  	@on	ole	0		V	vad
sapaid	####	####				
      	#saapaid	saabas	id		S	pl p
wahhetanud	####	####				
          	#vahetanud	vaheta	nud		V	nud
ja	ja	ja	0		J	
Pomann	####	####				
      	#Pomann	Pomann	0		H	sg n
lubbanud	####	####				
        	#lubanud	luba	nud		V	nud
3	3	3	0		N	?
puddelid	####	####				
        	#pudelit	pudel	d		S	sg p
paiereid	####	####				
        	¤
peale	@peale	peale	0		D	
     	peale	peale	0		K	
     	pea	pea	le		S	sg all
anda	anda	and	a		V	da
ja	ja	ja	0		J	
sapad	####	####				
     	#saapad	saabas	d		S	pl n
piddid	####	####				
      	#pidid	pida	id		V	sid
terwed	@terved	terve	d		A	pl n
      	terve	terve	d		S	pl n
ollema	####	####				
      	#olema	ole	ma		V	ma
.	.	.			Z	
Kui	kui	kui	0		D	
   	@kui	kui	0		J	
Wiermann	####	####				
        	#Wiermann	Wiermann	0		H	sg n
näinud	@näinud	näge	nud		V	nud
      	näi=nud	näi=nud	0		A	
      	näi=nud	näi=nud	0		A	sg n
      	näi=nud	näi=nud	d		A	pl n
      	näinu	näinu	d		S	pl n
      	näi	näi	nud		V	nud
et	et	et	0		J	
Pomanni	####	####				
       	#Pomanni	Pomann	0		H	sg g
sapad	####	####				
     	#saapad	saabas	d		S	pl n
katki	katki	katki	0		D	
olnud	ol=nud	ol=nud	0		A	
     	ol=nud	ol=nud	0		A	sg n
     	ol=nud	ol=nud	d		A	pl n
     	@olnud	ole	nud		V	nud
     	olnu	olnu	d		S	pl n
,	,	,			Z	
ei	ei	ei	0		D	
  	@ei	ei	0		V	neg
olla	olla	ole	a		V	da
wastu	@vastu	vastu	0		D	
     	vastu	vastu	0		K	
wõtnud	võt=nud	võt=nud	0		A	
      	võt=nud	võt=nud	0		A	sg n
      	võt=nu	võt=nu	d		S	pl n
      	võt=nud	võt=nud	d		A	pl n
      	@võtnud	võt	nud		V	nud
,	,	,			Z	
agga	####	####				
    	#aga	aga	0		J	
Pomann	####	####				
      	#Pomann	Pomann	0		H	sg n
põlle	põll	põll	0		S	adt
     	põll	põll	0		S	sg g
     	põll	põll	0		S	sg p
     	£pole	ole	0		V	neg
õllut	####	####				
     	#õlut	õlu	t		S	sg p
andnud	and=nud	and=nud	0		A	
      	and=nud	and=nud	0		A	sg n
      	and=nu	and=nu	d		S	pl n
      	and=nud	and=nud	d		A	pl n
      	£andnud	and	nud		V	nud
egga	####	####				
    	ega	ega	0		D	
    	#ega	ega	0		J	
ka	ka	ka	0		D	
sapaid	####	####				
      	#saapaid	saabas	id		S	pl p
taggasi	####	####				
       	#tagasi	tagasi	0		D	
       	tagasi	tagasi	0		K	
,	,	,			Z	
on	@on	ole	0		V	b
  	ole	ole	0		V	vad
tahha	####	####				
     	#taha	taha	0		D	
kõrtso	####	####				
      	#kõrtsi	kõrts	0		S	sg g
kambri	kamber	kamber	0		S	sg g
      	£kambrisse	kamber	0		S	adt
läinud	läinud	läinud	0		A	
      	läinud	läinud	0		A	sg n
      	läinu	läinu	d		S	pl n
      	läinud	läinud	d		A	pl n
      	@läinud	mine	nud		V	nud
.	.	.			Z	
Kõrtsmik	kõrtsmik	kõrtsmik	0		S	sg n
on	@on	ole	0		V	b
  	ole	ole	0		V	vad
küll	@küll	küll	0		D	
    	küll	küll	0		S	sg n
käskinud	käski=nud	käski=nud	0		A	
        	käski=nud	käski=nud	0		A	sg n
        	käski=nu	käski=nu	d		S	pl n
        	käski=nud	käski=nud	d		A	pl n
        	@käskinud	käski	nud		V	nud
kätte	@kätte	käsi	tte		S	adt
     	kätte	kätte	0		K	
anda	anda	and	a		V	da
,	,	,			Z	
agga	####	####				
    	#aga	aga	0		J	
Pomann	####	####				
      	#Pomann	Pomann	0		H	sg n
põlle	põll	põll	0		S	adt
     	põll	põll	0		S	sg g
     	põll	põll	0		S	sg p
     	£pole	ole	0		V	neg
annud	####	####				
     	#andnud	and	nud		V	nud
,	,	,			Z	
teised	teine	teine	d		O	pl n
      	@teised	teine	d		P	pl n
on	ole	ole	0		V	b
  	@on	ole	0		V	vad
wäggise	####	####				
       	#vägisi	vägisi	0		D	
sapad	####	####				
     	#saapad	saabas	d		S	pl n
jallast	####	####				
       	#jalast	jalg	st		S	sg el
ärra	####	####				
    	#ära	ära	0		D	
    	ära	ära	0		V	neg o
kiskunud	kisku=nud	kisku=nud	0		A	
        	kisku=nud	kisku=nud	0		A	sg n
        	kisku=nu	kisku=nu	d		S	pl n
        	kisku=nud	kisku=nud	d		A	pl n
        	@kiskunud	kisku	nud		V	nud
.	.	.			Z	
Temma	####	####				
     	#tema	tema	0		P	sg n
on	@on	ole	0		V	b
  	ole	ole	0		V	vad
õue	@õue	õu	0		S	adt
   	õu	õu	0		S	sg g
   	õu	õu	0		S	sg p
   	õue	õue	0		D	
läinud	läinud	läinud	0		A	
      	läinud	läinud	0		A	sg n
      	läinu	läinu	d		S	pl n
      	läinud	läinud	d		A	pl n
      	@läinud	mine	nud		V	nud
,	,	,			Z	
siis	@siis	siis	0		D	
    	siis	siis	0		J	
tagga	####	####				
     	#taga	taga	0		D	
on	ole	ole	0		V	b
  	@on	ole	0		V	vad
teised	teine	teine	d		O	pl n
      	@teised	teine	d		P	pl n
õue	@õue	õu	0		S	adt
   	õu	õu	0		S	sg g
   	õu	õu	0		S	sg p
   	õue	õue	0		D	
tulnud	tul=nud	tul=nud	0		A	
      	tul=nud	tul=nud	0		A	sg n
      	tul=nud	tul=nud	d		A	pl n
      	@tulnud	tule	nud		V	nud
      	tulnu	tulnu	d		S	pl n
,	,	,			Z	
tema	tema	tema	0		P	sg g
    	@tema	tema	0		P	sg n
põlle	põll	põll	0		S	adt
     	põll	põll	0		S	sg g
     	põll	põll	0		S	sg p
     	£pole	ole	0		V	neg o
pekso	####	####				
     	#peksa	peksa	0		X	
näinud	@näinud	näge	nud		V	nud
      	näi=nud	näi=nud	0		A	
      	näi=nud	näi=nud	0		A	sg n
      	näi=nud	näi=nud	d		A	pl n
      	näinu	näinu	d		S	pl n
      	näi	näi	nud		V	nud
,	,	,			Z	
on	@on	ole	0		V	b
  	ole	ole	0		V	vad
siis	@siis	siis	0		D	
    	siis	siis	0		J	
alles	alles	alles	0		D	
kõrtso	####	####				
      	#kõrtsi	kõrts	0		S	sg g
otsast	otsast	otsast	0		K	
      	@otsast	ots	st		S	sg el
wälja	väli	väli	0		S	adt
     	väli	väli	0		S	sg g
     	väli	väli	0		S	sg p
     	@välja	välja	0		D	
     	välja	välja	0		V	o
tulnud	tul=nud	tul=nud	0		A	
      	tul=nud	tul=nud	0		A	sg n
      	tul=nud	tul=nud	d		A	pl n
      	@tulnud	tule	nud		V	nud
      	tulnu	tulnu	d		S	pl n
,	,	,			Z	
kui	kui	kui	0		D	
   	@kui	kui	0		J	
kõrtsmik	kõrtsmik	kõrtsmik	0		S	sg n
tullega	####	####				
       	#tulega	tuli	ga		S	sg kom
õue	@õue	õu	0		S	adt
   	õu	õu	0		S	sg g
   	õu	õu	0		S	sg p
   	õue	õue	0		D	
tulnud	tul=nud	tul=nud	0		A	
      	tul=nud	tul=nud	0		A	sg n
      	tul=nud	tul=nud	d		A	pl n
      	@tulnud	tule	nud		V	nud
      	tulnu	tulnu	d		S	pl n
.	.	.			Z	
Hindrek	####	####				
       	#Hinrek	Hinrek	0		H	sg n
Kalk	kalk	kalk	0		A	sg n
    	£Kalk	Kalk	0		H	sg n
tunnistab	tunnistab	tunnista	b		V	b
:	:	:			Z	
Temma	####	####				
     	#tema	tema	0		P	sg n
põlle	põll	põll	0		S	adt
     	põll	põll	0		S	sg g
     	põll	põll	0		S	sg p
     	£pole	ole	0		V	neg o
sapa	####	####				
    	#saapa	saabas	0		S	sg g
wahhetamist	####	####				
           	#vahetamist	vahetamine	t		S	sg p
esite	####	####				
     	#esiti	esiti	0		D	
näinud	@näinud	näge	nud		V	nud
      	näi=nud	näi=nud	0		A	
      	näi=nud	näi=nud	0		A	sg n
      	näi=nud	näi=nud	d		A	pl n
      	näinu	näinu	d		S	pl n
      	näi	näi	nud		V	nud
,	,	,			Z	
agga	####	####				
    	#aga	aga	0		J	
pärrast	####	####				
       	pärast	pära	st		S	sg el
       	pärast	pärane	t		A	sg p
       	#pärast	pärast	0		D	
       	pärast	pärast	0		K	
on	@on	ole	0		V	b
  	ole	ole	0		V	vad
sapad	####	####				
     	#saapad	saabas	d		S	pl n
sanud	####	####				
     	#saanud	saa	nud		V	nud
Pomanni	####	####				
       	#Pomanni	Pomann	0		H	sg g
jallast	####	####				
       	#jalast	jalg	st		S	sg el
ärra	####	####				
    	#ära	ära	0		D	
    	ära	ära	0		V	neg o
wõetud	võe=tu	võe=tu	d		S	pl n
      	võetud	võetud	0		A	
      	võetud	võetud	0		A	sg n
      	võetud	võetud	d		A	pl n
      	@võetud	võt	tud		V	tud
.	.	.			Z	
Temma	####	####				
     	#tema	tema	0		P	sg n
on	@on	ole	0		V	b
  	ole	ole	0		V	vad
Pomanni	####	####				
       	#Pomanni	Pomann	0		H	sg p
selja	selja	selg	0		S	sg g
takka	takka	takka	0		D	
     	takka	takka	0		K	
     	£taga	taga	0		K	
kinni	kinni	kinni	0		D	
hoidnud	hoid=nud	hoid=nud	0		A	
       	hoid=nud	hoid=nud	0		A	sg n
       	hoid=nu	hoid=nu	d		S	pl n
       	hoid=nud	hoid=nud	d		A	pl n
       	@hoidnud	hoid	nud		V	nud
ja	ja	ja	0		J	
Wiermann	####	####				
        	#Wiermann	Wiermann	0		H	sg n
sapad	####	####				
     	#saapad	saabas	d		S	pl n
ära	@ära	ära	0		D	
   	ära	ära	0		V	neg o
tõmband	####	####				
       	#tõmmanud	tõmba	nd		V	nud
ja	ja	ja	0		J	
tema	tema	tema	0		P	sg g
    	@tema	tema	0		P	sg n
on	@on	ole	0		V	b
  	ole	ole	0		V	vad
kohhe	####	####				
     	#kohe	kohe	0		D	
kõrtsu	####	####				
      	#kõrtsi	kõrts	0		S	sg g
uksest	uksest	uks	st		S	sg el
wälja	väli	väli	0		S	adt
     	väli	väli	0		S	sg g
     	väli	väli	0		S	sg p
     	@välja	välja	0		D	
     	välja	välja	0		V	o
tulnud	tul=nud	tul=nud	0		A	
      	tul=nud	tul=nud	0		A	sg n
      	tul=nud	tul=nud	d		A	pl n
      	@tulnud	tule	nud		V	nud
      	tulnu	tulnu	d		S	pl n
teiste	teine	teine	te		O	pl g
      	@teiste	teine	te		P	pl g
järrele	####	####				
       	järele	järele	0		D	
       	#järele	järele	0		K	
ja	ja	ja	0		J	
joonega	joonega	joon	ga		S	sg kom
koio	####	####				
    	#koju	kodu	0		S	adt
poole	pool	pool	0		N	sg g
     	pool	pool	0		S	sg g
     	poole	poole	0		K	
     	poole	poole	0		S	sg n
     	pool	pool	e		S	pl p
     	£poole	poole	0		D	
tulnud	tul=nud	tul=nud	0		A	
      	tul=nud	tul=nud	0		A	sg n
      	tul=nud	tul=nud	d		A	pl n
      	@tulnud	tule	nud		V	nud
      	tulnu	tulnu	d		S	pl n
,	,	,			Z	
põlle	põll	põll	0		S	adt
     	põll	põll	0		S	sg g
     	põll	põll	0		S	sg p
     	£pole	ole	0		V	neg o
tähele	@tähele	tähele	0		X	
      	täht	täht	le		S	sg all
pannud	pan=nud	pan=nud	0		A	
      	pan=nud	pan=nud	0		A	sg n
      	pan=nu	pan=nu	d		S	pl n
      	pan=nud	pan=nud	d		A	pl n
      	@pannud	pane	nud		V	nud
mis	mis	mis	0		P	pl n
   	@mis	mis	0		P	sg n
teised	teine	teine	d		O	pl n
      	@teised	teine	d		P	pl n
teinud	@teinud	tege	nud		V	nud
      	tei=nud	tei=nud	0		A	
      	tei=nud	tei=nud	0		A	sg n
      	tei=nud	tei=nud	d		A	pl n
      	teinu	teinu	d		S	pl n
.	.	.			Z	
Pomann	####	####				
      	#Pomann	Pomann	0		H	sg n
tunnistab	tunnistab	tunnista	b		V	b
:	:	:			Z	
Põlle	põll	põll	0		S	adt
     	põll	põll	0		S	sg g
     	põll	põll	0		S	sg p
     	£pole	ole	0		V	neg o
mitte	mitte	mitte	0		D	
wahhetamist	####	####				
           	#vahetamist	vahetamine	t		S	sg p
olnud	ol=nud	ol=nud	0		A	
     	ol=nud	ol=nud	0		A	sg n
     	ol=nud	ol=nud	d		A	pl n
     	@olnud	ole	nud		V	nud
     	olnu	olnu	d		S	pl n
,	,	,			Z	
on	@on	ole	0		V	b
  	ole	ole	0		V	vad
sanud	####	####				
     	#saanud	saa	nud		V	nud
sapad	####	####				
     	#saapad	saabas	d		S	pl n
agga	####	####				
    	#aga	aga	0		J	
wastamesi	####	####				
         	#vastamisi	vastamisi	0		D	
wisatud	visa=tud	visa=tud	0		A	
       	visa=tud	visa=tud	0		A	sg n
       	visa=tu	visa=tu	d		S	pl n
       	visa=tud	visa=tud	d		A	pl n
       	@visatud	viska	tud		V	tud
ja	ja	ja	0		J	
et	et	et	0		J	
teised	teine	teine	d		O	pl n
      	@teised	teine	d		P	pl n
pärrast	####	####				
       	pärast	pära	st		S	sg el
       	pärast	pärane	t		A	sg p
       	#pärast	pärast	0		D	
       	pärast	pärast	0		K	
3	3	3	0		N	?
puddelid	####	####				
        	#pudelit	pudel	d		S	sg p
õllut	####	####				
     	#õlut	õlu	t		S	sg p
peale	@peale	peale	0		D	
     	peale	peale	0		K	
     	pea	pea	le		S	sg all
küsinud	küsi=nud	küsi=nud	0		A	
       	küsi=nud	küsi=nud	0		A	sg n
       	küsi=nu	küsi=nu	d		S	pl n
       	küsi=nud	küsi=nud	d		A	pl n
       	@küsinud	küsi	nud		V	nud
,	,	,			Z	
on	@on	ole	0		V	b
  	ole	ole	0		V	vad
temma	####	####				
     	tema	tema	0		P	sg g
     	#tema	tema	0		P	sg n
lubbanud	####	####				
        	#lubanud	luba	nud		V	nud
,	,	,			Z	
teised	teine	teine	d		O	pl n
      	@teised	teine	d		P	pl n
põlle	põll	põll	0		S	adt
     	põll	põll	0		S	sg g
     	põll	põll	0		S	sg p
     	£pole	ole	0		V	neg o
tahtnud	taht=nud	taht=nud	0		A	
       	taht=nud	taht=nud	0		A	sg n
       	taht=nu	taht=nu	d		S	pl n
       	taht=nud	taht=nud	d		A	pl n
       	@tahtnud	taht	nud		V	nud
,	,	,			Z	
siis	@siis	siis	0		D	
    	siis	siis	0		J	
on	@on	ole	0		V	b
  	ole	ole	0		V	vad
30.	30.	30.	0		O	?
kop	kop	kop	0		Y	?
rahha	####	####				
     	raha	raha	0		S	sg g
     	#raha	raha	0		S	sg p
küsinud	küsi=nud	küsi=nud	0		A	
       	küsi=nud	küsi=nud	0		A	sg n
       	küsi=nu	küsi=nu	d		S	pl n
       	küsi=nud	küsi=nud	d		A	pl n
       	@küsinud	küsi	nud		V	nud
,	,	,			Z	
temma	####	####				
     	tema	tema	0		P	sg g
     	#tema	tema	0		P	sg n
tahtnud	taht=nud	taht=nud	0		A	
       	taht=nud	taht=nud	0		A	sg n
       	taht=nu	taht=nu	d		S	pl n
       	taht=nud	taht=nud	d		A	pl n
       	@tahtnud	taht	nud		V	nud
anda	anda	and	a		V	da
,	,	,			Z	
põlle	põll	põll	0		S	adt
     	põll	põll	0		S	sg g
     	põll	põll	0		S	sg p
     	£pole	ole	0		V	neg o
wõtnud	võt=nud	võt=nud	0		A	
      	võt=nud	võt=nud	0		A	sg n
      	võt=nu	võt=nu	d		S	pl n
      	võt=nud	võt=nud	d		A	pl n
      	@võtnud	võt	nud		V	nud
,	,	,			Z	
on	@on	ole	0		V	b
  	ole	ole	0		V	vad
riido	####	####				
     	#riidu	riid	0		S	sg p
kiskunud	kisku=nud	kisku=nud	0		A	
        	kisku=nud	kisku=nud	0		A	sg n
        	kisku=nu	kisku=nu	d		S	pl n
        	kisku=nud	kisku=nud	d		A	pl n
        	@kiskunud	kisku	nud		V	nud
.	.	.			Z	
Kõrtsmik	kõrtsmik	kõrtsmik	0		S	sg n
on	@on	ole	0		V	b
  	ole	ole	0		V	vad
kambrist	kambrist	kamber	st		S	sg el
wälja	väli	väli	0		S	adt
     	väli	väli	0		S	sg g
     	väli	väli	0		S	sg p
     	@välja	välja	0		D	
     	välja	välja	0		V	o
aianud	####	####				
      	#ajanud	aja	nud		V	nud
letti	lett	lett	0		S	adt
     	lett	lett	0		S	sg p
     	£leti	lett	0		S	sg g
ukse	ukse	uks	0		S	sg g
kinni	kinni	kinni	0		D	
pannud	pan=nud	pan=nud	0		A	
      	pan=nud	pan=nud	0		A	sg n
      	pan=nu	pan=nu	d		S	pl n
      	pan=nud	pan=nud	d		A	pl n
      	@pannud	pane	nud		V	nud
,	,	,			Z	
kohe	kohe	kohe	0		A	sg n
    	@kohe	kohe	0		D	
on	@on	ole	0		V	b
  	ole	ole	0		V	vad
teised	teine	teine	d		O	pl n
      	@teised	teine	d		P	pl n
temma	####	####				
     	#tema	tema	0		P	sg g
     	tema	tema	0		P	sg n
kinni	kinni	kinni	0		D	
wõtnud	võt=nud	võt=nud	0		A	
      	võt=nud	võt=nud	0		A	sg n
      	võt=nu	võt=nu	d		S	pl n
      	võt=nud	võt=nud	d		A	pl n
      	@võtnud	võt	nud		V	nud
,	,	,			Z	
pähhe	pähh	pähh	e		A	pl p
     	pähh	pähh	e		S	pl p
     	£pähe	pea	0		S	adt
lönud	####	####				
     	#löönud	löö	nud		V	nud
sapad	####	####				
     	#saapad	saabas	d		S	pl n
ärra	####	####				
    	#ära	ära	0		D	
    	ära	ära	0		V	neg o
kiskund	####	####				
       	#kiskunud	kisku	nd		V	nud
.	.	.			Z	
Tedda	####	####				
     	#teda	tema	da		P	sg p
wälja	väli	väli	0		S	adt
     	väli	väli	0		S	sg g
     	väli	väli	0		S	sg p
     	@välja	välja	0		D	
     	välja	välja	0		V	o
weddanud	####	####				
        	#vedanud	veda	nud		V	nud
ja	ja	ja	0		J	
peksnud	peks=nud	peks=nud	0		A	
       	peks=nud	peks=nud	0		A	sg n
       	peks=nu	peks=nu	d		S	pl n
       	peks=nud	peks=nud	d		A	pl n
       	@peksnud	peks	nud		V	nud
ja	ja	ja	0		J	
ei	ei	ei	0		D	
  	@ei	ei	0		V	neg
tea	tea	tead	0		V	o
mis	mis	mis	0		P	pl n
   	@mis	mis	0		P	sg n
temmaga	####	####				
       	#temaga	tema	ga		P	sg kom
teinud	@teinud	tege	nud		V	nud
      	tei=nud	tei=nud	0		A	
      	tei=nud	tei=nud	0		A	sg n
      	tei=nud	tei=nud	d		A	pl n
      	teinu	teinu	d		S	pl n
.	.	.			Z	
Hans	Hans	Hans	0		H	sg n
Wiermann	####	####				
        	#Wiermann	Wiermann	0		H	sg n
tunnistab	tunnistab	tunnista	b		V	b
:	:	:			Z	
Pomann	####	####				
      	#Pomann	Pomann	0		H	sg n
on	@on	ole	0		V	b
  	ole	ole	0		V	vad
temmaga	####	####				
       	#temaga	tema	ga		P	sg kom
kippunud	kippu=nud	kippu=nud	0		A	
        	kippu=nud	kippu=nud	0		A	sg n
        	kippu=nu	kippu=nu	d		S	pl n
        	kippu=nud	kippu=nud	d		A	pl n
        	@kippunud	kippu	nud		V	nud
sapaid	####	####				
      	#saapaid	saabas	id		S	pl p
wahhetama	####	####				
         	#vahetama	vaheta	ma		V	ma
,	,	,			Z	
temma	####	####				
     	tema	tema	0		P	sg g
     	#tema	tema	0		P	sg n
on	@on	ole	0		V	b
  	ole	ole	0		V	vad
wahhetanud	####	####				
          	#vahetanud	vaheta	nud		V	nud
ja	ja	ja	0		J	
3	3	3	0		N	?
puddelid	####	####				
        	#pudelit	pudel	d		S	sg p
paierid	####	####				
       	¤
peale	@peale	peale	0		D	
     	peale	peale	0		K	
     	pea	pea	le		S	sg all
küsinud	küsi=nud	küsi=nud	0		A	
       	küsi=nud	küsi=nud	0		A	sg n
       	küsi=nu	küsi=nu	d		S	pl n
       	küsi=nud	küsi=nud	d		A	pl n
       	@küsinud	küsi	nud		V	nud
,	,	,			Z	
agga	####	####				
    	#aga	aga	0		J	
Pomann	####	####				
      	#Pomann	Pomann	0		H	sg n
põlle	põll	põll	0		S	adt
     	põll	põll	0		S	sg g
     	põll	põll	0		S	sg p
     	£pole	ole	0		V	neg o
annud	####	####				
     	#andnud	and	nud		V	nud
.	.	.			Z	
Temma	####	####				
     	#tema	tema	0		P	sg n
on	@on	ole	0		V	b
  	ole	ole	0		V	vad
agga	####	####				
    	#aga	aga	0		J	
tagganeda	####	####				
         	#taganeda	tagane	da		V	da
tahtnud	taht=nud	taht=nud	0		A	
       	taht=nud	taht=nud	0		A	sg n
       	taht=nu	taht=nu	d		S	pl n
       	taht=nud	taht=nud	d		A	pl n
       	@tahtnud	taht	nud		V	nud
,	,	,			Z	
Pomann	####	####				
      	#Pomann	Pomann	0		H	sg n
põlle	põll	põll	0		S	adt
     	põll	põll	0		S	sg g
     	põll	põll	0		S	sg p
     	£pole	ole	0		V	neg o
tagganenud	####	####				
          	#taganenud	tagane	nud		V	nud
.	.	.			Z	
Wägggise	####	####				
        	#vägisi	vägisi	0		D	
on	@on	ole	0		V	b
  	ole	ole	0		V	vad
sanud	####	####				
     	#saanud	saa	nud		V	nud
sapad	####	####				
     	#saapad	saabas	d		S	pl n
Pomanni	####	####				
       	#Pomanni	Pomann	0		H	sg g
jalast	jalane	jalane	t		A	sg p
      	jalast	jalast	0		D	
      	jalas	jalas	t		S	sg p
      	@jalast	jalg	st		S	sg el
ärra	####	####				
    	#ära	ära	0		D	
    	ära	ära	0		V	neg o
wõetud	võe=tu	võe=tu	d		S	pl n
      	võetud	võetud	0		A	
      	võetud	võetud	0		A	sg n
      	võetud	võetud	d		A	pl n
      	@võetud	võt	tud		V	tud
.	.	.			Z	
Temma	####	####				
     	#tema	tema	0		P	sg n
on	@on	ole	0		V	b
  	ole	ole	0		V	vad
Pomanni	####	####				
       	#Pomanni	Pomann	0		H	sg g
õue	@õue	õu	0		S	adt
   	õu	õu	0		S	sg g
   	õu	õu	0		S	sg p
   	õue	õue	0		D	
weddanud	####	####				
        	#vedanud	veda	nud		V	nud
ja	ja	ja	0		J	
sapaga	####	####				
      	#saapaga	saabas	ga		S	sg kom
lönudja	####	####				
       	#löönud_ja	löönud_ja	0		J	
ta	tema	tema	0		P	sg g
  	@ta	tema	0		P	sg n
on	@on	ole	0		V	b
  	ole	ole	0		V	vad
senna	senna	senna	0		S	sg g
     	senna	senna	0		S	sg n
     	£sinna	sinna	0		D	
mahha	####	####				
     	#maha	maha	0		D	
jänud	####	####				
     	#jäänud	jää	nud		V	nud
.	.	.			Z	
Selle	@selle	see	0		P	sg g
     	sell	sell	e		S	pl p
peale	peale	peale	0		D	
     	@peale	peale	0		K	
     	pea	pea	le		S	sg all
sai	@sai	saa	i		V	s
   	sai	sai	0		S	sg n
Hans	Hans	Hans	0		H	sg n
Wiermann	####	####				
        	#Wiermann	Wiermann	0		H	sg n
wangi	vang	vang	0		S	adt
     	@vangi	vang	0		S	sg g
     	vang	vang	0		S	sg p
puri	puri	puri	0		S	sg n
    	£puuri	puur	0		S	adt
kinni	kinni	kinni	0		D	
pandud	pan=dud	pan=dud	0		A	
      	pan=dud	pan=dud	0		A	sg n
      	pan=du	pan=du	d		S	pl n
      	pan=dud	pan=dud	d		A	pl n
      	@pandud	pane	dud		V	tud
.	.	.			Z	
Kõrtsmik	kõrtsmik	kõrtsmik	0		S	sg n
Mihkel	@Mihkel	Mihkel	0		H	sg n
      	mihkel	mihkel	0		A	sg n
      	mihkel	mihkel	0		S	sg n
Tirmann	####	####				
       	#Tirmann	Tirmann	0		H	sg n
tunnistab	tunnistab	tunnista	b		V	b
:	:	:			Z	
Pomann	####	####				
      	#Pomann	Pomann	0		H	sg n
on	@on	ole	0		V	b
  	ole	ole	0		V	vad
essite	####	####				
      	#esiti	esiti	0		D	
Hans	Hans	Hans	0		H	sg n
Wannatoad	####	####				
         	#Vanatoad	Wanatoa	d		H	sg p
pilkanud	####	####				
        	#pilganud	pilka	nud		V	nud
riid	riid	riid	0		S	sg n
kippunud	kippu=nud	kippu=nud	0		A	
        	kippu=nud	kippu=nud	0		A	sg n
        	kippu=nu	kippu=nu	d		S	pl n
        	kippu=nud	kippu=nud	d		A	pl n
        	@kippunud	kippu	nud		V	nud
tõusma	tõusma	tõus	ma		V	ma
,	,	,			Z	
temma	####	####				
     	tema	tema	0		P	sg g
     	#tema	tema	0		P	sg n
on	@on	ole	0		V	b
  	ole	ole	0		V	vad
neid	neid	neid	0		S	sg n
    	see	see	d		P	pl p
    	@neid	tema	d		P	pl p
kambrist	kambrist	kamber	st		S	sg el
wälja	väli	väli	0		S	adt
     	väli	väli	0		S	sg g
     	väli	väli	0		S	sg p
     	@välja	välja	0		D	
     	välja	välja	0		V	o
aianud	####	####				
      	#ajanud	aja	nud		V	nud
ja	ja	ja	0		J	
põlle	põll	põll	0		S	adt
     	põll	põll	0		S	sg g
     	põll	põll	0		S	sg p
     	£pole	ole	0		V	neg o
mitte	mitte	mitte	0		D	
ennam	####	####				
     	#enam	enam	0		D	
kaupa	kaup	kaup	0		S	adt
     	@kaupa	kaup	0		S	sg p
     	kaupa	kaupa	0		K	
annud	####	####				
     	#andnud	and	nud		V	nud
,	,	,			Z	
pärast	pärane	pärane	t		A	sg p
      	@pärast	pärast	0		D	
      	pärast	pärast	0		K	
      	pära	pära	st		S	sg el
on	@on	ole	0		V	b
  	ole	ole	0		V	vad
nad	nad	tema	d		P	pl n
sapaid	####	####				
      	#saapaid	saabas	id		S	pl p
wahhetanud	####	####				
          	#vahetanud	vaheta	nud		V	nud
.	.	.			Z	
Sealt	@sealt	sealt	0		D	
     	siga	siga	lt		A	sg abl
     	siga	siga	lt		S	sg abl
kippunud	kippu=nud	kippu=nud	0		A	
        	kippu=nud	kippu=nud	0		A	sg n
        	kippu=nu	kippu=nu	d		S	pl n
        	kippu=nud	kippu=nud	d		A	pl n
        	@kippunud	kippu	nud		V	nud
jälle	jälle	jälle	0		D	
tülli	tüli	tüli	0		S	adt
     	tüll	tüll	0		S	adt
     	tüll	tüll	0		S	sg g
     	tüll	tüll	0		S	sg p
     	tülli	tülli	0		D	
     	£tüli	tüli	0		S	sg n
tulema	tulema	tule	ma		V	ma
,	,	,			Z	
temma	####	####				
     	tema	tema	0		P	sg g
     	#tema	tema	0		P	sg n
käskinud	käski=nud	käski=nud	0		A	
        	käski=nud	käski=nud	0		A	sg n
        	käski=nu	käski=nu	d		S	pl n
        	käski=nud	käski=nud	d		A	pl n
        	@käskinud	käski	nud		V	nud
Pomanni	####	####				
       	#Pomanni	Pomann	0		H	sg p
sapad	####	####				
     	#saapad	saabas	d		S	pl n
kätte	@kätte	käsi	tte		S	adt
     	kätte	kätte	0		K	
anda	anda	and	a		V	da
.	.	.			Z	
Se	####	####				
  	#see	see	0		P	sg n
ei	ei	ei	0		D	
  	@ei	ei	0		V	neg
olla	olla	ole	a		V	da
annud	####	####				
     	#andnud	and	nud		V	nud
.	.	.			Z	
Temma	####	####				
     	#tema	tema	0		P	sg n
on	@on	ole	0		V	b
  	ole	ole	0		V	vad
wälja	väli	väli	0		S	adt
     	väli	väli	0		S	sg g
     	väli	väli	0		S	sg p
     	@välja	välja	0		D	
     	välja	välja	0		V	o
aianud	####	####				
      	#ajanud	aja	nud		V	nud
,	,	,			Z	
letti	lett	lett	0		S	adt
     	lett	lett	0		S	sg p
     	£leti	lett	0		S	sg g
ukse	ukse	uks	0		S	sg g
kinni	kinni	kinni	0		D	
pannud	pan=nud	pan=nud	0		A	
      	pan=nud	pan=nud	0		A	sg n
      	pan=nu	pan=nu	d		S	pl n
      	pan=nud	pan=nud	d		A	pl n
      	@pannud	pane	nud		V	nud
.	.	.			Z	
Kuulnud	kuul=nud	kuul=nud	0		A	
       	kuul=nud	kuul=nud	0		A	sg n
       	kuul=nud	kuul=nud	d		A	pl n
       	kuulnu	kuulnu	d		S	pl n
       	@kuulnud	kuul	nud		V	nud
et	et	et	0		J	
õues	õues	õues	0		D	
    	@õues	õu	s		S	sg in
kisa	kisa	kisa	0		S	sg g
    	@kisa	kisa	0		S	sg n
    	kisa	kisa	0		S	sg p
    	kisa	kisa	0		V	o
olnud	ol=nud	ol=nud	0		A	
     	ol=nud	ol=nud	0		A	sg n
     	ol=nud	ol=nud	d		A	pl n
     	@olnud	ole	nud		V	nud
     	olnu	olnu	d		S	pl n
,	,	,			Z	
on	@on	ole	0		V	b
  	ole	ole	0		V	vad
tulle	tuli	tuli	0		S	adt
     	tull	tull	e		S	pl p
     	£tule	tuli	0		S	sg g
wõtnud	võt=nud	võt=nud	0		A	
      	võt=nud	võt=nud	0		A	sg n
      	võt=nu	võt=nu	d		S	pl n
      	võt=nud	võt=nud	d		A	pl n
      	@võtnud	võt	nud		V	nud
ja	ja	ja	0		J	
õue	@õue	õu	0		S	adt
   	õu	õu	0		S	sg g
   	õu	õu	0		S	sg p
   	õue	õue	0		D	
watama	####	####				
      	#vaatama	vaata	ma		V	ma
läinud	läinud	läinud	0		A	
      	läinud	läinud	0		A	sg n
      	läinu	läinu	d		S	pl n
      	läinud	läinud	d		A	pl n
      	@läinud	mine	nud		V	nud
,	,	,			Z	
koia	####	####				
    	#koja	koda	0		S	sg g
uks	uks	uks	0		S	sg n
on	@on	ole	0		V	b
  	ole	ole	0		V	vad
kinni	kinni	kinni	0		D	
olnud	ol=nud	ol=nud	0		A	
     	ol=nud	ol=nud	0		A	sg n
     	ol=nud	ol=nud	d		A	pl n
     	@olnud	ole	nud		V	nud
     	olnu	olnu	d		S	pl n
,	,	,			Z	
põlle	põll	põll	0		S	adt
     	põll	põll	0		S	sg g
     	põll	põll	0		S	sg p
     	£pole	ole	0		V	neg o
wälja	väli	väli	0		S	adt
     	väli	väli	0		S	sg g
     	väli	väli	0		S	sg p
     	@välja	välja	0		D	
     	välja	välja	0		V	o
sanud	####	####				
     	#saanud	saa	nud		V	nud
,	,	,			Z	
on	@on	ole	0		V	b
  	ole	ole	0		V	vad
owist	####	####				
     	#hoovist	hoov	st		S	sg el
läbbi	####	####				
     	#läbi	läbi	0		D	
     	läbi	läbi	0		K	
     	läbi	läbi	0		V	o
wälja	väli	väli	0		S	adt
     	väli	väli	0		S	sg g
     	väli	väli	0		S	sg p
     	@välja	välja	0		D	
     	välja	välja	0		V	o
läinud	läinud	läinud	0		A	
      	läinud	läinud	0		A	sg n
      	läinu	läinu	d		S	pl n
      	läinud	läinud	d		A	pl n
      	@läinud	mine	nud		V	nud
Tõnno	####	####				
     	#Tõnno	Tõnno	0		H	sg n
Ahlbokiga	####	####				
         	#Ahlbokiga	Ahlbok	ga		H	sg kom
.	.	.			Z	
Teised	teine	teine	d		O	pl n
      	@teised	teine	d		P	pl n
poisid	poi	poi	sid		S	pl p
      	@poisid	poiss	d		S	pl n
on	ole	ole	0		V	b
  	@on	ole	0		V	vad
siis	@siis	siis	0		D	
    	siis	siis	0		J	
jooksu	@jooksu	jooks	0		S	adt
      	jooks	jooks	0		S	sg g
      	jooks	jooks	0		S	sg p
pannud	pan=nud	pan=nud	0		A	
      	pan=nud	pan=nud	0		A	sg n
      	pan=nu	pan=nu	d		S	pl n
      	pan=nud	pan=nud	d		A	pl n
      	@pannud	pane	nud		V	nud
ja	ja	ja	0		J	
Pomann	####	####				
      	#Pomann	Pomann	0		H	sg n
on	@on	ole	0		V	b
  	ole	ole	0		V	vad
kõrtsu	####	####				
      	#kõrtsi	kõrts	0		S	sg g
ees	ees	ees	0		D	
   	@ees	ees	0		K	
   	esi	esi	s		S	sg in
pitkali	####	####				
       	#pikali	pikali	0		D	
maas	maas	maas	0		D	
    	@maas	maa	s		S	sg in
olnud	ol=nud	ol=nud	0		A	
     	ol=nud	ol=nud	0		A	sg n
     	ol=nud	ol=nud	d		A	pl n
     	@olnud	ole	nud		V	nud
     	olnu	olnu	d		S	pl n
palja	palja	paljas	0		A	sg g
jallo	####	####				
     	#jalu	jalu	0		D	
ja	ja	ja	0		J	
põlle	põll	põll	0		S	adt
     	põll	põll	0		S	sg g
     	põll	põll	0		S	sg p
     	£pole	ole	0		V	neg o
ennam	####	####				
     	#enam	enam	0		D	
healt	hea=lt	hea=lt	0		D	
     	hea	hea	lt		A	sg abl
     	hea	hea	lt		S	sg abl
     	£häält	hääl	t		S	sg p
teinud	@teinud	tege	nud		V	nud
      	tei=nud	tei=nud	0		A	
      	tei=nud	tei=nud	0		A	sg n
      	tei=nud	tei=nud	d		A	pl n
      	teinu	teinu	d		S	pl n
.	.	.			Z	
Temma	####	####				
     	#tema	tema	0		P	sg n
on	@on	ole	0		V	b
  	ole	ole	0		V	vad
lasknud	lask=nud	lask=nud	0		A	
       	lask=nud	lask=nud	0		A	sg n
       	lask=nu	lask=nu	d		S	pl n
       	lask=nud	lask=nud	d		A	pl n
       	@lasknud	lask	nud		V	nud
ärra	####	####				
    	#ära	ära	0		D	
    	ära	ära	0		V	neg o
korristada	####	####				
          	#koristada	korista	da		V	da
,	,	,			Z	
tuppa	tuppa	tuba	0		S	adt
wia	####	####				
   	#viia	vii	a		V	da
ja	ja	ja	0		J	
werrest	####	####				
       	#verest	veri	st		S	sg el
puhhastada	####	####				
          	#puhastada	puhasta	da		V	da
kuni	@kuni	kuni	0		J	
    	kuni	kuni	0		K	
toibunud	toibu=nud	toibu=nud	0		A	
        	toibu=nud	toibu=nud	0		A	sg n
        	toibu=nu	toibu=nu	d		S	pl n
        	toibu=nud	toibu=nud	d		A	pl n
        	@toibunud	toibu	nud		V	nud
.	.	.			Z	
Et	et	et	0		J	
poiste	poiste	poiss	te		S	pl g
tunnistused	tunnistused	tunnistus	d		S	pl n
ei	ei	ei	0		D	
  	@ei	ei	0		V	neg
näitnud	####	####				
       	#näidanud	näita	nud		V	nud
õiged	õiged	õige	d		A	pl n
ollewad	####	####				
       	#olevat	ole	vad		V	vat
sai	@sai	saa	i		V	s
   	sai	sai	0		S	sg n
Hans	Hans	Hans	0		H	sg n
Wiermann	####	####				
        	#Wiermann	Wiermann	0		H	sg n
ueste	####	####				
     	#uuesti	uuesti	0		D	
ette	esi	esi	tte		S	adt
    	@ette	ette	0		D	
    	ette	ette	0		K	
toodud	toodud	toodud	0		A	
      	toodud	toodud	0		A	sg n
      	toodu	toodu	d		S	pl n
      	@toodud	too	dud		V	tud
      	toodud	toodud	d		A	pl n
.	.	.			Z	
Tunnistab	tunnistab	tunnista	b		V	b
:	:	:			Z	
Et	et	et	0		J	
need	need	see	d		P	pl n
tunnistused	tunnistused	tunnistus	d		S	pl n
ei	ei	ei	0		D	
  	@ei	ei	0		V	neg
ole	ole	ole	0		V	o
õiged	õiged	õige	d		A	pl n
,	,	,			Z	
ei	ei	ei	0		D	
  	@ei	ei	0		V	neg
temmal	####	####				
      	#temal	tema	l		P	sg ad
egga	####	####				
    	ega	ega	0		D	
    	#ega	ega	0		J	
teistel	teine	teine	tel		O	pl ad
       	@teistel	teine	tel		P	pl ad
mis	mis	mis	0		P	pl n
   	@mis	mis	0		P	sg n
nad	nad	tema	d		P	pl n
tunnistanud	tunnista=nud	tunnista=nud	0		A	
           	tunnista=nud	tunnista=nud	0		A	sg n
           	tunnista=nu	tunnista=nu	d		S	pl n
           	tunnista=nud	tunnista=nud	d		A	pl n
           	@tunnistanud	tunnista	nud		V	nud
.	.	.			Z	
Keik	####	####				
    	#kõik	kõik	0		P	sg n
on	@on	ole	0		V	b
  	ole	ole	0		V	vad
Pomanni	####	####				
       	#Pomanni	Pomann	0		H	sg p
lönud	####	####				
     	#löönud	löö	nud		V	nud
ja	ja	ja	0		J	
siis	@siis	siis	0		D	
    	siis	siis	0		J	
tellinud	telli=nud	telli=nud	0		A	
        	telli=nud	telli=nud	0		A	sg n
        	telli=nu	telli=nu	d		S	pl n
        	telli=nud	telli=nud	d		A	pl n
        	@tellinud	telli	nud		V	nud
teda	teda	tema	da		P	sg p
,	,	,			Z	
süüd	süüd	süüd	0		S	sg n
    	süü	süü	d		S	pl n
    	@süüd	süü	d		S	sg p
omma	####	####				
    	#oma	oma	0		P	sg g
    	on	ole	0		V	vad
peale	peale	peale	0		D	
     	@peale	peale	0		K	
     	pea	pea	le		S	sg all
wõtta	@võtta	võt	a		V	da
     	võta	võt	0		V	o
ja	ja	ja	0		J	
lubbanud	####	####				
        	#lubanud	luba	nud		V	nud
temmale	####	####				
       	#temale	tema	le		P	sg all
maksta	@maksta	maks	ta		V	da
      	maks	maks	ta		V	ta
.	.	.			Z	
Et	et	et	0		J	
pealt	@pealt	pealt	0		D	
     	pealt	pealt	0		K	
     	pea	pea	lt		S	sg abl
näggiaid	####	####				
        	#nägijaid	nägija	id		S	pl p
siin	@siin	siin	0		D	
    	siin	siin	0		S	sg n
ei	ei	ei	0		D	
  	@ei	ei	0		V	neg
olle	####	####				
    	#ole	ole	0		V	o
jäi	jäi	jää	i		V	s
se	####	####				
  	#see	see	0		P	sg n
assi	ass	ass	0		S	adt
    	ass	ass	0		S	sg g
    	ass	ass	0		S	sg p
    	£asi	asi	0		S	sg n
tullewa	####	####				
       	#tuleva	tule	va		V	v sg g
kohtu	kohtu	kohtu	0		V	o
     	@kohtu	kohus	0		S	sg g
päewaks	@päevaks	päev	ks		S	sg tr
poolele	pool	pool	le		N	sg all
       	pool	pool	le		S	sg all
       	£pooleli	pooleli	0		D	
.	.	.			Z	
04.01.1880	04.01.1880	04.01.1880	0		N	?
          	£04_._01_._1880	04_._01_._1880	0		N	?
Ettewõetud	ette_võetud	ette_võetud	0		A	
          	ette_võetud	ette_võetud	0		A	sg n
          	ette_võetud	ette_võetud	d		A	pl n
          	£ettevõetud	ette_võt	tud		V	tud
sai	@sai	saa	i		V	s
   	sai	sai	0		S	sg n
se	####	####				
  	#see	see	0		P	sg n
assi	ass	ass	0		S	adt
    	ass	ass	0		S	sg g
    	ass	ass	0		S	sg p
    	£asi	asi	0		S	sg n
mis	mis	mis	0		P	pl n
   	@mis	mis	0		P	sg n
poolelei	####	####				
        	#pooleli	pooleli	0		D	
jäi	jäi	jää	i		V	s
.	.	.			Z	
Tõnno	####	####				
     	#Tõnno	Tõnno	0		H	sg n
Ahlbok	####	####				
      	#Ahlbok	Ahlbok	0		H	sg n
pealt	@pealt	pealt	0		D	
     	pealt	pealt	0		K	
     	pea	pea	lt		S	sg abl
näggia	####	####				
      	#nägija	nägija	0		S	sg n
tunnistab	tunnistab	tunnista	b		V	b
:	:	:			Z	
Hinrek	####	####				
      	#Hinrek	Hinrek	0		H	sg n
Kalk	kalk	kalk	0		A	sg n
    	£Kalk	Kalk	0		H	sg n
on	@on	ole	0		V	b
  	ole	ole	0		V	vad
keige	####	####				
     	#kõige	kõige	0		D	
enne	@enne	enne	0		D	
    	enne	enne	0		K	
    	enne	enne	0		S	sg n
Palwere	####	####				
       	#Palvere	Palwere	0		H	sg g
kõrtsus	####	####				
       	#kõrtsis	kõrts	s		S	sg in
olnud	ol=nud	ol=nud	0		A	
     	ol=nud	ol=nud	0		A	sg n
     	ol=nud	ol=nud	d		A	pl n
     	@olnud	ole	nud		V	nud
     	olnu	olnu	d		S	pl n
,	,	,			Z	
seal	@seal	seal	0		D	
    	siga	siga	l		A	sg ad
    	siga	siga	l		S	sg ad
pool	@pool	pool	0		K	
    	pool	pool	0		N	sg n
    	pool	pool	0		S	sg n
toopi	toop	toop	0		S	adt
     	@toopi	toop	0		S	sg p
wiina	viin	viin	0		S	adt
     	viin	viin	0		S	sg g
     	@viina	viin	0		S	sg p
puddelisse	####	####				
          	#pudelisse	pudel	sse		S	sg ill
pannud	pan=nud	pan=nud	0		A	
      	pan=nud	pan=nud	0		A	sg n
      	pan=nu	pan=nu	d		S	pl n
      	pan=nud	pan=nud	d		A	pl n
      	@pannud	pane	nud		V	nud
ja	ja	ja	0		J	
kui	kui	kui	0		D	
   	@kui	kui	0		J	
Mik	####	####				
   	#Mikk	Mik	0		H	sg n
Pomann	####	####				
      	#Pomann	Pomann	0		H	sg n
senna	senna	senna	0		S	sg g
     	senna	senna	0		S	sg n
     	£sinna	sinna	0		D	
tulnud	tul=nud	tul=nud	0		A	
      	tul=nud	tul=nud	0		A	sg n
      	tul=nud	tul=nud	d		A	pl n
      	@tulnud	tule	nud		V	nud
      	tulnu	tulnu	d		S	pl n
on	@on	ole	0		V	b
  	ole	ole	0		V	vad
Kalk	kalk	kalk	0		A	sg n
    	£Kalk	Kalk	0		H	sg n
kohhe	####	####				
     	#kohe	kohe	0		D	
Kiisale	kiisk	kiisk	le		S	sg all
       	£Kiisale	Kiisa	le		H	sg all
läinud	läinud	läinud	0		A	
      	läinud	läinud	0		A	sg n
      	läinu	läinu	d		S	pl n
      	läinud	läinud	d		A	pl n
      	@läinud	mine	nud		V	nud
ja	ja	ja	0		J	
teised	teine	teine	d		O	pl n
      	@teised	teine	d		P	pl n
poisid	poi	poi	sid		S	pl p
      	@poisid	poiss	d		S	pl n
senna	senna	senna	0		S	sg g
     	senna	senna	0		S	sg n
     	£sinna	sinna	0		D	
toonud	too=nud	too=nud	0		A	
      	too=nud	too=nud	0		A	sg n
      	too=nu	too=nu	d		S	pl n
      	too=nud	too=nud	d		A	pl n
      	@toonud	too	nud		V	nud
ja	ja	ja	0		J	
riidu	riid	riid	0		S	adt
     	@riidu	riid	0		S	sg p
     	riidu	riidu	0		D	
teggama	####	####				
       	#tegema	tege	ma		V	ma
hakkand	hakk_and	hakk_and	0		S	sg n
       	£hakanud	hakka	nd		V	nud
.	.	.			Z	
Siis	@siis	siis	0		D	
    	siis	siis	0		J	
on	@on	ole	0		V	b
  	ole	ole	0		V	vad
nad	nad	tema	d		P	pl n
sapaid	####	####				
      	#saapaid	saabas	id		S	pl p
wahhetanud	####	####				
          	#vahetanud	vaheta	nud		V	nud
ja	ja	ja	0		J	
tagganeda	####	####				
         	#taganeda	tagane	da		V	da
tahtnud	taht=nud	taht=nud	0		A	
       	taht=nud	taht=nud	0		A	sg n
       	taht=nu	taht=nu	d		S	pl n
       	taht=nud	taht=nud	d		A	pl n
       	@tahtnud	taht	nud		V	nud
.	.	.			Z	
Kalk	kalk	kalk	0		A	sg n
    	£Kalk	Kalk	0		H	sg n
on	@on	ole	0		V	b
  	ole	ole	0		V	vad
kohhe	####	####				
     	#kohe	kohe	0		D	
Pomannile	####	####				
         	#Pomannile	Pomann	le		H	sg all
möda	####	####				
    	#mööda	mööda	0		K	
silmi	silmi	silmi	0		D	
     	@silmi	silm	i		S	pl p
lönud	####	####				
     	#löönud	löö	nud		V	nud
,	,	,			Z	
pitkali	####	####				
       	#pikali	pikali	0		D	
mahha	####	####				
     	#maha	maha	0		D	
tõmbanud	####	####				
        	#tõmmanud	tõmba	nud		V	nud
ja	ja	ja	0		J	
põlwili	põlvili	põlvili	0		D	
teise	teine	teine	0		O	adt
     	teine	teine	0		O	sg g
     	teine	teine	0		P	adt
     	@teise	teine	0		P	sg g
rinde	rind	rind	0		S	pl g
     	rinne	rinne	0		S	sg g
     	£rindade	rind	de		S	pl g
peal	peal	peal	0		D	
    	@peal	peal	0		K	
    	pea	pea	l		S	sg ad
olnud	ol=nud	ol=nud	0		A	
     	ol=nud	ol=nud	0		A	sg n
     	ol=nud	ol=nud	d		A	pl n
     	@olnud	ole	nud		V	nud
     	olnu	olnu	d		S	pl n
ja	ja	ja	0		J	
öölnud	####	####				
      	#öelnud	ütle	nud		V	nud
:	:	:			Z	
sind	sind	sina	d		P	sg p
kuratid	####	####				
       	#kuradit	kurat	d		S	sg p
ma	ma	mina	0		P	sg n
ennam	####	####				
     	#enam	enam	0		D	
täna	@täna	täna	0		D	
    	täna	täna	0		V	o
ellusse	####	####				
       	#elusse	elu	sse		S	sg ill
ei	ei	ei	0		D	
  	@ei	ei	0		V	neg
jätta	jät	jät	a		V	da
     	£jäta	jät	0		V	o
.	.	.			Z	
Teised	teine	teine	d		O	pl n
      	@teised	teine	d		P	pl n
on	ole	ole	0		V	b
  	@on	ole	0		V	vad
sapad	####	####				
     	#saapad	saabas	d		S	pl n
jallast	####	####				
       	#jalast	jalg	st		S	sg el
ärra	####	####				
    	#ära	ära	0		D	
    	ära	ära	0		V	neg o
tõmband	####	####				
       	#tõmmanud	tõmba	nd		V	nud
ja	ja	ja	0		J	
siis	@siis	siis	0		D	
    	siis	siis	0		J	
seltsis	seltsis	seltsis	0		D	
       	seltsis	seltsis	0		K	
       	seltsi	seltsi	s		V	s
       	@seltsis	selts	s		S	sg in
kollinal	####	####				
        	#kolinal	kolin	l		S	sg ad
Pomanni	####	####				
       	#Pomanni	Pomann	0		H	sg g
õue	@õue	õu	0		S	adt
   	õu	õu	0		S	sg g
   	õu	õu	0		S	sg p
   	õue	õue	0		D	
weddanud	####	####				
        	#vedanud	veda	nud		V	nud
.	.	.			Z	
Pallo	####	####				
     	#Pallo	Pallo	0		H	sg n
on	@on	ole	0		V	b
  	ole	ole	0		V	vad
temma	####	####				
     	#tema	tema	0		P	sg g
     	tema	tema	0		P	sg n
kaelast	kaelast	kaelast	0		K	
       	@kaelst	kael	st		S	sg el
kinni	kinni	kinni	0		D	
hakkand	hakk_and	hakk_and	0		S	sg n
       	£hakanud	hakka	nd		V	nud
,	,	,			Z	
põlle	põll	põll	0		S	adt
     	põll	põll	0		S	sg g
     	põll	põll	0		S	sg p
     	£pole	ole	0		V	neg
lasknud	lask=nud	lask=nud	0		A	
       	lask=nud	lask=nud	0		A	sg n
       	lask=nu	lask=nu	d		S	pl n
       	lask=nud	lask=nud	d		A	pl n
       	@lasknud	lask	nud		V	nud
tedda	####	####				
     	#teda	tema	da		P	sg p
wälja	väli	väli	0		S	adt
     	väli	väli	0		S	sg g
     	väli	väli	0		S	sg p
     	@välja	välja	0		D	
     	välja	välja	0		V	o
minna	minna	mine	a		V	da
,	,	,			Z	
temma	####	####				
     	tema	tema	0		P	sg g
     	#tema	tema	0		P	sg n
on	@on	ole	0		V	b
  	ole	ole	0		V	vad
kohhe	####	####				
     	#kohe	kohe	0		D	
kõrtsmikku	kõrtsmik	kõrtsmik	0		S	adt
          	@kõrtsmikku	kõrtsmik	0		S	sg p
hüüdnud	hüüd=nud	hüüd=nud	0		A	
       	hüüd=nud	hüüd=nud	0		A	sg n
       	hüüd=nu	hüüd=nu	d		S	pl n
       	hüüd=nud	hüüd=nud	d		A	pl n
       	@hüüdnud	hüüd	nud		V	nud
,	,	,			Z	
kõrtsmik	kõrtsmik	kõrtsmik	0		S	sg n
kohhe	####	####				
     	#kohe	kohe	0		D	
tullega	####	####				
       	#tulega	tuli	ga		S	sg kom
tulnud	tul=nud	tul=nud	0		A	
      	tul=nud	tul=nud	0		A	sg n
      	tul=nud	tul=nud	d		A	pl n
      	@tulnud	tule	nud		V	nud
      	tulnu	tulnu	d		S	pl n
.	.	.			Z	
Uks	uks	uks	0		S	sg n
on	@on	ole	0		V	b
  	ole	ole	0		V	vad
kinni	kinni	kinni	0		D	
olnud	ol=nud	ol=nud	0		A	
     	ol=nud	ol=nud	0		A	sg n
     	ol=nud	ol=nud	d		A	pl n
     	@olnud	ole	nud		V	nud
     	olnu	olnu	d		S	pl n
ei	ei	ei	0		D	
  	@ei	ei	0		V	neg
ole	ole	ole	0		V	o
wälja	väli	väli	0		S	adt
     	väli	väli	0		S	sg g
     	väli	väli	0		S	sg p
     	@välja	välja	0		D	
     	välja	välja	0		V	o
sanud	####	####				
     	#saanud	saa	nud		V	nud
.	.	.			Z	
Pallo	####	####				
     	#Pallo	Pallo	0		H	sg n
on	@on	ole	0		V	b
  	ole	ole	0		V	vad
kohhe	####	####				
     	#kohe	kohe	0		D	
nende	see	see	de		P	pl g
     	@nende	tema	de		P	pl g
eele	@eele	eele	0		D	
    	esi	esi	le		S	sg all
wälja	väli	väli	0		S	adt
     	väli	väli	0		S	sg g
     	väli	väli	0		S	sg p
     	@välja	välja	0		D	
     	välja	välja	0		V	o
jooksnud	jooks=nud	jooks=nud	0		A	
        	jooks=nud	jooks=nud	0		A	sg n
        	jooks=nu	jooks=nu	d		S	pl n
        	jooks=nud	jooks=nud	d		A	pl n
        	@jooksnud	jooks	nud		V	nud
kui	kui	kui	0		D	
   	@kui	kui	0		J	
nemmad	####	####				
      	#nemad	tema	d		P	pl n
owist	####	####				
     	#hoovist	hoov	st		S	sg el
läbbi	####	####				
     	#läbi	läbi	0		D	
     	läbi	läbi	0		K	
     	läbi	läbi	0		V	o
wälja	väli	väli	0		S	adt
     	väli	väli	0		S	sg g
     	väli	väli	0		S	sg p
     	@välja	välja	0		D	
     	välja	välja	0		V	o
sanud	####	####				
     	#saanud	saa	nud		V	nud
on	@on	ole	0		V	b
  	ole	ole	0		V	vad
Pallo	####	####				
     	#Pallo	Pallo	0		H	sg n
jalgopidi	####	####				
         	#jalgupidi	jalgu_pidi	0		D	
Pomanni	####	####				
       	#Pomanni	Pomann	0		H	sg p
weddanud	####	####				
        	#vedanud	veda	nud		V	nud
.	.	.			Z	
Kui	kui	kui	0		D	
   	@kui	kui	0		J	
nemmad	####	####				
      	#nemad	tema	d		P	pl n
juure	juur	juur	0		S	sg g
     	£juurde	juurde	0		D	
sanud	####	####				
     	#saanud	saa	nud		V	nud
,	,	,			Z	
on	@on	ole	0		V	b
  	ole	ole	0		V	vad
Poman	####	####				
     	#Pomann	Pomann	0		H	sg n
kui	kui	kui	0		D	
   	@kui	kui	0		J	
surnud	@surnud	sure	nud		V	nud
      	surnud	surnud	0		A	
      	surnud	surnud	0		A	sg n
      	surnu	surnu	d		S	pl n
      	surnud	surnud	d		A	pl n
olnud	ol=nud	ol=nud	0		A	
     	ol=nud	ol=nud	0		A	sg n
     	ol=nud	ol=nud	d		A	pl n
     	@olnud	ole	nud		V	nud
     	olnu	olnu	d		S	pl n
,	,	,			Z	
palja	palja	paljas	0		A	sg g
jallo	####	####				
     	#jalu	jalu	0		D	
,	,	,			Z	
palja	palja	paljas	0		A	sg g
peaga	peaga	pea	ga		S	sg kom
werrine	####	####				
       	#verine	verine	0		A	sg n
maande	####	####				
      	#maantee	maan_tee	0		S	sg g
peal	peal	peal	0		D	
    	@peal	peal	0		K	
    	pea	pea	l		S	sg ad
maas	maas	maas	0		D	
    	@maas	maa	s		S	sg in
.	.	.			Z	
Jaan	@Jaan	Jaan	0		H	sg n
    	jaan	jaan	0		S	sg n
    	jaan	jaan	0		Y	?
Wana	vana	vana	0		A	sg g
    	vana	vana	0		A	sg n
    	vana	vana	0		A	sg p
    	vana	vana	0		S	sg g
    	vana	vana	0		S	sg n
    	vana	vana	0		S	sg p
    	£Vana	Wana	0		H	sg n
tunnistab	tunnistab	tunnista	b		V	b
:	:	:			Z	
nendasammoti	####	####				
            	#nõndasamuti	nõnda_samuti	0		D	
.	.	.			Z	
Hans	Hans	Hans	0		H	sg n
Pallo	####	####				
     	#Pallo	Pallo	0		H	sg n
ei	ei	ei	0		D	
  	@ei	ei	0		V	neg
tahha	####	####				
     	#taha	taht	0		V	o
middagi	####	####				
       	#midagi	miski	dagi		P	sg p
tunnistada	tunnistada	tunnista	da		V	da
agga	####	####				
    	#aga	aga	0		J	
et	et	et	0		J	
ta	tema	tema	0		P	sg g
  	@ta	tema	0		P	sg n
kohtu	kohtu	kohtu	0		V	o
     	@kohtu	kohus	0		S	sg g
ees	ees	ees	0		D	
   	@ees	ees	0		K	
   	esi	esi	s		S	sg in
ei	ei	ei	0		D	
  	@ei	ei	0		V	neg
walletaks	####	####				
         	#valetaks	valeta	ks		V	ks
sai	@sai	saa	i		V	s
   	sai	sai	0		S	sg n
ta	tema	tema	0		P	sg g
  	@ta	tema	0		P	sg n
30	30	30	0		N	?
witsa	vits	vits	0		S	adt
     	@vitsa	vits	0		S	sg g
     	vits	vits	0		S	sg p
hobiga	hobi	hobi	ga		S	sg kom
      	£hoobiga	hoop	ga		S	sg kom
trahwitud	trahvi=tud	trahvi=tud	0		A	
         	trahvi=tud	trahvi=tud	0		A	sg n
         	trahvi=tu	trahvi=tu	d		S	pl n
         	trahvi=tud	trahvi=tud	d		A	pl n
         	@trahvitud	trahvi	tud		V	tud
.	.	.			Z	
Hans	Hans	Hans	0		H	sg n
Wanatoa	vana_tuba	vana_tuba	0		S	sg g
       	£Vanatoa	Wanatoa	0		H	sg n
ei	ei	ei	0		D	
  	@ei	ei	0		V	neg
taha	taha	taha	0		D	
    	taha	taha	0		K	
    	@taha	taht	0		V	o
nendasammoti	####	####				
            	#nõndasamuti	nõnda_samuti	0		D	
tunnistada	tunnistada	tunnista	da		V	da
kas	kas	kas	0		D	
tema	tema	tema	0		P	sg g
    	@tema	tema	0		P	sg n
Pomanni	####	####				
       	#Pomanni	Pomann	0		H	sg p
löönud	löö=nud	löö=nud	0		A	
      	löö=nud	löö=nud	0		A	sg n
      	löö=nu	löö=nu	d		S	pl n
      	löö=nud	löö=nud	d		A	pl n
      	@löönud	löö	nud		V	nud
,	,	,			Z	
ehk	ehk	ehk	0		D	
   	@ehk	ehk	0		J	
mis	mis	mis	0		P	pl n
   	@mis	mis	0		P	sg n
Kalk	kalk	kalk	0		A	sg n
    	£Kalk	Kalk	0		H	sg n
öölnud	####	####				
      	#öelnud	ütle	nud		V	nud
.	.	.			Z	
Pärast	pärane	pärane	t		A	sg p
      	@pärast	pärast	0		D	
      	pärast	pärast	0		K	
      	pära	pära	st		S	sg el
ütleb	ütleb	ütle	b		V	b
:	:	:			Z	
Kalk	kalk	kalk	0		A	sg n
    	£Kalk	Kalk	0		H	sg n
on	@on	ole	0		V	b
  	ole	ole	0		V	vad
öölnud	####	####				
      	#öelnud	ütle	nud		V	nud
,	,	,			Z	
ma	ma	mina	0		P	sg n
tahan	tahan	taht	n		V	n
so	so	so	0		Y	?
  	£su	sina	0		P	sg g
tappa	@tappa	tap	a		V	da
     	tapp	tapp	0		S	adt
     	tapp	tapp	0		S	sg p
ja	ja	ja	0		J	
löönud	löö=nud	löö=nud	0		A	
      	löö=nud	löö=nud	0		A	sg n
      	löö=nu	löö=nu	d		S	pl n
      	löö=nud	löö=nud	d		A	pl n
      	@löönud	löö	nud		V	nud
.	.	.			Z	
Hans	Hans	Hans	0		H	sg n
Wanatoa	vana_tuba	vana_tuba	0		S	sg g
       	£Vanatoa	Wanatoa	0		H	sg n
on	@on	ole	0		V	b
  	ole	ole	0		V	vad
sapad	####	####				
     	#saapad	saabas	d		S	pl n
Pomani	####	####				
      	#Pomanni	Pomann	0		H	sg g
jallast	####	####				
       	#jalast	jalg	st		S	sg el
ära	@ära	ära	0		D	
   	ära	ära	0		V	neg o
tõmbanud	####	####				
        	#tõmmanud	tõmba	nud		V	nud
.	.	.			Z	
Temma	####	####				
     	#tema	tema	0		P	sg n
on	@on	ole	0		V	b
  	ole	ole	0		V	vad
õues	õues	õues	0		D	
    	@õues	õu	s		S	sg in
sapaga	####	####				
      	#saapaga	saabas	ga		S	sg kom
kaks	kaks	kaks	0		N	sg n
korda	kord	kord	0		S	adt
     	@korda	kord	0		S	sg p
     	korda	korda	0		V	o
löönud	löö=nud	löö=nud	0		A	
      	löö=nud	löö=nud	0		A	sg n
      	löö=nu	löö=nu	d		S	pl n
      	löö=nud	löö=nud	d		A	pl n
      	@löönud	löö	nud		V	nud
.	.	.			Z	
Jürri	####	####				
     	#Jüri	Jürri	0		H	sg n
Peek	####	####				
    	#Peek	Peek	0		H	sg n
on	@on	ole	0		V	b
  	ole	ole	0		V	vad
õues	õues	õues	0		D	
    	@õues	õu	s		S	sg in
mõnned	####	####				
      	#mõned	mõni	d		P	pl n
hobid	hobi	hobi	d		S	pl n
     	£hoobid	hoop	d		S	pl n
ka	ka	ka	0		D	
löönud	löö=nud	löö=nud	0		A	
      	löö=nud	löö=nud	0		A	sg n
      	löö=nu	löö=nu	d		S	pl n
      	löö=nud	löö=nud	d		A	pl n
      	@löönud	löö	nud		V	nud
,	,	,			Z	
nendasammuti	####	####				
            	#nõndasamuti	nõnda_samuti	0		D	
Wanatoa	vana_tuba	vana_tuba	0		S	sg g
       	£Vanatoa	Wanatoa	0		H	sg n
ja	ja	ja	0		J	
Kalk	kalk	kalk	0		A	sg n
    	£Kalk	Kalk	0		H	sg n
ka	ka	ka	0		D	
.	.	.			Z	
Pärast	pärane	pärane	t		A	sg p
      	@pärast	pärast	0		D	
      	pärast	pärast	0		K	
      	pära	pära	st		S	sg el
on	@on	ole	0		V	b
  	ole	ole	0		V	vad
Kalk	kalk	kalk	0		A	sg n
    	£Kalk	Kalk	0		H	sg n
sedda	####	####				
     	#seda	see	da		P	sg p
nõu	nõu	nõu	0		S	sg g
   	nõu	nõu	0		S	sg n
   	@nõu	nõu	0		S	sg p
annud	####	####				
     	#andnud	and	nud		V	nud
,	,	,			Z	
süüd	süüd	süüd	0		S	sg n
    	süü	süü	d		S	pl n
    	@süüd	süü	d		S	sg p
ühe	ühe	ühe	0		S	sg n
   	üks	üks	0		N	sg g
   	@ühe	üks	0		P	sg g
peale	peale	peale	0		D	
     	@peale	peale	0		K	
     	pea	pea	le		S	sg all
jätta	jätta	jät	a		V	da
et	et	et	0		J	
siis	@siis	siis	0		D	
    	siis	siis	0		J	
kergem	kergem	kergem	0		C	sg n
läbbi	####	####				
     	#läbi	läbi	0		D	
     	läbi	läbi	0		K	
     	läbi	läbi	0		V	o
saab	saab	saa	b		V	b
ja	ja	ja	0		J	
lubbanud	####	####				
        	#lubanud	luba	nud		V	nud
temmale	####	####				
       	#temale	tema	le		P	sg all
maksta	@maksta	maks	ta		V	da
      	maks	maks	ta		V	ta
ja	ja	ja	0		J	
kõrtsmik	kõrtsmik	kõrtsmik	0		S	sg n
on	@on	ole	0		V	b
  	ole	ole	0		V	vad
ka	ka	ka	0		D	
sedda	####	####				
     	#seda	see	da		P	sg p
nõu	nõu	nõu	0		S	sg g
   	nõu	nõu	0		S	sg n
   	@nõu	nõu	0		S	sg p
annud	####	####				
     	#andnud	and	nud		V	nud
.	.	.			Z	
Jürri	####	####				
     	#Jüri	Jürri	0		H	sg n
Peek	####	####				
    	#Peek	Peek	0		H	sg n
ei	ei	ei	0		D	
  	@ei	ei	0		V	neg
taha	taha	taha	0		D	
    	taha	taha	0		K	
    	@taha	taht	0		V	o
küll	@küll	küll	0		D	
    	küll	küll	0		S	sg n
tunnistada	tunnistada	tunnista	da		V	da
,	,	,			Z	
pärast	pärane	pärane	t		A	sg p
      	@pärast	pärast	0		D	
      	pärast	pärast	0		K	
      	pära	pära	st		S	sg el
ütleb	ütleb	ütle	b		V	b
,	,	,			Z	
et	et	et	0		J	
on	@on	ole	0		V	b
  	ole	ole	0		V	vad
ka	ka	ka	0		D	
mõnned	####	####				
      	#mõned	mõni	d		P	pl n
hobid	hobi	hobi	d		S	pl n
     	£hoobid	hoop	d		S	pl n
lönud	####	####				
     	#löönud	löö	nud		V	nud
.	.	.			Z	
Kalk	kalk	kalk	0		A	sg n
    	£Kalk	Kalk	0		H	sg n
jõuab	jõuab	jõud	b		V	b
ennast	ennast	ise	t		P	sg p
kül	####	####				
   	#küll	küll	0		D	
lahti	@lahti	lahti	0		D	
     	laht	laht	i		S	pl p
wabbandada	####	####				
          	#vabandada	vabanda	da		V	da
agga	####	####				
    	#aga	aga	0		J	
ütleb	ütleb	ütle	b		V	b
:	:	:			Z	
Kas	kas	kas	0		D	
ma	ma	mina	0		P	sg n
piddin	####	####				
      	#pidin	pida	in		V	sin
temmale	####	####				
       	#temale	tema	le		P	sg all
wana	vana	vana	0		A	sg g
    	vana	vana	0		A	sg n
    	@vana	vana	0		A	sg p
    	vana	vana	0		S	sg g
    	vana	vana	0		S	sg n
    	vana	vana	0		S	sg p
wõlga	võlg	võlg	0		S	adt
     	@võlg	võlg	0		S	sg p
tasumatta	####	####				
         	#tasumata	tasu	mata		V	mata
jätma	jätma	jät	ma		V	ma
ja	ja	ja	0		J	
et	et	et	0		J	
ta	tema	tema	0		P	sg g
  	@ta	tema	0		P	sg n
kohto	####	####				
     	kohtu	kohtu	0		V	o
     	#kohtu	kohus	0		S	sg g
ees	ees	ees	0		D	
   	@ees	ees	0		K	
   	esi	esi	s		S	sg in
walletas	####	####				
        	#valetas	valeta	s		V	s
sai	@sai	saa	i		V	s
   	sai	sai	0		S	sg n
30	30	30	0		N	?
witsa	vits	vits	0		S	adt
     	@vitsa	vits	0		S	sg g
     	vits	vits	0		S	sg p
hobiga	hobi	hobi	ga		S	sg kom
      	£hoobiga	hoop	ga		S	sg kom
trahwitud	trahvi=tud	trahvi=tud	0		A	
         	trahvi=tud	trahvi=tud	0		A	sg n
         	trahvi=tu	trahvi=tu	d		S	pl n
         	trahvi=tud	trahvi=tud	d		A	pl n
         	@trahvitud	trahvi	tud		V	tud
.	.	.			Z	
Mik	####	####				
   	#Mikk	Mik	0		H	sg n
Pomann	####	####				
      	#Pomann	Pomann	0		H	sg n
astus	astus	astu	s		V	s
ette	esi	esi	tte		S	adt
    	@ette	ette	0		D	
    	ette	ette	0		K	
,	,	,			Z	
tunnistab	tunnistab	tunnista	b		V	b
:	:	:			Z	
Poisid	poi	poi	sid		S	pl p
      	@poisid	poiss	d		S	pl n
taht	taht	taht	0		S	sg n
    	£tahtnud	taht	0		V	nud
temmaga	####	####				
       	#temaga	tema	ga		P	sg kom
leppida	leppida	leppi	da		V	da
ja	ja	ja	0		J	
lubbada	####	####				
       	#lubada	luba	da		V	da
temmale	####	####				
       	#temale	tema	le		P	sg all
maksta	@maksta	maks	ta		V	da
      	maks	maks	ta		V	ta
ja	ja	ja	0		J	
temmal	####	####				
      	#temal	tema	l		P	sg ad
on	@on	ole	0		V	b
  	ole	ole	0		V	vad
se	####	####				
  	#see	see	0		P	sg n
tahtmine	tahtmine	tahtmine	0		S	sg n
ka	ka	ka	0		D	
,	,	,			Z	
et	et	et	0		J	
se	####	####				
  	#see	see	0		P	sg n
kohus	@kohus	kohus	0		S	sg n
     	kohu	kohu	s		V	s
nenda	####	####				
     	#nõnda	nõnda	0		D	
lõppetud	lõppe=tud	lõppe=tud	0		A	
        	lõppe=tud	lõppe=tud	0		A	sg n
        	lõppe=tu	lõppe=tu	d		S	pl n
        	lõppe=tud	lõppe=tud	d		A	pl n
        	lõppe	lõppe	tud		V	tud
        	£lõpetatud	lõppe	tud		V	tud
saaks	saaks	saa	ks		V	ks
.	.	.			Z	
Aga	aga	aga	0		J	
temmale	####	####				
       	#temale	tema	le		P	sg all
sai	@sai	saa	i		V	s
   	sai	sai	0		S	sg n
ööldud	####	####				
      	#öeldud	ütle	dud		V	tud
,	,	,			Z	
et	et	et	0		J	
nende	see	see	de		P	pl g
     	@nende	tema	de		P	pl g
leppitus	####	####				
        	#lepitus	lepitus	0		S	sg n
ei	ei	ei	0		D	
  	@ei	ei	0		V	neg
sa	sina	sina	0		P	sg n
  	£saa	saa	0		V	o
kohtu	kohtu	kohtu	0		V	o
     	@kohtu	kohus	0		S	sg g
ees	ees	ees	0		D	
   	@ees	ees	0		K	
   	esi	esi	s		S	sg in
enne	@enne	enne	0		D	
    	enne	enne	0		K	
    	enne	enne	0		S	sg n
kohto	####	####				
     	kohtu	kohtu	0		V	o
     	#kohtu	kohus	0		S	sg g
mõistmist	mõistmist	mõistmine	t		S	sg p
ette	esi	esi	tte		S	adt
    	@ette	ette	0		D	
    	ette	ette	0		K	
wõetud	võe=tu	võe=tu	d		S	pl n
      	võetud	võetud	0		A	
      	võetud	võetud	0		A	sg n
      	võetud	võetud	d		A	pl n
      	@võetud	võt	tud		V	tud
.	.	.			Z	
Et	et	et	0		J	
se	####	####				
  	#see	see	0		P	sg n
kül	####	####				
   	#küll	küll	0		D	
neist	see	see	st		P	pl el
     	@neist	tema	st		P	pl el
kõikidest	kõikidest	kõik	dest		P	pl el
üks	üks	üks	0		N	sg n
   	@üks	üks	0		P	sg n
hirmus	hirm	hirm	s		S	sg in
      	@hirmus	hirmus	0		A	sg n
      	hirmus	hirmus	0		D	
      	hirmu	hirmu	s		V	s
tapmise	tapmise	tapmine	0		S	sg g
töö	töö	töö	0		S	sg g
   	@töö	töö	0		S	sg n
olnud	ol=nud	ol=nud	0		A	
     	ol=nud	ol=nud	0		A	sg n
     	ol=nud	ol=nud	d		A	pl n
     	@olnud	ole	nud		V	nud
     	olnu	olnu	d		S	pl n
,	,	,			Z	
mis	mis	mis	0		P	pl n
   	@mis	mis	0		P	sg n
kõwwa	####	####				
     	#kõva	kõva	0		A	sg p
karistust	karistust	karistus	t		S	sg p
wäärt	@väärt	väärt	0		A	
     	väärt	väärt	0		D	
.	.	.			Z	
Siiski	siiski	siiski	0		D	
on	@on	ole	0		V	b
  	ole	ole	0		V	vad
Hinrek	####	####				
      	#Hinrek	Hinrek	0		H	sg n
Kalkil	####	####				
      	#Kalkil	Kalk	l		H	sg ad
keige	####	####				
     	#kõige	kõige	0		D	
surem	####	####				
     	#suurem	suurem	0		C	sg n
süü	süü	süü	0		S	sg g
   	@süü	süü	0		S	sg n
arwata	arvata	arvata	0		D	
      	@arvata	arva	ta		V	da
      	arva	arva	ta		V	ta
,	,	,			Z	
et	et	et	0		J	
ta	tema	tema	0		P	sg g
  	@ta	tema	0		P	sg n
wanna	####	####				
     	vana	vana	0		A	sg n
     	#vana	vana	0		A	sg g
     	vana	vana	0		A	sg p
     	vana	vana	0		S	sg n
     	vana	vana	0		S	sg g
     	vana	vana	0		S	sg p
wihhawaeno	####	####				
          	#vihavaenu	viha_vaenu	0		S	sg g
Pomanille	####	####				
         	#Pomannile	Pomann	le		H	sg all
tasuda	tasuda	tasu	da		V	da
teised	teine	teine	d		O	pl n
      	@teised	teine	d		P	pl n
noremad	####	####				
       	#nooremad	noorem	d		C	pl n
ommale	####	####				
      	#omale	oma	le		P	sg all
abbiks	####	####				
      	#abiks	abi	ks		S	sg tr
tellinud	telli=nud	telli=nud	0		A	
        	telli=nud	telli=nud	0		A	sg n
        	telli=nu	telli=nu	d		S	pl n
        	telli=nud	telli=nud	d		A	pl n
        	@tellinud	telli	nud		V	nud
ja	ja	ja	0		J	
nüüd	nüüd	nüüd	0		D	
keige	####	####				
     	#kõige	kõige	0		D	
ennam	####	####				
     	#enam	enam	0		D	
peab	peab	pida	b		V	b
seda	seda	see	da		P	sg p
asja	asi	asi	0		S	adt
    	asi	asi	0		S	sg g
    	@asja	asi	0		S	sg p
lämmatada	lämmatada	lämmata	da		V	da
,	,	,			Z	
Ka	ka	ka	0		D	
kõrtsmikul	kõrtsmikul	kõrtsmik	l		S	sg ad
on	@on	ole	0		V	b
  	ole	ole	0		V	vad
süüd	süüd	süüd	0		S	sg n
    	süü	süü	d		S	pl n
    	@süüd	süü	d		S	sg p
arwata	arvata	arvata	0		D	
      	@arvata	arva	ta		V	da
      	arva	arva	ta		V	ta
,	,	,			Z	
et	et	et	0		J	
ta	tema	tema	0		P	sg g
  	@ta	tema	0		P	sg n
sedda	####	####				
     	#seda	see	da		P	sg p
asja	asi	asi	0		S	adt
    	asi	asi	0		S	sg g
    	@asja	asi	0		S	sg p
teiseks	teine	teine	ks		O	sg tr
       	@teiseks	teine	ks		P	sg tr
       	teiseks	teiseks	0		D	
muta	####	####				
    	#muuta	muut	a		V	da
on	@on	ole	0		V	b
  	ole	ole	0		V	vad
nõu	nõu	nõu	0		S	sg g
   	nõu	nõu	0		S	sg n
   	@nõu	nõu	0		S	sg p
annud	####	####				
     	#andnud	and	nud		V	nud
ja	ja	ja	0		J	
et	et	et	0		J	
seal	@seal	seal	0		D	
    	siga	siga	l		A	sg ad
    	siga	siga	l		S	sg ad
kõrtsus	####	####				
       	#kõrtsis	kõrts	s		S	sg in
tihti	tihti	tihti	0		D	
nisuggused	####	####				
          	#niisugused	nii_sugused	0		P	pl n
asjad	asjad	asi	d		S	pl n
ette	esi	esi	tte		S	adt
    	@ette	ette	0		D	
    	ette	ette	0		K	
tullewad	####	####				
        	#tulevad	tule	vad		V	vad
.	.	.			Z	
Ja	ja	ja	0		J	
Mik	####	####				
   	#Mikk	Mik	0		H	sg n
Pomanil	####	####				
       	#Pomannil	Pomann	l		H	sg ad
on	@on	ole	0		V	b
  	ole	ole	0		V	vad
süüd	süüd	süüd	0		S	sg n
    	süü	süü	d		S	pl n
    	@süüd	süü	d		S	sg p
arwata	arvata	arvata	0		D	
      	@arvata	arva	ta		V	da
      	arva	arva	ta		V	ta
,	,	,			Z	
et	et	et	0		J	
ta	tema	tema	0		P	sg g
  	@ta	tema	0		P	sg n
tihti	tihti	tihti	0		D	
niisugguse	####	####				
          	#niisuguse	nii_suguse	0		P	sg g
riidude	riidude	riid	de		S	pl g
hulkas	####	####				
      	#hulgas	hulgas	0		K	
olnud	ol=nud	ol=nud	0		A	
     	ol=nud	ol=nud	0		A	sg n
     	ol=nud	ol=nud	d		A	pl n
     	@olnud	ole	nud		V	nud
     	olnu	olnu	d		S	pl n
ja	ja	ja	0		J	
nüüd	nüüd	nüüd	0		D	
teistega	teine	teine	tega		O	pl kom
        	@teistega	teine	tega		P	pl kom
tahhab	####	####				
      	#tahab	taht	b		V	b
ärra	####	####				
    	#ära	ära	0		D	
leppida	leppida	leppi	da		V	da
kui	kui	kui	0		D	
   	@kui	kui	0		J	
teised	teine	teine	d		O	pl n
      	@teised	teine	d		P	pl n
agga	####	####				
    	#aga	aga	0		J	
temmale	####	####				
       	#temale	tema	le		P	sg all
maksawad	maksavad	maks	vad		V	vad
.	.	.			Z	
Agga	####	####				
    	#aga	aga	0		J	
et	et	et	0		J	
tema	tema	tema	0		P	sg g
    	@tema	tema	0		P	sg n
(	(	(			Z	
Pomann	####	####				
      	#Pomann	Pomann	0		H	sg n
)	)	)			Z	
sedda	####	####				
     	#seda	see	da		P	sg p
asja	asi	asi	0		S	adt
    	asi	asi	0		S	sg g
    	@asja	asi	0		S	sg p
ja	ja	ja	0		J	
enne	@enne	enne	0		D	
    	enne	enne	0		K	
    	enne	enne	0		S	sg n
Hakenrihtri	####	####				
           	#Hakenrihteri	Hakenrihter	0		H	sg g
kohto	####	####				
     	#kohtu	kohus	0		S	sg g
ette	esi	esi	tte		S	adt
    	ette	ette	0		D	
    	@ette	ette	0		K	
wiinud	vii=nud	vii=nud	0		A	
      	vii=nud	vii=nud	0		A	sg n
      	vii=nu	vii=nu	d		S	pl n
      	vii=nud	vii=nud	d		A	pl n
      	@viinud	vii	nud		V	nud
,	,	,			Z	
sai	@sai	saa	i		V	s
   	sai	sai	0		S	sg n
neile	see	see	le		P	pl all
     	@neile	tema	le		P	pl all
öeldud	öeldud	öeldud	0		A	
      	öeldud	öeldud	0		A	sg n
      	öeldu	öeldu	d		S	pl n
      	öeldud	öeldud	d		A	pl n
      	@öeldud	ütle	dud		V	tud
,	,	,			Z	
et	et	et	0		J	
nende	see	see	de		P	pl g
     	@nende	tema	de		P	pl g
asi	@asi	asi	0		S	sg n
   	asi	asi	0		V	o
ka	ka	ka	0		D	
seal	@seal	seal	0		D	
    	siga	siga	l		A	sg ad
    	siga	siga	l		S	sg ad
kohtus	kohtu	kohtu	s		V	s
      	@kohtus	kohus	s		S	sg in
saab	saab	saa	b		V	b
selletud	####	####				
        	#seletatud	seleta	tud		V	tud
.	.	.			Z	
Ja	ja	ja	0		J	
kohus	@kohus	kohus	0		S	sg n
     	kohu	kohu	s		V	s
wõttis	võttis	võt	is		V	s
nõuks	nõuks	nõu	ks		S	sg tr
sedda	####	####				
     	#seda	see	da		P	sg p
üllekuulamist	####	####				
             	#ülekuulamist	üle_kuulamine	t		S	sg p
Hakenrihtri	####	####				
           	#Hakenrihteri	Hakenrihter	0		H	sg g
kohtu	kohtu	kohtu	0		V	o
     	@kohtu	kohus	0		S	sg g
ette	esi	esi	tte		S	adt
    	ette	ette	0		D	
    	@ette	ette	0		K	
panna	pand	pand	0		S	sg g
     	@panna	pane	a		V	da
     	panna	panna	0		S	sg g
     	panna	panna	0		S	sg n
.	.	.			Z	
