Tilga	tilk	0		S	sg g
	£Tilga	0		H	sg g
karjamöisa	####				
	#karja_mõis	0		S	sg g
rentnik	rentnik	0		S	sg n
Parrol	####				
	#Parrol	0		H	sg n
kaibas	####				
	#kaeba	s		V	s
et	et	0		J	
temmal	####				
	#tema	l		P	sg ad
omma	####				
	#oma	0		P	sg g
poolterramehhe	####				
	#poole_tera_mees	0		S	sg g
Johann	Johann	0		H	sg n
Johannsoni	####				
	#Johannson	0		H	sg g
käest	@käest	0		K	
     	käsi	st		S	sg el
ollevad	####				
	#ole	vad		V	vat
nöudmisi	####				
	#nõudmine	i		S	pl p
.	.			Z	
1.	1.	0		O	?
11	11	0		N	?
vakkamaad	####				
	#vaka_maa	d		S	sg p
ristikheina	ristik_hein	0		S	adt
           	@ristik_hein	0		S	sg g
           	ristik_hein	0		S	sg p
sööti	sööt	i		S	pl p
     	sööt	0		S	adt
     	@sööt	0		S	sg p
     	sööti	0		D	
iätno	####				
	#jät	no		V	nud
kündmata	@künd	mata		V	mata
        	künd=mata	0		A	
nöud	####				
	#nõud	0		V	s
selle	@see	0		P	sg g
     	sell	e		S	pl p
eest	eest	0		D	
    	@eest	0		K	
    	esi	st		S	sg el
22	22	0		N	?
rbl	rbl	0		Y	?
2.	2.	0		O	?
üks	@üks	0		N	sg n
   	üks	0		P	sg n
süld	süld	0		S	sg n
puid	puu	id		S	pl p
3	3	0		N	?
rbl	rbl	0		Y	?
40	40	0		N	?
kop	kop	0		Y	?
3.	3.	0		O	?
ütte	üte	0		S	sg g
	£üks	0		N	sg g
sulla	sulla	0		D	
	£süld	0		S	sg g
puude	@puu	de		S	pl g
     	puude	0		S	sg n
     	puue	0		S	sg g
löikaminne	####				
	#lõikamine	0		S	sg n
ja	ja	0		J	
kuikatsist	####				
	#Kuigatsi	st		H	sg el
koddo	####				
	#kodu	0		S	sg ill
toomine	toomine	0		S	sg n
1	1	0		N	?
rbl	rbl	0		Y	?
90	90	0		N	?
kop	kop	0		Y	?
4.	4.	0		O	?
1/2	1/2	0		N	?
süüld	####				
	#süld	0		S	sg n
öppetaajale	####				
	#õpetaja	le		S	sg all
massa	####				
	#maks	a		V	da
1	1	0		N	?
rbl	rbl	0		Y	?
70	70	0		N	?
kop	kop	0		Y	?
5.	5.	0		O	?
4	4	0		N	?
1/2	1/2	0		N	?
süüld	####				
	#süld	0		S	sg n
äkke	äke	0		S	sg g
	¤
2	2	0		N	?
rbl	rbl	0		Y	?
50	50	0		N	?
kop	kop	0		Y	?
6.	6.	0		O	?
3	3	0		N	?
vakkamaad	####				
	#vaka_maa	d		S	sg p
sitta	sitt	0		A	adt
     	sitt	0		S	adt
     	sitta	0		V	o
     	sitt	0		A	sg p
     	@sitt	0		S	sg p
välla	####				
	#välja	0		D	
veddamatta	####				
	#veda	matta		V	mata
jätno	####				
	#jät	no		V	nud
4	4	0		N	?
rbl	rbl	0		Y	?
80	80	0		N	?
kop	kop	0		Y	?
7.	7.	0		O	?
1	1	0		N	?
vakkamaa	####				
	#vaka_maa	0		S	sg n
linna	linn	0		S	adt
     	linn	0		S	sg g
     	linn	0		S	sg p
	£lina	0		S	sg p
mahha	####				
	#maha	0		D	
niitno	####				
	#niit	no		V	nud
kahju	kahi	0		S	adt
     	kahi	0		S	sg g
     	kahi	0		S	sg p
     	kahju	0		S	sg g
     	@kahju	0		S	sg n
     	kahju	0		S	sg p
selleman	####				
	#selle_man	0		D	
25	25	0		N	?
rbl	rbl	0		Y	?
8.	8.	0		O	?
ühhe	####				
	#üks	0		N	sg g
karjosse	####				
	#karjus	0		S	sg g
söök	söök	0		S	sg n
ja	ja	0		J	
palk	@palk	0		S	sg n
    	palk	0		S	sg n
36	36	0		N	?
rbl	rbl	0		Y	?
30	30	0		N	?
kop	kop	0		Y	?
9.	9.	0		O	?
rööa	####				
	#rüga	0		S	sg g
alla	alla	0		D	
    	@alla	0		K	
sitta	sitt	0		A	adt
     	sitt	0		S	adt
     	sitta	0		V	o
     	sitt	0		A	sg p
     	@sitt	0		S	sg p
veddamatta	####				
	#veda	matta		V	mata
jätno	####				
	#jät	no		V	nud
selle	@see	0		P	sg g
     	sell	e		S	pl p
est	####				
	#eest	0		K	
10	10	0		N	?
rbl	rbl	0		Y	?
10.	10.	0		O	?
sittaveddamisse	####				
	#sita_vedamine	0		S	sg g
pääle	####				
	#peale	0		K	
2	2	0		N	?
poissi	poiss	0		S	adt
      	@poiss	0		S	sg p
ja	ja	0		J	
üks	@üks	0		N	sg n
   	üks	0		P	sg n
hobbene	####				
	#hobune	0		S	sg n
1	1	0		N	?
päiv	####				
	#päev	0		S	sg n
1	1	0		N	?
rbl	rbl	0		Y	?
80	80	0		N	?
kop	kop	0		Y	?
11.	11.	0		O	?
Öppetaja	####				
	#õpetaja	0		S	sg g
utte	utt	0		S	adt
    	utt	0		S	sg p
	£üks	0		N	sg g
päiva	####				
	#päev	0		S	sg g
eest	eest	0		D	
    	@eest	0		K	
    	esi	st		S	sg el
40	40	0		N	?
kop	kop	0		Y	?
12.	12.	0		O	?
ütte	üte	0		S	sg g
	£üks	0		N	sg g
ristikheina	ristik_hein	0		S	adt
           	@ristik_hein	0		S	sg g
           	ristik_hein	0		S	sg p
kuhja	kuhja	0		V	o
     	kuhi	0		S	adt
     	@kuhi	0		S	sg g
     	kuhi	0		S	sg p
koddo	####				
	#kodu	0		S	sg ill
veddamminne	####				
	#vedamine	0		S	sg n
1	1	0		N	?
rbl	rbl	0		Y	?
Summa	summ	0		S	adt
     	summ	0		S	sg g
     	summ	0		S	sg p
     	summa	0		S	sg g
     	@summa	0		S	sg n
110	110	0		N	?
rbl	rbl	0		Y	?
80	80	0		N	?
kop	kop	0		Y	?
.	.			Z	
Selle	@see	0		P	sg g
     	sell	e		S	pl p
pääle	####				
	#peale	0		K	
sai	@saa	i		V	s
   	sai	0		S	sg n
Johann	Johann	0		H	sg n
Johannson	####				
	#Johannson	0		H	sg n
ette	@ette	0		D	
    	ette	0		K	
    	esi	tte		S	adt
kutsoto	####				
	#kutsu	to		V	tud
.	.			Z	
temma	####				
	#tema	0		P	sg n
ütles	ütle	s		V	s
:	:			Z	
1.	1.	0		O	?
et	et	0		J	
temma	####				
	#tema	0		P	sg n
kül	####				
	#küll	0		D	
11	11	0		N	?
vakkkamaad	####				
	#vaka_maa	d		S	sg p
ülles	####				
	#üles	0		D	
künnetu	####				
	#künd	tu		V	tud
ristikheina	ristik_hein	0		S	adt
           	@ristik_hein	0		S	sg g
           	ristik_hein	0		S	sg p
sööti	sööt	i		S	pl p
     	sööt	0		S	adt
     	@sööt	0		S	sg p
     	sööti	0		D	
vasta	vasta	0		V	o
	£vastu	0		D	
ollev	####				
	#ole	v		V	vat
vötno	####				
	#võt	no		V	nud
,	,			Z	
mis	mis	0		P	pl n
   	@mis	0		P	sg n
temma	####				
	#tema	0		P	sg n
kül	####				
	#küll	0		D	
jälle	jälle	0		D	
ülles	####				
	#üles	0		D	
ei	ei	0		D	
  	@ei	0		V	neg
ollev	####				
	#ole	v		V	vat
kündno	####				
	#künd	no		V	nud
,	,			Z	
enge	####				
	¤
sedda	####				
	#see	da		P	sg p
rahha	####				
	#raha	0		S	sg p
selle	@see	0		P	sg g
     	sell	e		S	pl p
eest	eest	0		D	
    	@eest	0		K	
    	esi	st		S	sg el
ei	ei	0		D	
  	@ei	0		V	neg
tahtvet	####				
	#taht	vet		V	vat
temma	####				
	#tema	0		P	sg n
mitte	mitte	0		D	
massa	####				
	#maks	a		V	da
.	.			Z	
2.	2.	0		O	?
üits	####				
	#üks	0		N	sg n
sülli	####				
	#süld	0		S	sg n
2	2	0		N	?
jalga	jalg	0		S	adt
     	@jalg	0		S	sg p
     	jalga	0		D	
puid	puu	id		S	pl p
ollev	####				
	#ole	v		V	vat
temma	####				
	#tema	0		P	sg n
kül	####				
	#küll	0		D	
sano	####				
	#saa	no		V	nud
enge	####				
	¤
siski	####				
	#siiski	0		D	
Parroli	####				
	#Parrol	0		H	sg g
omma	####				
	#oma	0		P	sg g
rehte	rehi	0		S	adt
     	@rehi	0		S	sg p
kütta	küt	a		V	da
mis	mis	0		P	pl n
   	@mis	0		P	sg n
temmal	####				
	#tema	l		P	sg ad
mitte	mitte	0		D	
Parrolile	####				
	#Parrol	le		H	sg all
ennamb	####				
	#enam	0		D	
ärra	####				
	#ära	0		D	
massa	####				
	#maks	a		V	da
ei	ei	0		D	
  	@ei	0		V	neg
ollev	####				
	#ole	v		V	vat
–	-			Z	
kaup	kaup	0		S	sg n
ollev	####				
	#ole	v		V	vat
kül	####				
	#küll	0		D	
ollo	####				
	#ole	lo		V	nud
,	,			Z	
et	et	0		J	
temma	####				
	#tema	0		P	sg n
pool	pool	0		K	
    	@pool	0		N	sg n
    	pool	0		S	sg n
    	pool	0		S	sg n
puid	puu	id		S	pl p
rehte	rehi	0		S	adt
     	rehi	0		S	sg p
	£rehi	0		S	sg g
kütmisse	kütmine	se		S	adt
	£kütmine	0		S	sg g
tarviss	####				
	#tarvis	0		K	
ollev	####				
	#ole	v		V	vat
piddano	####				
	#pida	no		V	nud
murretsamma	####				
	#muretse	ma		V	ma
enge	####				
	¤
temma	####				
	#tema	0		P	sg n
ollev	####				
	#ole	v		V	vat
ommajaggo	####				
	#oma_jagu	0		S	sg p
ommalt	####				
	#oma	lt		P	sg abl
poolt	pool	t		N	sg p
     	pool	t		S	sg p
     	@poolt	0		D	
     	poolt	0		K	
murretsenno	####				
	#muretse	no		V	nud
,	,			Z	
nink	####				
	#ning	0		J	
mitte	mitte	0		D	
Parroli	####				
	#Parrol	0		H	sg g
käest	@käest	0		K	
     	käsi	st		S	sg el
saano	####				
	#saa	no		V	nud
.	.			Z	
–	-			Z	
puid	puu	id		S	pl p
ei	ei	0		D	
  	@ei	0		V	neg
ollev	####				
	#ole	v		V	vat
temma	####				
	#tema	0		P	sg n
kül	####				
	#küll	0		D	
kostki	kost	0	ki	S	sg n
	£kuskilt	0		D	
essi	####				
	#ise	0		P	sg n
toono	####				
	#too	no		V	nud
,	,			Z	
enge	####				
	¤
toorest	toores	st		A	sg el
       	@toores	t		A	sg p
rehhe	####				
	#rehi	0		S	sg p
ärra	####				
	#ära	0		D	
pesno	####				
	#peks	no		V	nud
.	.			Z	
3.	3.	0		O	?
1	1	0		N	?
süld	süld	0		S	sg n
puid	puu	id		S	pl p
ülles	####				
	#üles	0		D	
löigata	####				
	#lõika	ta		V	da
ja	ja	0		J	
kuikatsist	####				
	#Kuigatsi	st		H	sg el
koddo	####				
	#kodu	0		S	sg ill
tuvva	####				
	#too	a		V	da
ei	ei	0		D	
  	@ei	0		V	neg
ollev	####				
	#ole	v		V	vat
temmal	####				
	#tema	l		P	sg ad
suggoki	####				
	#sugugi	0		D	
mitte	mitte	0		D	
täita	täi	ta		S	sg ab
     	täi	ta		V	ta
     	@täit	a		V	da
     	täita	0		V	o
.	.			Z	
4.	4.	0		O	?
üks	@üks	0		N	sg n
   	üks	0		P	sg n
pool	pool	0		K	
    	@pool	0		N	sg n
    	pool	0		S	sg n
    	pool	0		S	sg n
süld	süld	0		S	sg n
puid	puu	id		S	pl p
oppetajale	####				
	#õpetaja	le		S	sg all
massa	####				
	#maks	a		V	da
,	,			Z	
tost	too	st		P	sg el
ei	ei	0		D	
  	@ei	0		V	neg
teedvet	####				
	#tead	vet		V	vat
temma	####				
	#tema	0		P	sg n
middagi	####				
	#miski	dagi		P	sg p
.	.			Z	
5.	5.	0		O	?
3	3	0		N	?
1/2	1/2	0		N	?
sülda	süld	0		S	adt
     	@süld	0		S	sg p
akke	####				
	¤
ollev	####				
	#ole	v		V	vat
temma	####				
	#tema	0		P	sg n
kül	####				
	#küll	0		D	
saano	####				
	#saa	no		V	nud
,	,			Z	
agga	####				
	#aga	0		J	
mitte	mitte	0		D	
4	4	0		N	?
1/2	1/2	0		N	?
sülda	süld	0		S	adt
     	@süld	0		S	sg p
.	.			Z	
6.	6.	0		O	?
Köikis	####				
	#kõik	0		P	sg n
1	1	0		N	?
vakkama	####				
	#vaka_maa	0		S	sg n
sitta	sitt	0		A	adt
     	sitt	0		S	adt
     	sitta	0		V	o
     	sitt	0		A	sg p
     	@sitt	0		S	sg p
ollev	####				
	#ole	v		V	vat
temma	####				
	#tema	0		P	sg n
vällaveetult	####				
	#välja_vee=tult	0		D	
saano	####				
	#saa	no		V	nud
nink	####				
	#ning	0		J	
ei	ei	0		D	
  	@ei	0		V	neg
mitte	mitte	0		D	
3	3	0		N	?
vakkamad	####				
	#vaka_maa	d		S	sg p
.	.			Z	
7.	7.	0		O	?
üks	@üks	0		N	sg n
   	üks	0		P	sg n
vakkamaa	####				
	#vaka_maa	0		S	sg n
linna	linn	0		S	adt
     	linn	0		S	sg g
     	linn	0		S	sg p
	£lina	0		S	sg p
ollevad	####				
	#ole	vad		V	vat
temma	####				
	#tema	0		P	sg n
kül	####				
	#küll	0		D	
mahha	####				
	#maha	0		D	
niitno	####				
	#niit	no		V	nud
ilma	ilm	0		S	adt
    	ilm	0		S	sg g
    	ilma	0		D	
    	@ilma	0		K	
    	ilm	0		S	sg p
Parroli	####				
	#Parrol	0		H	sg g
lubbata	####				
	#luba	ta		S	sg ab
,	,			Z	
et	et	0		J	
ta	tema	0		P	sg g
  	@tema	0		P	sg n
väega	vägi	ga		S	sg kom
	£väga	0		D	
sant	@sant	0		A	sg n
    	sant	0		S	sg n
ollo	####				
	#ole	lo		V	nud
.	.			Z	
8.	8.	0		O	?
ütte	üte	0		S	sg g
	£üks	0		N	sg g
karjosse	####				
	#karjus	0		S	sg g
palk	palk	0		S	sg n
    	@palk	0		S	sg n
ja	ja	0		J	
söök	söök	0		S	sg n
ei	ei	0		D	
  	@ei	0		V	neg
ollo	####				
	#ole	a		V	da
temma	####				
	#tema	0		P	sg n
assi	ass	0		S	adt
    	ass	0		S	sg g
    	ass	0		S	sg p
	£asi	0		S	sg n
.	.			Z	
9.	9.	0		O	?
rööa	####				
	#rüga	0		S	sg g
alla	alla	0		D	
    	@alla	0		K	
ollev	####				
	#ole	v		V	vat
temma	####				
	#tema	0		P	sg n
sitt	sitt	0		A	sg n
    	@sitt	0		S	sg n
ärra	####				
	#ära	0		D	
veddano	####				
	#veda	no		V	nud
.	.			Z	
10.	10.	0		O	?
sitta	sitt	0		A	adt
     	sitt	0		S	adt
     	sitta	0		V	o
     	sitt	0		A	sg p
     	@sitt	0		S	sg p
veddaman	####				
	#veda	man		V	mas
ei	ei	0		D	
  	@ei	0		V	neg
ollev	####				
	#ole	v		V	vat
temmal	####				
	#tema	l		P	sg ad
mitte	mitte	0		D	
2	2	0		N	?
poisi	poiss	0		S	sg g
	£poiss	0		S	sg p
ja	ja	0		J	
üks	@üks	0		N	sg n
   	üks	0		P	sg n
hobbene	####				
	#hobune	0		S	sg n
ollo	####				
	#ole	lo		V	nud
.	.			Z	
11.	11.	0		O	?
Öppetaja	####				
	#õpetaja	0		S	sg g
päivast	####				
	#päev	st		S	sg el
ei	ei	0		D	
  	@ei	0		V	neg
teedvet	####				
	#tead	vet		V	vat
temma	####				
	#tema	0		P	sg n
middaki	####				
	#miski	daki		P	sg p
.	.			Z	
12.	12.	0		O	?
et	et	0		J	
ristikheina	ristik_hein	0		S	adt
           	@ristik_hein	0		S	sg g
           	ristik_hein	0		S	sg p
kuhhi	####				
	#kuhi	0		S	sg n
ollev	####				
	#ole	v		V	vat
Parrol	####				
	#Parrol	0		H	sg n
kül	####				
	#küll	0		D	
koddo	####				
	#kodu	0		S	sg ill
veddano	####				
	#veda	no		V	nud
enge	####				
	¤
üks	@üks	0		N	sg n
   	üks	0		P	sg n
Rubla	rubla	0		S	sg g
     	@rubla	0		S	sg n
     	rubla	0		S	sg p
selle	@see	0		P	sg g
     	sell	e		S	pl p
eest	eest	0		D	
    	@eest	0		K	
    	esi	st		S	sg el
ei	ei	0		D	
  	@ei	0		V	neg
tahtev	taht	ev		V	v
      	tahtev	0		A	sg n
	£taht	ev		V	vat
temma	####				
	#tema	0		P	sg n
mitte	mitte	0		D	
massa	####				
	#maks	a		V	da
.	.			Z	
Parrol	####				
	#Parrol	0		H	sg n
andis	and	is		V	s
selle	@see	0		P	sg g
     	sell	e		S	pl p
pääle	####				
	#peale	0		K	
tunnistust	tunnistus	t		S	sg p
:	:			Z	
Peter	Peter	0		H	sg n
Pilk	pilk	0		S	sg n
	£Pilk	0		H	sg n
nink	####				
	#ning	0		J	
Simmon	####				
	#Simmon	0		H	sg n
Oder	@Oder	0		H	sg n
    	oder	0		S	sg n
.	.			Z	
Peter	Peter	0		H	sg n
Pilk	pilk	0		S	sg n
	£Pilk	0		H	sg n
lutre	####				
	#luteri	0		G	
usko	####				
	#usk	0		S	sg p
tunnistas	tunnista	s		V	s
:	:			Z	
et	et	0		J	
Johann	Johann	0		H	sg n
Johannson	####				
	#Johannson	0		H	sg n
on	@ole	0		V	b
  	ole	0		V	vad
terve	terve	0		A	sg g
     	@terve	0		A	sg n
     	terve	0		S	sg g
     	terve	0		S	sg n
nurm	nurm	0		S	sg n
ülless	####				
	#üles	0		D	
kunnetu	####				
	#künd	tu		V	tud
ristikheina	ristik_hein	0		S	adt
           	@ristik_hein	0		S	sg g
           	ristik_hein	0		S	sg p
sööti	sööt	i		S	pl p
     	sööt	0		S	adt
     	@sööt	0		S	sg p
     	sööti	0		D	
saano	####				
	#saa	no		V	nud
miss	miss	0		S	sg n
	£mis	0		P	sg n
temma	####				
	#tema	0		P	sg n
jälle	jälle	0		D	
vasto	####				
	#vastu	0		D	
ei	ei	0		D	
  	@ei	0		V	neg
ollev	####				
	#ole	v		V	vat
kündno	####				
	#künd	no		V	nud
see	see	0		P	sg n
maa	maa	0		S	sg g
   	@maa	0		S	sg n
om	####				
	#ole	0		V	b
kül	####				
	#küll	0		D	
ehk	@ehk	0		D	
   	ehk	0		J	
11	11	0		N	?
vakamaad	vaka_maa	d		S	pl n
        	@vaka_maa	d		S	sg p
suur	suur	0		A	sg n
ollo	####				
	#ole	lo		V	nud
.	.			Z	
2.	2.	0		O	?
ollev	####				
	#ole	v		V	vat
temma	####				
	#tema	0		P	sg n
saano	####				
	#saa	no		V	nud
1	1	0		N	?
1/2	1/2	0		N	?
süld	süld	0		S	sg n
puid	puu	id		S	pl p
,	,			Z	
sest	@see	st		P	sg el
    	sest	0		J	
ollev	####				
	#ole	v		V	vat
Johannson	####				
	#Johannson	0		H	sg n
pool	pool	0		K	
    	@pool	0		N	sg n
    	pool	0		S	sg n
    	pool	0		S	sg n
piddano	####				
	#pida	no		V	nud
masma	####				
	#maks	ma		V	ma
nink	####				
	#ning	0		J	
pool	pool	0		K	
    	@pool	0		N	sg n
    	pool	0		S	sg n
    	pool	0		S	sg n
Parroli	####				
	#Parrol	0		H	sg n
jaos	jaos	0		S	sg n
    	jagu	s		S	sg in
	£jaoks	0		K	
piddano	####				
	#pida	no		V	nud
jääma	@jää	ma		V	ma
     	jääm	0		S	adt
     	jääm	0		S	sg g
     	jääm	0		S	sg p
.	.			Z	
3.	3.	0		O	?
nink	####				
	#ning	0		J	
olles	ole	es		V	des
	£ole	s		V	ks
punkt	punkt	0		S	sg n
3	3	0		N	?
perra	####				
	#perra	0		K	
4	4	0		N	?
1/2	1/2	0		N	?
sülda	süld	0		S	adt
     	@süld	0		S	sg p
puid	puu	id		S	pl p
piddano	####				
	#pida	no		V	nud
Johanson	Johanson	0		H	sg n
	£Johannson	0		H	sg n
ülles	####				
	#üles	0		D	
raijoma	####				
	#raiu	ma		V	ma
nink	####				
	#ning	0		J	
koddo	####				
	#kodu	0		S	sg ill
veddama	####				
	#veda	ma		V	ma
.	.			Z	
4.	4.	0		O	?
pööl	####				
	#pool	0		N	sg n
süld	süld	0		S	sg n
oppetajale	####				
	#õpetaja	le		S	sg all
ollev	####				
	#ole	v		V	vat
enne	enne	0		D	
    	@enne	0		K	
    	enne	0		S	sg n
Johansoni	Johanson	0		H	adt
         	Johanson	0		H	sg g
         	Johanson	0		H	sg p
	£Johannson	0		H	sg g
pooleterra	####				
	#poole_tera	0		S	sg g
mehhe	####				
	#mees	0		S	sg g
masnova	####				
	#maks	nova		V	nuvad
nink	####				
	#ning	0		J	
ollev	####				
	#ole	v		V	vat
Parrol	####				
	#Parrol	0		H	sg n
Johannsoni	####				
	#Johannson	0		H	sg p
ka	ka	0		D	
sundno	####				
	#sund	no		V	nud
masma	####				
	#maks	ma		V	ma
,	,			Z	
nink	####				
	#ning	0		J	
keik	####				
	#kõik	0		P	pl n
muu	muu	0		P	sg g
   	muu	0		S	sg g
   	muu	0		V	o
   	muu	0		P	sg n
   	muu	0		S	sg n
	£muu	0		S	pl n
öppetaja	####				
	#õpetaja	0		S	sg n
masso	####				
	#maks	0		S	pl n
ollev	####				
	#ole	v		V	vat
Parrol	####				
	#Parrol	0		H	sg n
pooleterra	####				
	#poole_tera	0		S	sg g
meestega	meene	tega		A	pl kom
        	@mees	tega		S	pl kom
köik	####				
	#kõik	0		P	pl n
pooles	pool	s		N	sg in
      	pool	s		S	sg in
	£pooleks	0		D	
masnova	####				
	#maks	nova		V	nuvad
.	.			Z	
5.	5.	0		O	?
4	4	0		N	?
1/2	1/2	0		N	?
süld	süld	0		S	sg n
akke	####				
	¤
ollev	####				
	#ole	v		V	vat
kül	####				
	#küll	0		D	
Johannson	####				
	#Johannson	0		H	sg n
saano	####				
	#saa	no		V	nud
,	,			Z	
mis	mis	0		P	pl n
   	@mis	0		P	sg n
temma	####				
	#tema	0		P	sg n
lubbano	####				
	#luba	no		V	nud
Parrolile	####				
	#Parrol	le		H	sg all
ärra	####				
	#ära	0		D	
massa	####				
	#maks	a		V	da
.	.			Z	
6.	6.	0		O	?
arvata	arva	ta		V	da
      	arva	ta		V	ta
      	@arvata	0		D	
3	3	0		N	?
vakkamaad	####				
	#vaka_maa	d		S	sg p
sitta	sitt	0		A	adt
     	sitt	0		S	adt
     	sitta	0		V	o
     	sitt	0		A	sg p
     	@sitt	0		S	sg p
ollev	####				
	#ole	v		V	vat
Johannson	####				
	#Johannson	0		H	sg n
kül	####				
	#küll	0		D	
vasto	####				
	#vastu	0		D	
vötno	####				
	#võt	no		V	nud
vällavetult	####				
	#välja_vee=tult	0		D	
.	.			Z	
–	-			Z	
mist	####				
	#mis	t		P	sg p
temma	####				
	#tema	0		P	sg n
suggoki	####				
	#sugugi	0		D	
ei	ei	0		D	
  	@ei	0		V	neg
ollev	####				
	#ole	v		V	vat
jälle	jälle	0		D	
veddano	####				
	#veda	no		V	nud
.	.			Z	
7.	7.	0		O	?
linna	linn	0		S	adt
     	linn	0		S	sg g
     	linn	0		S	sg p
	£lina	0		S	sg p
ollev	####				
	#ole	v		V	vat
Johanson	Johanson	0		H	sg n
	£Johannson	0		H	sg n
arvarta	####				
	#arvata	0		D	
tävveste	####				
	#täiesti	0		D	
üks	@üks	0		N	sg n
   	üks	0		P	sg n
vakkama	####				
	#vaka_maa	0		S	sg n
ilma	ilm	0		S	adt
    	ilm	0		S	sg g
    	ilma	0		D	
    	@ilma	0		K	
    	ilm	0		S	sg p
Parroli	####				
	#Parrol	0		H	sg g
lubbata	####				
	#luba	ta		S	sg ab
mahha	####				
	#maha	0		D	
niitus	####				
	#niit	us		V	nud tr
.	.			Z	
–	-			Z	
linna	linn	0		S	adt
     	linn	0		S	sg g
     	linn	0		S	sg p
	£lina	0		S	sg n
ollev	####				
	#ole	v		V	vat
kül	####				
	#küll	0		D	
köhn	####				
	#kõhn	0		A	sg n
ollo	####				
	#ole	lo		V	nud
,	,			Z	
enge	####				
	¤
kakko	####				
	¤
olles	ole	es		V	des
	£ole	s		V	ks
iks	iks	0		S	sg n
	£iks	0		D	
vöino	####				
	#või	no		V	nud
.	.			Z	
8.	8.	0		O	?
üts	####				
	#üks	0		N	sg n
karjos	####				
	#karjus	0		S	sg n
ollev	####				
	#ole	v		V	vat
kül	####				
	#küll	0		D	
Johannson	####				
	#Johannson	0		H	sg n
piddano	####				
	#pida	no		V	nud
piddama	####				
	#pida	ma		V	ma
enge	####				
	¤
ei	ei	0		D	
  	@ei	0		V	neg
ollev	####				
	#ole	v		V	vat
ommete	####				
	#ometi	0		D	
piddano	####				
	#pida	no		V	nud
.	.			Z	
9.	9.	0		O	?
sitta	sitt	0		A	adt
     	sitt	0		S	adt
     	sitta	0		V	o
     	sitt	0		A	sg p
     	@sitt	0		S	sg p
ollev	####				
	#ole	v		V	vat
Johhannson	####				
	#Johannson	0		H	sg n
hulk	hulk	0		S	sg n
lauta	laug	ta		S	sg ab
     	@laut	0		S	adt
     	laut	0		S	sg p
jätno	####				
	#jät	no		V	nud
,	,			Z	
nink	####				
	#ning	0		J	
röanurme	####				
	#rukki_nurm	0		S	sg ill
väega	vägi	ga		S	sg kom
	£väga	0		D	
köhnaste	####				
	#kõhnasti	0		D	
rammotanno	####				
	#rammuta	nno		V	nud
.	.			Z	
10.	10.	0		O	?
Parroli	####				
	#Parrol	0		H	sg g
poolt	pool	t		N	sg p
     	pool	t		S	sg p
     	poolt	0		D	
     	@poolt	0		K	
ollev	####				
	#ole	v		V	vat
kül	####				
	#küll	0		D	
2	2	0		N	?
poissi	poiss	0		S	adt
      	@poiss	0		S	sg p
ja	ja	0		J	
üks	@üks	0		N	sg n
   	üks	0		P	sg n
hobbene	####				
	#hobune	0		S	sg n
Johannsonil	####				
	#Johannson	l		H	sg ad
habbin	####				
	#abi	n		S	sg in
sitta	sitt	0		A	adt
     	sitt	0		S	adt
     	sitta	0		V	o
     	sitt	0		A	sg p
     	@sitt	0		S	sg p
veddaman	####				
	#veda	man		V	mas
ollo	####				
	#ole	lo		V	nud
.	.			Z	
11.	11.	0		O	?
Öppetaja	####				
	#õpetaja	0		S	sg g
päivast	####				
	#päev	st		S	sg el
ei	ei	0		D	
  	@ei	0		V	neg
teedvet	####				
	#tead	vet		V	vat
temma	####				
	#tema	0		P	sg n
middagi	####				
	#miski	dagi		P	sg p
.	.			Z	
12.	12.	0		O	?
ollev	####				
	#ole	v		V	vat
Parrol	####				
	#Parrol	0		H	sg n
kül	####				
	#küll	0		D	
ütte	üte	0		S	sg g
	£üks	0		N	sg g
kuhja	kuhja	0		V	o
     	kuhi	0		S	adt
     	@kuhi	0		S	sg g
     	kuhi	0		S	sg p
ristikheino	####				
	#ristik_hein	o		S	pl p
koddo	####				
	#kodu	0		S	sg ill
veddano	####				
	#veda	no		V	nud
,	,			Z	
mis	mis	0		P	pl n
   	@mis	0		P	sg n
Johannson	####				
	#Johannson	0		H	sg n
ollev	####				
	#ole	v		V	vat
piddano	####				
	#pida	no		V	nud
teggema	####				
	#tege	ma		V	ma
.	.			Z	
–	-			Z	
vistist	vist	st		S	sg el
	£vististi	0		D	
selle	@see	0		P	sg g
     	sell	e		S	pl p
perrast	####				
	#pärast	0		K	
et	et	0		J	
Johannson	####				
	#Johannson	0		H	sg n
sedda	####				
	#see	da		P	sg p
es	es			H	?
	£ei	s		V	neg s
tee	tee	0		S	sg g
   	@tege	0		V	o
   	tee	0		S	sg n
.	.			Z	
Simmon	####				
	#Simmon	0		H	sg n
Odder	####				
	#Odder	0		H	sg n
,	,			Z	
venne	####				
	#vene	0		G	
usko	####				
	#usk	0		S	sg p
tunnistas	tunnista	s		V	s
nisamma	####				
	#nii_sama	0		D	
kui	kui	0		D	
   	@kui	0		J	
Peter	Peter	0		H	sg n
Pilk	pilk	0		S	sg n
	£Pilk	0		H	sg n
.	.			Z	
Selle	@see	0		P	sg g
     	sell	e		S	pl p
vasta	vasta	0		V	o
	£vastu	0		K	
ütles	ütle	s		V	s
Johann	Johann	0		H	sg n
Johannson	####				
	#Johannson	0		H	sg n
et	et	0		J	
temmal	####				
	#tema	l		P	sg ad
ka	ka	0		D	
Parroli	####				
	#Parrol	0		H	sg g
käest	@käest	0		K	
     	käsi	st		S	sg el
ollev	####				
	#ole	v		V	vat
nöudmisi	####				
	#nõudmine	i		S	pl p
:	:			Z	
1.	1.	0		O	?
20	20	0		N	?
Rubla	rubla	0		S	sg g
     	rubla	0		S	sg n
     	@rubla	0		S	sg p
rahha	####				
	#raha	0		S	sg p
mes	####				
	#mis	0		P	sg n
temma	####				
	#tema	0		P	sg n
Parrolile	####				
	#Parrol	le		H	sg all
on	@ole	0		V	b
  	ole	0		V	vad
kautsjonis	kautsjon	s		S	sg in
	£kautsjon	s		S	sg tr
sisse	siss	e		S	pl p
     	@sisse	0		D	
     	sisse	0		K	
andno	####				
	#and	no		V	nud
kui	kui	0		D	
   	@kui	0		J	
temma	####				
	#tema	0		P	sg n
on	@ole	0		V	b
  	ole	0		V	vad
Parroli	####				
	#Parrol	0		H	sg g
manno	####				
	#manu	0		K	
pooleterramehhes	####				
	#poole_tera_mees	s		S	sg tr
tulno	####				
	#tule	no		V	nud
20	20	0		N	?
Rubla	rubla	0		S	sg g
     	rubla	0		S	sg n
     	@rubla	0		S	sg p
–	-			Z	
Cop	####				
	#Cop	0		Y	?
.	.			Z	
2.	2.	0		O	?
ollev	####				
	#ole	v		V	vat
Parroli	####					
	#Parrol	0		H	sg g
tüdruk	tüdruk	0		S	sg n
temma	####				
	#tema	0		P	sg g
vankrega	####				
	#vanker	ga		S	sg kom
Pornusse	####				
	#Pornuse	0		H	sg g
möisan	####				
	#mõis	n		S	sg in
kaino	####				
	#käi	no		V	nud
nöud	####				
	#nõud	0		V	s
see	see	0		P	sg n
eest	eest	0		D	
    	@eest	0		K	
    	esi	st		S	sg el
5	5	0		N	?
Rbl	####				
	#Rbl	0		Y	?
–	-			Z	
Cop	####				
	#Cop	0		Y	?
3.	3.	0		O	?
ollev	####				
	#ole	v		V	vat
vötno	####				
	#võt	no		V	nud
Parrol	####				
	#Parrol	0		H	sg n
temma	####				
	#tema	0		P	sg n
vanger	####				
	#vanker	0		S	sg n
ilma	ilm	0		S	adt
    	ilm	0		S	sg g
    	ilma	0		D	
    	@ilma	0		K	
    	ilm	0		S	sg p
temma	####				
	#tema	0		P	sg g
lubbata	####				
	#luba	ta		S	sg ab
kuikatsi	####				
	#Kuigatsi	0		H	sg ill
söita	####				
	#sõit	a		V	da
nink	####				
	#ning	0		J	
kaks	kaks	0		N	sg n
rattast	ratas	st		S	sg el
	£ratas	t		S	sg p
katki	katki	0		D	
aijano	####				
	#aja	no		V	nud
see	see	0		P	sg n
eest	eest	0		D	
    	@eest	0		K	
    	esi	st		S	sg el
5	5	0		N	?
Rbl	####				
	#Rbl	0		Y	?
–	-			Z	
Cop	####				
	#Cop	0		Y	?
4.	4.	0		O	?
ollev	####				
	#ole	v		V	vat
Parrol	####				
	#Parrol	0		H	sg n
1/2	1/2	0		N	?
vakka	vakk	0		S	adt
     	@vakk	0		S	sg p
     	vakka	0		D	
kartolit	####				
	#kartul	t		S	sg p
temma	####				
	#tema	0		P	sg g
käest	@käest	0		K	
     	käsi	st		S	sg el
lainano	####				
	#laena	no		V	nud
,	,			Z	
nöud	####				
	#nõud	0		V	s
see	see	0		P	sg n
eest	eest	0		D	
    	@eest	0		K	
    	esi	st		S	sg el
–	-			Z	
Rbl	####				
	#Rbl	0		Y	?
.	.			Z	
50	50	0		N	?
Cop	####				
	#Cop	0		Y	?
.	.			Z	
5.	5.	0		O	?
ei	ei	0		D	
  	@ei	0		V	neg
ollev	####				
	#ole	v		V	vat
andno	####				
	#and	no		V	nud
Parrol	####				
	#Parrol	0		H	sg n
tälle	####				
	#tema	lle		P	sg all
hobbese	####				
	#hobune	0		S	sg g
söda	####				
	#sööt	0		S	sg g
maad	maa	d		S	pl n
    	@maa	d		S	sg p
mes	####				
	#mis	0		P	sg n
täl	####				
	#tema	l		P	sg ad
on	@ole	0		V	b
  	ole	0		V	vad
olno	####				
	#ol	no		V	nud
höiguss	####				
	#õigus	0		S	sg n
sada	sada	0		N	sg n
    	sada	0		N	sg p
	£saa	da		V	da
nöud	####				
	#nõud	0		V	s
see	see	0		P	sg n
est	####				
	#eest	0		K	
10	10	0		N	?
Rbl	####				
	#Rbl	0		Y	?
–	-			Z	
Cop	####				
	#Cop	0		Y	?
.	.			Z	
6.	6.	0		O	?
ollevad	####				
	#ole	vad		V	vat
temmal	####				
	#tema	l		P	sg ad
ollo	####				
	#ole	lo		V	nud
nurm	nurm	0		S	sg n
valmis	valm	s		S	sg in
      	valmi	s		V	s
      	valmis	0		A	
      	valmis	0		A	sg n
      	@valmis	0		D	
      	valmis	s		A	sg in
arito	####				
	#hari	to		V	tud
töu	####				
	¤
vilja	vili	0		S	adt
     	@vili	0		S	sg g
     	vili	0		S	sg p
tarvis	tarvis	0		D	
      	@tarvis	0		K	
,	,			Z	
siss	siss	0		S	sg n
	£siis	0		D	
ollev	####				
	#ole	v		V	vat
Parrol	####				
	#Parrol	0		H	sg n
see	see	0		P	sg n
nurm	nurm	0		S	sg n
temma	####				
	#tema	0		P	sg n
käest	@käest	0		K	
     	käsi	st		S	sg el
ärra	####				
	#ära	0		D	
vötno	####				
	#võt	no		V	nud
,	,			Z	
nink	####				
	#ning	0		J	
tälle	####				
	#tema	lle		P	sg all
üks	@üks	0		N	sg n
   	üks	0		P	sg n
ilma	ilm	0		S	adt
    	ilm	0		S	sg g
    	ilma	0		D	
    	@ilma	0		K	
    	ilm	0		S	sg p
arrimatta	####				
	#hari	matta		V	mata
nurm	nurm	0		S	sg n
vasto	####				
	#vastu	0		D	
andno	####				
	#and	no		V	nud
nöud	####				
	#nõud	0		V	s
see	see	0		P	sg n
eest	eest	0		D	
    	@eest	0		K	
    	esi	st		S	sg el
30	30	0		N	?
Rbl	####				
	#Rbl	0		Y	?
–	-			Z	
Cop	####				
	#Cop	0		Y	?
.	.			Z	
7.	7.	0		O	?
ollev	####				
	#ole	v		V	vat
Parrol	####				
	#Parrol	0		H	sg n
tulno	####				
	#tul	no		V	nud
üks	üks	0		N	sg n
   	@üks	0		P	sg n
pühhapää	####				
	#püha_päev	0		S	sg n
hommingo	####				
	#hommikul	0		D	
temma	####				
	#tema	0		P	sg g
manno	####				
	#manu	0		K	
,	,			Z	
tenno	####				
	#tege	no		V	nud
tülli	tüll	0		S	adt
     	tüll	0		S	sg g
     	tülli	0		D	
     	tüli	0		S	adt
     	tüll	0		S	sg p
	£tüli	0		S	sg p
,	,			Z	
nink	####				
	#ning	0		J	
ollevad	####				
	#ole	vad		V	vat
tedda	####				
	#tema	da		P	sg p
ka	ka	0		D	
pesno	####				
	#peks	no		V	nud
,	,			Z	
nöud	####				
	#nõud	0		V	s
see	see	0		P	sg n
eest	eest	0		D	
    	@eest	0		K	
    	esi	st		S	sg el
10	10	0		N	?
Rbl	####				
	#Rbl	0		Y	?
–	-			Z	
Cop	####				
	#Cop	0		Y	?
8.	8.	0		O	?
ollevad	####				
	#ole	vad		V	vat
temma	####				
	#tema	0		P	sg n
üks	@üks	0		N	sg n
   	üks	0		P	sg n
vakkamaa	####				
	#vaka_maa	0		S	sg n
rükka	####				
	#rüga	0		S	sg p
rohkemb	####				
	#rohkem	0		D	
mahha	####				
	#maha	0		D	
tenno	####				
	#tege	no		V	nud
,	,			Z	
kui	kui	0		D	
   	@kui	0		J	
temma	####				
	#tema	0		P	sg n
pöimno	####				
	#põimi	no		V	nud
ollev	####				
	#ole	v		V	vat
nöud	####				
	#nõud	0		V	s
see	see	0		P	sg n
eest	eest	0		D	
    	@eest	0		K	
    	esi	st		S	sg el
10	10	0		N	?
Rbl	####				
	#Rbl	0		Y	?
.	.			Z	
–	-			Z	
Cop	####				
	#Cop	0		Y	?
.	.			Z	
9.	9.	0		O	?
ollevad	####				
	#ole	vad		V	vat
temma	####				
	#tema	0		P	sg g
karjos	####				
	#karjus	0		S	sg n
8	8	0		N	?
näddalit	####				
	#nädal	t		S	sg p
Parroli	####				
	#Parrol	0		H	sg g
karja	kari	0		S	adt
     	kari	0		S	sg g
     	@kari	0		S	sg p
hoitno	####				
	#hoid	no		V	nud
nöud	####				
	#nõud	0		V	s
see	see	0		P	sg n
eest	eest	0		D	
    	@eest	0		K	
    	esi	st		S	sg el
14	14	0		N	?
Rbl	####				
	#Rbl	0		Y	?
50	50	0		N	?
Cop	####				
	#Cop	0		Y	?
.	.			Z	
10.	10.	0		O	?
ollev	####				
	#ole	v		V	vat
Parrol	####				
	#Parrol	0		H	sg n
temma	####				
	#tema	0		P	sg g
käest	@käest	0		K	
     	käsi	st		S	sg el
1	1	0		N	?
vak	####				
	#vakk	0		S	sg n
rükki	####				
	#rüga	i		S	pl p
1	1	0		N	?
vak	####				
	#vakk	0		S	sg n
kesvi	kesv	i		S	pl p
nink	####				
	#ning	0		J	
1	1	0		N	?
vak	####				
	#vakk	0		S	sg n
kaaro	####				
	#kaer	o		S	pl p
väekaupa	väe_kaupa	0		D	
ärra	####				
	#ära	0		D	
vötno	####				
	#võt	no		V	nud
,	,			Z	
–	-			Z	
nink	####				
	#ning	0		J	
nöut	####				
	#nõud	0		V	s
selle	@see	0		P	sg g
     	sell	e		S	pl p
perrast	####				
	#pärast	0		K	
et	et	0		J	
Parrol	####				
	#Parrol	0		H	sg n
om	####				
	#ole	0		V	b
se	####				
	#see	0		P	sg n
temma	####				
	#tema	0		P	sg g
käest	@käest	0		K	
     	käsi	st		S	sg el
vägise	vägine	0		A	sg g
      	vägine	0		S	sg g
	£vägisi	0		D	
vötno	####				
	#võt	no		V	nud
kolm	kolm	0		N	sg n
hinda	hind	0		S	adt
     	hinda	0		V	o
     	hind	0		S	sg p
	¤
egga	####				
	#iga	0		P	sg n
vak	####				
	#vakk	0		S	sg n
3	3	0		N	?
Rubla	rubla	0		S	sg g
     	rubla	0		S	sg n
     	@rubla	0		S	sg p
Summa	summ	0		S	adt
     	summ	0		S	sg g
     	summ	0		S	sg p
     	summa	0		S	sg g
     	@summa	0		S	sg n
9	9	0		N	?
Rbl	####				
	#Rbl	0		Y	?
.	.			Z	
11.	11.	0		O	?
ollev	####				
	#ole	v		V	vat
Parrol	####				
	#Parrol	0		H	sg n
tedda	####				
	#tema	da		P	sg p
oksjoni	oksjon	0		S	sg g
alla	alla	0		D	
    	@lla	0		K	
ilma	ilm	0		S	adt
    	ilm	0		S	sg g
    	ilma	0		D	
    	@ilma	0		K	
    	ilm	0		S	sg p
süüta	@süü	ta		S	sg ab
     	süüta	0		V	o
kirjotanno	####				
	#kirjuta	nno		V	nud
,	,			Z	
nink	####				
	#ning	0		J	
temma	####				
	#tema	0		P	sg n
avvo	####				
	#au	0		S	sg p
se	####				
	#see	0		P	sg n
läbbi	####				
	#läbi	0		K	
rikno	####				
	#rikku	no		V	nud
nöud	####				
	#nõud	0		V	s
see	see	0		P	sg n
eest	eest	0		D	
    	@eest	0		K	
    	esi	st		S	sg el
100	100	0		N	?
Rbl	####				
	#Rbl	0		Y	?
12.	12.	0		O	?
Ollev	####				
	#ole	v		V	vat
Parrol	####				
	#Parrol	0		H	sg n
temma	####				
	#tema	0		P	sg g
kraam	kraam	0		S	sg n
välal	####				
	#välja	0		D	
töstno	####				
	#tõst	no		V	nud
nöud	####				
	#nõud	0		V	s
see	see	0		P	sg n
eest	eest	0		D	
    	@eest	0		K	
    	esi	st		S	sg el
25	25	0		N	?
Rbl	####				
	#Rbl	0		Y	?
Summa	summ	0		S	adt
     	summ	0		S	sg g
     	summ	0		S	sg p
     	summa	0		S	sg g
     	@summa	0		S	sg n
239	239	0		N	?
Rubla	rubla	0		S	sg g
     	rubla	0		S	sg n
     	@rubla	0		S	sg p
Sai	@saa	i		V	s
   	sai	0		S	sg n
sellle	####				
	#see	0		P	sg g
pääle	####				
	#peale	0		K	
Parrol	####				
	#Parrol	0		H	sg n
ette	@ette	0		D	
    	ette	0		K	
    	esi	tte		S	adt
kutsoto	####				
	#kutsu	to		V	tud
temma	####				
	#tema	0		P	sg n
ütless	####				
	#ütle	ss		V	s
:	:			Z	
1.	1.	0		O	?
ollevad	####				
	#ole	vad		V	vat
kül	####				
	#küll	0		D	
20	20	0		N	?
Rubla	rubla	0		S	sg g
     	rubla	0		S	sg n
     	@rubla	0		S	sg p
mes	####				
	#mis	0		P	sg n
Johannson	####				
	#Johannson	0		H	sg n
on	@ole	0		V	b
  	ole	0		V	vad
kui	kui	0		D	
   	@kui	0		J	
temma	####				
	#tema	0		P	sg n
on	@ole	0		V	b
  	ole	0		V	vad
temma	####				
	#tema	0		P	sg g
manno	####				
	#manu	0		K	
poole	pool	0		N	sg g
     	pool	0		S	sg g
     	pool	e		S	pl p
     	poole	0		K	
     	poole	0		S	sg n
	£poole	0		D	
terramehhes	####				
	#tera_mees	s		S	sg tr
tulno	####				
	#tule	no		V	nud
temmale	####				
	#tema	le		P	sg all
kautsjonis	kautsjon	s		S	sg in
	£kautsjon	s		S	sg tr
sisse	siss	e		S	pl p
     	@sisse	0		D	
     	sisse	0		K	
andno	####				
	#and	no		V	nud
,	,			Z	
–	-			Z	
vel	####				
	#veel	0		D	
temma	####				
	#tema	0		P	sg g
käess	####				
	#käes	0		K	
.	.			Z	
2.	2.	0		O	?
ollevad	####				
	#ole	vad		V	vat
Johann	Johann	0		H	sg n
Johansoni	Johanson	0		H	adt
         	Johanson	0		H	sg g
         	Johanson	0		H	sg p
	£Johannson	0		H	sg g
Sössar	####				
	#sõsar	0		S	sg n
temma	####				
	#tema	0		P	sg g
hobbese	####				
	#hobune	0		S	sg g
nink	####				
	#ning	0		J	
Johanso	####				
	#Johannson	0		H	sg g
vankrega	####				
	#vanker	ga		S	sg kom
Pornusen	####				
	#Pornuse	n		H	sg in
käinova	####				
	#käi	nova		V	nuvad
.	.			Z	
3.	3.	0		O	?
ei	ei	0		D	
  	@ei	0		V	neg
ollevad	####				
	#ole	vad		V	vat
temma	####				
	#tema	0		P	sg n
mitte	mitte	0		D	
Johansoni	Johanson	0		H	adt
         	Johanson	0		H	sg g
         	Johanson	0		H	sg p
	£Johannson	0		H	sg g
vangrega	####				
	#vanker	ga		S	sg kom
kuikatsin	####				
	#Kuigatsi	n		H	sg in
kaino	####				
	#käi	no		V	nud
.	.			Z	
4.	4.	0		O	?
ei	ei	0		D	
  	@ei	0		V	neg
ollevad	####				
	#ole	vad		V	vat
temma	####				
	#tema	0		P	sg n
essi	####				
	#ise	0		P	sg n
Johansoni	Johanson	0		H	adt
         	Johanson	0		H	sg g
         	Johanson	0		H	sg p
	£Johannson	0		H	sg g
käest	@käest	0		K	
     	käsi	st		S	sg el
mitte	mitte	0		D	
kartolit	####				
	#kartul	t		S	sg p
lainano	####				
	#laena	no		V	nud
,	,			Z	
vöip	####				
	#või	p		V	b
kül	####				
	#küll	0		D	
vaest	vaag	st		S	sg el
     	vaene	t		A	sg p
     	vaene	t		S	sg p
	£vahest	0		D	
vöimalik	####				
	#võimalik	0		A	sg n
olla	ole	a		V	da
et	et	0		J	
temma	####				
	#tema	0		P	sg g
emmand	emm_and	0		S	sg n
	£emand	0		S	sg n
on	@ole	0		V	b
  	ole	0		V	vad
lainano	####				
	#laena	no		V	nud
.	.			Z	
5.	5.	0		O	?
ollevad	####				
	#ole	vad		V	vat
temma	####				
	#tema	0		P	sg n
Johannsonile	####				
	#Johannson	le		H	sg all
1	1	0		N	?
vakkamaa	####				
	#vaka_maa	0		S	sg n
heinamaad	heina_maa	d		S	pl n
         	@heina_maa	d		S	sg p
nink	####				
	#ning	0		J	
1	1	0		N	?
vakkamaa	####				
	#vaka_maa	0		S	sg n
ristikheina	ristik_hein	0		S	adt
           	ristik_hein	0		S	sg g
           	@ristik_hein	0		S	sg p
söödi	söö	di		V	ti
     	@sööt	0		S	sg g
maad	maa	d		S	pl n
    	@maa	d		S	sg p
hobbeste	####				
	#hobune	te		S	pl g
söödamaas	sööda_maa	s		S	sg in
	£sööda_maa	s		S	sg tr
Johann	Johann	0		H	sg n
Johansonile	Johanson	le		H	sg all
	£Johannson	le		H	sg all
andno	####				
	#and	no		V	nud
.	.			Z	
6.	6.	0		O	?
ollev	####				
	#ole	v		V	vat
temma	####				
	#tema	0		P	sg n
Johansonile	Johanson	le		H	sg all
	£Johannson	le		H	sg all
ükss	####				
	#üks	0		N	sg n
ülles	####				
	#üles	0		D	
künneto	####				
	#künd	to		V	tud
,	,			Z	
nink	####				
	#ning	0		J	
töine	töine	0		A	sg n
	£teine	0		O	sg n
üles	üles	0		D	
künneto	####				
	#künd	to		V	tud
nink	####				
	#ning	0		J	
ärra	####				
	#ära	0		D	
ääestedu	####				
	#äesta	du		V	tud
nurm	nurm	0		S	sg n
vasto	####				
	#vastu	0		D	
andno	####				
	#and	no		V	nud
.	.			Z	
7.	7.	0		O	?
ei	ei	0		D	
  	@ei	0		V	neg
ollevat	####				
	#ole	vat		V	vat
temma	####				
	#tema	0		P	sg n
mitte	mitte	0		D	
Johansoni	Johanson	0		H	adt
         	Johanson	0		H	sg g
         	Johanson	0		H	sg p
	£Johannson	0		H	sg g
man	man	0		D	
   	@man	0		K	
käinu	käinu	0		S	sg g
     	käinu	0		S	sg n
	£käi	nu		V	nud
,	,			Z	
ei	ei	0		D	
  	@ei	0		V	neg
ollev	####				
	#ole	v		V	vat
ka	ka	0		D	
mitte	mitte	0		D	
tülli	tüll	0		S	adt
     	tüll	0		S	sg g
     	tülli	0		D	
     	tüli	0		S	adt
     	tüll	0		S	sg p
	£tüli	0		S	sg p
tenno	####				
	#tege	no		V	nud
,	,			Z	
ei	@ei	0		D	
  	ei	0		V	neg
ka	ka	0		D	
mtte	####				
	#mitte	0		D	
Johansoni	Johanson	0		H	adt
         	Johanson	0		H	sg g
         	Johanson	0		H	sg p
	£Johannson	0		H	sg p
pesno	####				
	#peks	no		V	nud
.	.			Z	
8.	8.	0		O	?
ollevat	####				
	#ole	vat		V	vat
vaivalt	####				
	#vaevalt	0		D	
omma	####				
	#oma	0		P	sg g
arro	####				
	#arv	0		S	sg g
rükka	####				
	#rüga	0		S	sg p
mahha	####				
	#maha	0		D	
tenno	####				
	#tege	nno		V	nud
.	.			Z	
9.	9.	0		O	?
ollevad	####				
	#ole	vad		V	vat
Johansoni	Johanson	0		H	adt
         	Johanson	0		H	sg g
         	Johanson	0		H	sg p
	£Johannson	0		H	sg g
höiguss	####				
	#õigus	0		S	sg n
ollo	####				
	#ole	lo		V	nud
,	,			Z	
temma	####				
	#tema	0		P	sg g
karja	kari	0		S	adt
     	kari	0		S	sg g
     	@kari	0		S	sg p
keik	####				
	#kõik	0		P	sg n
karja	kari	0		S	adt
     	@kari	0		S	sg g
     	kari	0		S	sg p
vällan	####				
	#väljas	0		D	
käimise	käimine	0		S	sg g
aig	####				
	#aeg	0		S	sg n
hoita	hoid	ta		V	ta
	£hoid	a		V	da
.	.			Z	
10.	10.	0		O	?
ollevad	####				
	#ole	vad		V	vat
temma	####				
	#tema	0		P	sg n
enne	@enne	0		D	
    	enne	0		K	
    	enne	0		S	sg n
vötno	####				
	#võt	no		V	nud
17	17	0		N	?
garnist	####				
	#karnits	t		S	sg p
rükki	####				
	#rüga	i		S	pl p
18	18	0		N	?
garnist	####				
	#karnits	t		S	sg p
kesvi	kesv	i		S	pl p
nink	####				
	#ning	0		J	
½	####				
	#½	0		N	?
vakka	vakk	0		S	adt
     	@vakk	0		S	sg p
     	vakka	0		D	
kaaro	####				
	#kaer	o		S	pl p
,	,			Z	
kohto	####				
	#kohus	0		S	sg g
meeste	meene	te		A	pl g
      	@mees	te		S	pl g
palga	palk	0		S	sg g
,	,			Z	
nink	####				
	#ning	0		J	
keriko	####				
	#kirik	0		S	sg g
masso	####				
	#maks	0		S	sg g
tarvis	tarvis	0		D	
      	@tarvis	0		K	
,	,			Z	
sest	@see	st		P	sg el
    	sest	0		J	
pool	pool	0		K	
    	@pool	0		N	sg n
    	pool	0		S	sg n
    	pool	0		S	sg n
piddano	####				
	#pida	no		V	nud
Johanson	Johanson	0		H	sg n
	£Johannson	0		H	sg n
nink	####				
	#ning	0		J	
temma	####				
	#tema	0		P	sg g
töine	töine	0		A	sg n
	£teine	0		P	sg n
pool	pool	0		K	
    	pool	0		N	sg n
    	@pool	0		S	sg n
    	pool	0		S	sg n
neist	@see	st		P	pl el
     	tema	st		P	pl el
massodest	####				
	#maks	dest		S	pl el
masma	####				
	#maks	ma		V	ma
.	.			Z	
12.	12.	0		O	?
ollevad	####				
	#ole	vad		V	vat
Johannson	####				
	#Johannson	0		H	sg n
3	3	0		N	?
näddalit	####				
	#nädal	t		S	sg p
rijan	####				
	#Riia	n		H	sg in
käiman	####				
	#käi	man		V	mas
ollo	####				
	#ole	lo		V	nud
sis	####				
	#siis	0		D	
om	####				
	#ole	0		V	b
temma	####				
	#tema	0		P	sg n
Johansoni	Johanson	0		H	adt
         	Johanson	0		H	sg g
         	Johanson	0		H	sg p
	£Johannson	0		H	sg g
kraam	kraam	0		S	sg n
rehhe	####				
	#rehi	0		S	sg g
alt	alt	0		S	sg n
   	alt	0		D	
   	@alt	0		K	
viljakastist	vilja_kast	st		S	sg el
välla	####				
	#välja	0		D	
töstno	####				
	#tõst	no		V	nud
nink	####				
	#ning	0		J	
viljakasti	vilja_kast	0		S	adt
          	@vilja_kast	0		S	sg g
          	vilja_kast	0		S	sg p
lävve	####				
	#lävi	0		S	sg g
taade	####				
	#taha	0		K	
pandno	####				
	#pane	no		V	nud
.	.			Z	
11.	11.	0		O	?
ei	ei	0		D	
  	@ei	0		V	neg
ollevad	####				
	#ole	vad		V	vat
temma	####				
	#tema	0		P	sg n
mitte	mitte	0		D	
Johannsoni	####				
	#Johannson	0		H	sg g
oksjoni	oksjon	0		S	sg g
	#oksjon	0		S	sg p
alla	@alla	0		D	
    	alla	0		K	
kirjotano	####				
	#kirjuta	no		V	nud
.	.			Z	
Sellepääle	####				
	#selle_peale	0		D	
ütles	ütle	s		V	s
veel	@veel	0		D	
    	vesi	l		S	sg ad
Parrol	####				
	#Parrol	0		H	sg n
et	et	0		J	
sis	####				
	#siis	0		D	
kui	kui	0		D	
   	@kui	0		J	
Johannson	####				
	#Johannson	0		H	sg n
temma	####				
	#tema	0		P	sg g
karja	kari	0		S	adt
     	kari	0		S	sg g
     	@kari	0		S	sg p
ei	ei	0		D	
  	@ei	0		V	neg
olle	####				
	#ole	0		V	o
toita	toi	ta		S	sg ab
     	@toit	a		V	da
tahtno	####				
	#taht	no		V	nud
on	@ole	0		V	b
  	ole	0		V	vad
temma	####				
	#tema	0		P	sg n
pääkohtomees	####				
	#pea_kohtu_mees	0		S	sg n
Jaan	@Jaan	0		H	sg n
    	jaan	0		S	sg n
    	jaan	0		Y	?
Reddolf	####				
	#Reddolf	0		H	sg n
,	,			Z	
nink	####				
	#ning	0		J	
vallavanemb	####				
	#valla_vanem	0		S	sg n
Jaak	@Jaak	0		H	sg n
    	jaak	0		S	sg n
Rosenfeldt	####				
	#Rosenfeldt	0		H	sg n
kutsono	####				
	#kutsu	no		V	nud
et	et	0		J	
nemma	####				
	#tema	0		P	pl n
Johann	Johann	0		H	sg n
Johansoni	Johanson	0		H	adt
         	Johanson	0		H	sg g
         	Johanson	0		H	sg p
	£Johannson	0		H	sg p
sunnissi	####				
	#sundi	ssi		V	ksid
omma	####				
	#oma	0		P	sg g
höigust	####				
	#õigus	t		S	sg p
perra	####				
	#perra	0		K	
temma	####				
	#tema	0		P	sg g
karja	kari	0		S	adt
     	kari	0		S	sg g
     	@kari	0		S	sg p
hoitma	####				
	#hoid	ma		V	ma
.	.			Z	
Ette	@ette	0		D	
    	ette	0		K	
    	esi	tte		S	adt
tulli	tull	0		S	adt
     	tull	0		S	sg g
     	tull	0		S	sg p
	£tule	i		V	s
Jaan	@Jaan	0		H	sg n
    	jaan	0		S	sg n
    	jaan	0		Y	?
Redolf	####				
	#Reddolf	0		H	sg n
lutre	####				
	#luteri	0		G	
usko	####				
	#usk	0		S	sg p
ütles	ütle	s		V	s
et	et	0		J	
temma	####				
	#tema	0		P	sg n
on	@ole	0		V	b
  	ole	0		V	vad
too	@too	0		P	sg n
   	too	0		V	o
körd	####				
	#kord	0		S	sg n
pääkohtomees	####				
	#pea_kohtu_mees	0		S	sg n
ollo	####				
	#ole	lo		V	nud
sis	####				
	#siis	0		D	
ollev	####				
	#ole	v		V	vat
temma	####				
	#tema	0		P	sg n
Parroli	####				
	#Parrol	0		H	sg g
kutsomisse	####				
	#kutsumine	0		S	sg g
pääle	####				
	#peale	0		K	
länno	####				
	#mine	no		V	nud
,	,			Z	
nink	####				
	#ning	0		J	
on	@ole	0		V	b
  	ole	0		V	vad
sundino	####				
	#sundi	no		V	nud
Johann	Johann	0		H	sg n
Johansoni	Johanson	0		H	adt
         	Johanson	0		H	sg g
         	Johanson	0		H	sg p
	£Johannson	0		H	sg p
Paroli	####				
	#Parrol	0		H	sg g
karja	kari	0		S	adt
     	kari	0		S	sg g
     	@kari	0		S	sg p
hoitma	####				
	#hoid	ma		V	ma
sest	see	st		P	sg el
    	@sest	0		J	
et	et	0		J	
pooleterramehhet	####				
	#poole_tera_mees	t		S	pl n
enne	enne	0		D	
    	@enne	0		K	
    	enne	0		S	sg n
Johansoni	Johanson	0		H	adt
         	Johanson	0		H	sg g
         	Johanson	0		H	sg p
	£Johannson	0		H	sg p
on	ole	0		V	b
  	@ole	0		V	vad
pidanova	####				
	#pida	nova		V	nuvad
ka	ka	0		D	
Parroli	####				
	#Parrol	0		H	sg g
karja	kari	0		S	adt
     	kari	0		S	sg g
     	@kari	0		S	sg p
hoitma	####				
	#hoid	maa		V	ma
.	.			Z	
Ette	@ette	0		D	
    	ette	0		K	
    	esi	tte		S	adt
tulli	tull	0		S	adt
     	tull	0		S	sg g
     	tull	0		S	sg p
	£tule	i		V	s
Jaak	@Jaak	0		H	sg n
    	jaak	0		S	sg n
Rosenfeldt	####				
	#Rosenfeldt	0		H	sg n
lut	####				
	#lut	0		Y	?
.	.			Z	
usko	####				
	#usk	0		S	sg p
kes	kes	0		P	pl n
   	@kes	0		P	sg n
too	@too	0		P	sg n
   	too	0		V	o
körd	####				
	#kord	0		S	sg n
valla	@vald	0		S	sg g
     	valla	0		D	
vannemb	####				
	#vanem	0		S	sg n
on	@ole	0		V	b
  	ole	0		V	vad
olno	####				
	#ole	no		V	nud
tunnistas	tunnista	s		V	s
nisammote	####				
	#nii_samuti	0		D	
kui	kui	0		D	
   	@kui	0		J	
Jaan	@Jaan	0		H	sg n
    	jaan	0		S	sg n
    	jaan	0		Y	?
Rosenfeldt	####				
	#Rosenfeldt	0		H	sg n
.	.			Z	
Möistus	####				
	#mõistus	0		S	sg n
.	.			Z	
1.	1.	0		O	?
Parroli	####				
	#Parrol	0		H	sg g
nöudmisse	####				
	#nõudmine	0		S	sg g
ülle	ülle	0		D	
	£üle	0		K	
vasto	####				
	#vastu	0		K	
Johan	Johan	0		H	sg n
	£Johann	0		H	sg n
Johansoni	Johanson	0		H	adt
         	Johanson	0		H	sg g
         	Johanson	0		H	sg p
	£Johannson	0		H	sg p
,	,			Z	
nink	####				
	#ning	0		J	
massab	####				
	#maks	b		V	b
Johan	Johan	0		H	sg n
	£Johann	0		H	sg n
Johanson	Johanson	0		H	sg n
	£Johannson	0		H	sg n
Parrolille	####				
	#Parrol	le		H	sg all
nimmelt	nimme	lt		S	sg abl
	£nimelt	0		D	
:	:			Z	
1.	1.	0		O	?
ristikheina	ristik_hein	0		S	adt
           	@ristik_hein	0		S	sg g
           	ristik_hein	0		S	sg p
söödi	söö	di		V	ti
     	@sööt	0		S	sg g
kündmata	@künd	mata		V	mata
        	künd=mata	0		A	
jatmisse	####				
	#jätmine	0		S	sg g
eest	eest	0		D	
    	@eest	0		K	
    	esi	st		S	sg el
16	16	0		N	?
Rbl	####				
	#Rbl	0		Y	?
50	50	0		N	?
Cop	####				
	#Cop	0		Y	?
.	.			Z	
2.	2.	0		O	?
4	4	0		N	?
1/2	1/2	0		N	?
jalga	jalg	0		S	adt
     	@jalg	0		S	sg p
     	jalga	0		D	
puid	puu	id		S	pl p
ehk	ehk	0		D	
   	@ehk	0		J	
selle	@see	0		P	sg g
     	sell	e		S	pl p
eest	eest	0		D	
    	@eest	0		K	
    	esi	st		S	sg el
2	2	0		N	?
Rbl	####				
	#Rbl	0		Y	?
40	40	0		N	?
Cop	####				
	#Cop	0		Y	?
.	.			Z	
3.	3.	0		O	?
4	4	0		N	?
1/2	1/2	0		N	?
jalga	jalg	0		S	adt
     	@jalg	0		S	sg p
     	jalga	0		D	
puid	puu	id		S	pl p
ullesraggoma	####				
	#üles_raiu	ma		V	ma
ja	ja	0		J	
välla	####				
	#välja	0		D	
veddama	####				
	#veda	ma		V	ma
ehk	ehk	0		D	
   	@ehk	0		J	
selle	@see	0		P	sg g
     	sell	e		S	pl p
eest	eest	0		D	
    	@eest	0		K	
    	esi	st		S	sg el
1	1	0		N	?
Rbl	####				
	#Rbl	0		Y	?
.	.			Z	
–	-			Z	
Cop	####				
	#Cop	0		Y	?
.	.			Z	
4.	4.	0		O	?
1/2	1/2	0		N	?
süld	süld	0		S	sg n
puid	puu	id		S	pl p
öppetajale	####				
	#õpetaja	le		S	sg all
ehk	ehk	0		D	
   	@ehk	0		J	
1	1	0		N	?
Rbl	####				
	#Rbl	0		Y	?
.	.			Z	
50	50	0		N	?
Cop	####				
	#Cop	0		Y	?
.	.			Z	
5.	5.	0		O	?
akke	####				
	¤
eest	eest	0		D	
    	@eest	0		K	
    	esi	st		S	sg el
2	2	0		N	?
Rbl	####				
	#Rbl	0		Y	?
–	-			Z	
Cp	####				
	#Cp	0		Y	?
.	.			Z	
6.	6.	0		O	?
3	3	0		N	?
vakkamaad	####				
	#vaka_maa	d		S	sg p
sitta	sitt	0		A	adt
     	sitt	0		S	adt
     	sitta	0		V	o
     	sitt	0		A	sg p
     	@sitt	0		S	sg p
valla	vald	0		S	sg g
     	valla	0		D	
	£välja	0		D	
veddama	####				
	#veda	ma		V	ma
ehk	ehk	0		D	
   	@ehk	0		J	
selle	@see	0		P	sg g
     	sell	e		S	pl p
eest	eest	0		D	
    	@eest	0		K	
    	esi	st		S	sg el
4	4	0		N	?
Rbl	####				
	#Rbl	0		Y	?
–	-			Z	
Cop	####				
	#Cop	0		Y	?
.	.			Z	
7.	7.	0		O	?
ütte	üte	0		S	sg g
	£üks	0		N	sg g
vakkama	####				
	#vaka_maa	0		S	sg g
linna	linn	0		S	adt
     	linn	0		S	sg g
     	linn	0		S	sg p
	£lina	0		S	sg g
mahha	####				
	#maha	0		D	
nitmisse	####				
	#niitmine	0		S	sg g
eest	eest	0		D	
    	@eest	0		K	
    	esi	st		S	sg el
10	10	0		N	?
Rbl	####				
	#Rbl	0		Y	?
–	-			Z	
Cop	####				
	#Cop	0		Y	?
.	.			Z	
8.	8.	0		O	?
karjosse	####				
	#karjus	0		S	sg g
eest	eest	0		D	
    	@eest	0		K	
    	esi	st		S	sg el
25	25	0		N	?
Rbl	####				
	#Rbl	0		Y	?
–	-			Z	
Cop	####				
	#Cop	0		Y	?
.	.			Z	
9.	9.	0		O	?
Sitta	sitt	0		A	adt
     	sitt	0		S	adt
     	sitta	0		V	o
     	sitt	0		A	sg p
     	sitt	0		S	sg p
	£sitt	0		S	sg g
lauta	laug	ta		S	sg ab
     	@laut	0		S	adt
     	laut	0		S	sg p
valla	vald	0		S	sg g
     	valla	0		D	
	£välja	0		D	
veddamatta	####				
	#veda	matta		V	mata
jätmisse	jätmine	se		S	adt
	£jätmine	0		S	sg g
eest	eest	0		D	
    	@eest	0		K	
    	esi	st		S	sg el
10	10	0		N	?
Rbl	####				
	#Rbl	0		Y	?
–	-			Z	
Cop	####				
	#Cop	0		Y	?
.	.			Z	
10.	10.	0		O	?
Kahhe	####				
	#kaks	0		N	sg g
poisi	poiss	0		S	sg g
ja	ja	0		J	
ühhe	####				
	#üks	0		N	sg g
hobbese	####				
	#hobune	0		S	sg g
päiva	####				
	#päev	0		S	sg g
eest	eest	0		D	
    	@eest	0		K	
    	esi	st		S	sg el
1	1	0		N	?
Rbl	####				
	#Rbl	0		Y	?
80	80	0		N	?
Cop	####				
	#Cop	0		Y	?
.	.			Z	
11.	11.	0		O	?
öpetaja	####				
	#õpetaja	0		S	sg g
päiva	####				
	#päev	0		S	sg g
eest	eest	0		D	
    	@eest	0		K	
    	esi	st		S	sg el
40	40	0		N	?
Cop	####				
	#Cop	0		Y	?
.	.			Z	
12.	12.	0		O	?
ristikheina	ristik_hein	0		S	adt
           	@ristik_hein	0		S	sg g
           	ristik_hein	0		S	sg p
kuhja	kuhja	0		V	o
     	kuhi	0		S	adt
     	@kuhi	0		S	sg g
     	kuhi	0		S	sg p
koddo	####				
	#kodu	0		S	sg ill
veddaminne	####				
	#vedamine	0		S	sg n
1	1	0		N	?
Rbl	####				
	#Rbl	0		Y	?
Ütte	üte	0		S	sg g
	£ühte	0		D	
Summa	summ	0		S	adt
     	summ	0		S	sg g
     	summ	0		S	sg p
     	summa	0		S	sg g
     	@summa	0		S	sg n
75	75	0		N	?
Rbl	####				
	#Rbl	0		Y	?
60	60	0		N	?
Cop	####				
	#Cop	0		Y	?
.	.			Z	
II	@II	0		O	?
  	II	0		Y	?
.	.			Z	
Johann	Johann	0		H	sg n
Johansoni	Johanson	0		H	adt
         	Johanson	0		H	sg g
         	Johanson	0		H	sg p
	£Johannson	0		H	sg g
nöudmisse	####				
	#nõudmine	0		S	sg g
ülle	ülle	0		D	
	£üle	0		K	
vaste	vaste	0		S	sg g
     	vaste	0		S	sg n
	£vastu	0		K	
Parrolile	####				
	#Parrol	le		H	sg all
:	:			Z	
1.	1.	0		O	?
Seenis	seen	is		S	pl in
	£seniks	0		D	
jääb	jää	b		V	b
se	####				
	#see	0		P	sg n
20	20	0		N	?
Rubla	rubla	0		S	sg g
     	rubla	0		S	sg n
     	@rubla	0		S	sg p
Parroli	####				
	#Parrol	0		H	sg g
kätte	@kätte	0		K	
     	käsi	tte		S	adt
kinni	kinni	0		D	
,	,			Z	
kui	kui	0		D	
   	@kui	0		J	
keiserlik	keiserlik	0		A	sg n
kihhelkonna	####				
	#kihelkond	0		S	sg g
kohtus	kohtu	s		V	s
      	kohus	s		S	sg in
	£kohus	0		S	sg n
ärra	####				
	#ära	0		D	
selletab	####				
	#seleta	b		V	b
see	see	0		P	sg n
,	,			Z	
mes	####				
	#mis	0		P	sg n
Parrolil	####				
	#Parrol	l		H	sg ad
Johansooni	####				
	#Johannson	0		H	sg g
käest	@käest	0		K	
     	käsi	st		S	sg el
saada	@saa	da		V	da
     	saat	0		V	o
     	saa	da		V	ta
on	@ole	0		V	b
  	ole	0		V	vad
.	.			Z	
2.	2.	0		O	?
Pornuse	####				
	#Pornuse	0		H	sg g
möisan	####				
	#mõis	n		S	sg in
käimine	käimine	0		S	sg n
arvatass	####				
	#arva	tass		V	takse
tühjas	tühi	s		A	sg in
	£tühi	s		A	sg tr
sest	see	st		P	sg el
    	@sest	0		J	
et	et	0		J	
tunnistust	tunnistus	t		S	sg p
ei	ei	0		D	
  	@ei	0		V	neg
olle	####				
	#ole	0		V	o
.	.			Z	
3.	3.	0		O	?
sest	see	st		P	sg el
    	@sest	0		J	
et	et	0		J	
Parrol	####				
	#Parrol	0		H	sg n
üttlep	####				
	#ütle	p		V	b
et	et	0		J	
temma	####				
	#tema	0		P	sg n
mitte	mitte	0		D	
Johansoni	Johanson	0		H	adt
         	Johanson	0		H	sg g
         	Johanson	0		H	sg p
	£Johannson	0		H	sg g
vangerd	####				
	#vanker	d		S	sg p
kuikatsidde	####				
	#Kuigatsi	dde		H	sg ill
söita	####				
	#sõit	a		V	da
ei	ei	0		D	
  	@ei	0		V	neg
olle	####				
	#ole	0		V	o
vötno	####				
	#võt	no		V	nud
,	,			Z	
nink	####				
	#ning	0		J	
tunnistust	tunnistus	t		S	sg p
ka	ka	0		D	
mitte	mitte	0		D	
ei	ei	0		D	
  	@ei	0		V	neg
olle	####				
	#ole	0		V	o
arvatas	####				
	#arva	tas		V	takse
see	see	0		P	sg n
asi	@asi	0		S	sg n
   	asi	0		V	o
tühjas	tühi	s		A	sg in
	£tühi	s		A	sg tr
.	.			Z	
4.	4.	0		O	?
kui	kui	0		D	
   	@kui	0		J	
Parroli	####				
	#Parrol	0		H	sg g
emmand	emm_and	0		S	sg n
	£emand	0		S	sg n
on	@ole	0		V	b
  	ole	0		V	vad
kartolit	####				
	#kartul	t		S	sg p
vötno	####				
	#võt	no		V	nud
sis	####				
	#siis	0		J	
peab	pida	b		V	b
temma	####				
	#tema	0		P	sg n
ka	ka	0		D	
Johannsonile	####				
	#Johannson	le		H	sg all
ärra	####				
	#ära	0		D	
masma	####				
	#maks	ma		V	ma
.	.			Z	
5.	5.	0		O	?
Sest	see	st		P	sg el
    	@sest	0		J	
et	et	0		J	
ütlep	####				
	#ütle	p		V	b
et	et	0		J	
Johanson	Johanson	0		H	sg n
	£Johannson	0		H	sg n
on	@ole	0		V	b
  	ole	0		V	vad
hobbese	####				
	#hobune	0		S	sg g
söödamaad	sööda_maa	d		S	pl n
         	@sööda_maa	d		S	sg p
saano	####				
	#saa	no		V	nud
nink	####				
	#ning	0		J	
ka	ka	0		D	
tunnistust	tunnistus	t		S	sg p
selle	@see	0		P	sg g
     	sell	e		S	pl p
asja	asi	0		S	adt
    	@asi	0		S	sg g
    	asi	0		S	sg p
man	man	0		D	
   	@man	0		K	
mitte	mitte	0		D	
ei	ei	0		D	
  	@ei	0		V	neg
ole	ole	0		V	o
arvatas	####				
	#arva	tas		V	takse
see	see	0		P	sg n
asi	@asi	0		S	sg n
   	asi	0		V	o
tühjas	tühi	s		A	sg in
	£tühi	s		A	sg tr
.	.			Z	
6.	6.	0		O	?
arvatas	####				
	#arva	tas		V	takse
tühjas	tühi	s		A	sg in
	£tühi	s		A	sg tr
sest	see	st		P	sg el
    	@sest	0		J	
et	et	0		J	
tunnistust	tunnistus	t		S	sg p
ei	ei	0		D	
  	@ei	0		V	neg
olle	####				
	#ole	0		V	o
.	.			Z	
7.	7.	0		O	?
arvatas	####				
	#arva	tas		V	takse
pesmine	####				
	#peksmine	0		S	sg n
tühas	####				
	#tühi	s		A	sg tr
sest	see	st		P	sg el
    	@sest	0		J	
et	et	0		J	
tunnistust	tunnistus	t		S	sg p
ei	ei	0		D	
  	@ei	0		V	neg
olle	####				
	#ole	0		V	o
.	.			Z	
8.	8.	0		O	?
sest	see	st		P	sg el
    	@sest	0		J	
et	et	0		J	
Parrol	####				
	#Parrol	0		H	sg n
ütlep	####				
	#ütle	p		V	b
et	et	0		J	
on	@ole	0		V	b
  	ole	0		V	vad
vaivalt	####				
	#vaevalt	0		D	
höige	####				
	#õige	0		A	sg g
arro	####				
	#arv	0		S	sg g
rükka	####				
	#rüga	0		S	sg p
mahha	####				
	#maha	0		D	
tenno	####				
	#tege	nno		V	nud
,	,			Z	
nink	####				
	#ning	0		J	
ka	ka	0		D	
tunnistust	tunnistus	t		S	sg p
ei	ei	0		D	
  	@ei	0		V	neg
olle	####				
	#ole	0		V	o
arvatas	####				
	#arva	tas		V	takse
se	####				
	#see	0		P	sg n
kaibus	####				
	#kaebus	0		S	sg n
tühjas	tühi	s		A	sg in
	£tühi	s		A	sg tr
.	.			Z	
9.	9.	0		O	?
sest	see	st		P	sg el
    	@sest	0		J	
et	et	0		J	
tunnistajade	####				
	#tunnistaja	de		S	pl g
välla	####				
	#välja	0		D	
ütlemisse	ütlemine	se		S	adt
	£ütlemine	0		S	sg g
päle	####				
	#peale	0		K	
on	@ole	0		V	b
  	ole	0		V	vad
Johanson	Johanson	0		H	sg n
	£Johannson	0		H	sg n
piddano	####				
	#pida	no		V	nud
Parroli	####				
	#Parrol	0		H	sg g
karri	karr	0		S	adt
     	karr	0		S	sg g
     	karr	0		S	sg p
	£kari	0		S	sg p
hoitma	####				
	#hoid	ma		V	ma
arvatas	####				
	#arva	tas		V	takse
se	####				
	#see	0		P	sg n
kaibus	####				
	#kaebus	0		S	sg n
tühjas	tühi	s		A	sg in
	£tühi	s		A	sg tr
.	.			Z	
10.	10.	0		O	?
Sest	see	st		P	sg el
    	@sest	0		J	
et	et	0		J	
Peter	Peter	0		H	sg n
Pilk	pilk	0		S	sg n
	£Pilk	0		H	sg n
nink	####				
	#ning	0		J	
Simmon	####				
	#Simmon	0		H	sg n
Odder	####				
	#Odder	0		H	sg n
pukt	####				
	#punkt	0		S	sg n
.	.			Z	
4.	4.	0		O	?
Paroli	####				
	#Parrol	0		H	sg g
nöudmissen	####				
	#nõudmine	n		S	sg in
tunnistava	tunnista=v	0		A	sg g
	£tunnista	va		V	vad
,	,			Z	
et	et	0		J	
Parol	####				
	#Parrol	0		H	sg n
om	####				
	#ole	0		V	b
keik	####				
	#kõik	0		P	pl n
öppetaja	####				
	#õpetaja	0		S	sg g
masso	####				
	#maks	0		S	pl n
enne	enne	0		D	
    	@enne	0		K	
    	enne	0		S	sg n
Johansoni	Johanson	0		H	adt
         	Johanson	0		H	sg g
         	Johanson	0		H	sg p
	£Johannson	0		H	sg p
pooleterrameestega	####				
	#poole_tera_mees	tega		S	pl kom
pooles	pool	s		N	sg in
      	pool	s		S	sg in
	£pooleks	0		D	
masnova	####				
	#maks	nova		V	nuvad
,	,			Z	
sis	####				
	#siis	0		J	
pidda	####				
	#pida	0		V	b
ka	ka	0		D	
Johann	Johann	0		H	sg n
Johanson	Johanson	0		H	sg n
	£Johannson	0		H	sg n
se	####				
	#see	0		P	sg n
masmine	####				
	#maksmine	0		S	sg n
masma	####				
	#maks	ma		V	ma
.	.			Z	
11.	11.	0		O	?
oksjoni	oksjon	0		S	sg g
kirjotaminne	####				
	#kirjutamine	0		S	sg n
arvatas	####				
	#arva	tas		V	takse
tühjas	tühi	s		A	sg in
	£tühi	s		A	sg tr
sest	see	st		P	sg el
    	@sest	0		J	
et	et	0		J	
tunnistust	tunnistus	t		S	sg p
ei	ei	0		D	
  	@ei	0		V	neg
olle	####				
	#ole	0		V	o
.	.			Z	
12.	12.	0		O	?
kraami	kraam	0		S	adt
      	@kraam	0		S	sg g
      	kraami	0		V	o
      	kraam	0		S	sg p
valla	vald	0		S	sg g
     	valla	0		D	
	£välja	0		D	
töstmine	####				
	#tõstmine	0		S	sg n
arvatas	####				
	#arva	tas		V	takse
tühjas	tühi	s		A	sg in
	£tühi	s		A	sg tr
,	,			Z	
sest	see	st		P	sg el
    	@sest	0		J	
et	et	0		J	
tunnistust	tunnistus	t		S	sg p
ei	ei	0		D	
  	@ei	0		V	neg
olle	####				
	#ole	0		V	o
.	.			Z	
Möistus	####				
	#mõistus	0		S	sg n
sai	@saa	i		V	s
   	sai	0		S	sg n
sääduslikko	####				
	#seaduslik	0		A	sg g
körra	####				
	#kord	0		S	sg g
pääl	####				
	#peal	0		K	
kohto	####				
	#kohus	0		S	sg g
käijadel	####				
	#käija	del		S	pl ad
kuulotedu	####				
	#kuuluta	du		V	tud
ei	ei	0		D	
  	@ei	0		V	neg
olnud	ol=nud	0		A	
     	ol=nud	0		A	sg n
     	ol=nud	d		A	pl n
     	@ole	nud		V	nud
     	olnu	d		S	pl n
möllemad	möll_ema	d		S	pl n
	£mõlema	d		P	pl n
seega	seega	0		D	
	£see	ga		P	sg kom
rahho	####				
	#rahul	0		D	
pallosit	####				
	#palu	sit		V	sid
protokolli	protokoll	0		S	adt
          	protokoll	0		S	sg g
          	protokolli	0		V	o
          	@protokoll	0		S	sg p
keiserlikko	####				
	#keiserlik	0		A	sg ill
kihelkonna	kihelkond	0		S	sg g
kohto	####				
	#kohus	0		S	sg ill
mes	####				
	#mis	0		P	sg n
neile	see	le		P	pl all
     	@tema	le		P	pl all
ka	ka	0		D	
lubbato	####				
	#luba	to		V	tud
sai	@saa	i		V	s
   	sai	0		S	sg n
,	,			Z	
nink	####				
	#ning	0		J	
Appelation	####				
	#apellatsioon	0		S	sg n
kätte	kätte	0		K	
     	@käsi	tte		S	adt
anto	####				
	#and	to		V	tud
nink	####				
	#ning	0		J	
§	§	0		Y	?
773	773	0		N	?
,	,			Z	
774	774	0		N	?
ärra	####				
	#ära	0		D	
selletado	####				
	#seleta	do		V	tud
.	.			Z	
