Einmanni	####	####				
        	#Einmanni	Einmann	0		H	sg g
koggokonna	####	####				
          	#kogukonna	kogukond	0		S	sg g
kohhus	####	####				
      	kohus	kohu	s		V	s
      	#kohus	kohus	0		S	sg n
.	.	.			Z	
Kohtu	kohtu	kohtu	0		V	o
     	@kohtu	kohus	0		S	sg g
ette	esi	esi	tte		S	adt
    	ette	ette	0		D	
    	@ette	ette	0		K	
kutsuti	kutsuti	kutsu	ti		V	ti
endine	endine	endine	0		A	sg n
Peetri	Peeter	Peeter	0		H	sg g
      	@Peetri	Peetri	0		H	sg g
      	Peetri	Peetri	0		H	sg n
kohha	####	####				
     	#koha	koht	0		S	sg g
perremees	perre_mees	perre_mees	0		S	sg n
         	@peremees	pere_mees	0		S	sg n
Karel	####	####				
     	#Karel	Karel	0		H	sg n
Ross	####	####				
    	#Ross	Ross	0		H	sg n
omma	####	####				
    	#oma	oma	0		P	sg g
    	on	ole	0		V	vad
Maggasini	####	####				
         	#magasini	magasin	0		S	sg g
wölla	####	####				
     	#võla	võlg	0		S	sg g
pärrast	####	####				
       	pärast	pära	st		S	sg el
       	pärast	pärane	t		A	sg p
       	pärast	pärast	0		D	
       	#pärast	pärast	0		K	
,	,	,			Z	
se	####	####				
  	#see	see	0		P	sg n
wölg	####	####				
    	#võlg	võlg	0		S	sg n
,	,	,			Z	
39	39	39	0		N	?
Tsetwerik	####	####				
         	#setverik	setverik	0		S	sg n
rukki	rukis	rukis	0		S	adt
     	rukis	rukis	0		S	sg g
     	£rukist	rukis	0		S	sg p
ja	ja	ja	0		J	
odrad	odrad	oder	d		S	pl n
48	48	48	0		N	?
Tsetwek	####	####				
       	#setverik	setverik	0		S	sg n
,	,	,			Z	
ja	ja	ja	0		J	
48	48	48	0		N	?
Tsetwerik	####	####				
         	#setverik	setverik	0		S	sg n
Kaerad	kaerad	kaer	d		S	pl n
,	,	,			Z	
ja	ja	ja	0		J	
Karel	####	####				
     	#Karel	Karel	0		H	sg n
Ross	####	####				
    	#Ross	Ross	0		H	sg n
tunnistas	tunnistas	tunnista	s		V	s
omma	####	####				
    	#oma	oma	0		P	sg g
    	on	ole	0		V	vad
suga	suga	suga	0		S	sg n
    	suga	suga	0		S	sg p
    	£suuga	suu	ga		S	sg kom
Kohtu	kohtu	kohtu	0		V	o
     	@kohtu	kohus	0		S	sg g
ees	ees	ees	0		D	
   	@ees	ees	0		K	
   	esi	esi	s		S	sg in
et	et	et	0		J	
,	,	,			Z	
se	####	####				
  	#see	see	0		P	sg n
temma	####	####				
     	#tema	tema	0		P	sg g
     	tema	tema	0		P	sg n
wölg	####	####				
    	#võlg	võlg	0		S	sg n
on	@on	ole	0		V	b
  	ole	ole	0		V	vad
,	,	,			Z	
ja	ja	ja	0		J	
lubbas	####	####				
      	#lubas	luba	s		V	s
sedda	####	####				
     	#seda	see	da		P	sg p
jouda	####	####				
     	#jõudu	jõud	0		S	sg p
möda	####	####				
    	#mööda	mööda	0		K	
ärra	####	####				
    	#ära	ära	0		D	
    	ära	ära	0		V	neg o
maksta	@maksta	maks	ta		V	da
      	maks	maks	ta		V	ta
,	,	,			Z	
agga	####	####				
    	#aga	aga	0		J	
mitte	mitte	mitte	0		D	
ühhe	####	####				
    	ühe	ühe	0		S	sg n
    	#ühe	üks	0		N	sg g
    	ühe	üks	0		P	sg g
käraga	kära	kära	ga		S	sg kom
      	£korraga	kord	ga		S	sg kom
ei	ei	ei	0		D	
  	@ei	ei	0		V	neg
joua	####	####				
    	#jõua	jõud	0		V	o
temma	####	####				
     	tema	tema	0		P	sg g
     	#tema	tema	0		P	sg n
mitte	mitte	mitte	0		D	
.	.	.			Z	
Kohtu	kohtu	kohtu	0		V	o
     	@kohtu	kohus	0		S	sg g
ette	esi	esi	tte		S	adt
    	ette	ette	0		D	
    	@ette	ette	0		K	
kutsuti	kutsuti	kutsu	ti		V	ti
endin	####	####				
     	#endine	endine	0		A	sg n
Mikko	####	####				
     	#Miku	Mikko	0		H	sg g
perremees	perre_mees	perre_mees	0		S	sg n
         	@peremees	pere_mees	0		S	sg n
Hans	Hans	Hans	0		H	sg n
Lanning	####	####				
       	#Lanning	Lanning	0		H	sg n
omma	####	####				
    	#oma	oma	0		P	sg g
    	on	ole	0		V	vad
Maggasin	####	####				
        	#magasin	magasin	0		S	sg n
wölla	####	####				
     	#võla	võlg	0		S	sg g
pärrast	####	####				
       	pärast	pära	st		S	sg el
       	pärast	pärane	t		A	sg p
       	pärast	pärast	0		D	
       	#pärast	pärast	0		K	
,	,	,			Z	
se	####	####				
  	#see	see	0		P	sg n
wölla	####	####				
     	#võla	võlg	0		S	sg g
summa	summ	summ	0		S	adt
     	summ	summ	0		S	sg g
     	summ	summ	0		S	sg p
     	summa	summa	0		S	sg g
     	@summa	summa	0		S	sg n
on	@on	ole	0		V	b
  	ole	ole	0		V	vad
Rukkid	rukkid	rukis	d		S	pl n
171	171	171	0		N	?
Tsetwerik	####	####				
         	#setverik	setverik	0		S	sg n
Odrad	odrad	oder	d		S	pl n
193	193	193	0		N	?
Tsetwerik	####	####				
         	#setverik	setverik	0		S	sg n
Kaerad	kaerad	kaer	d		S	pl n
139	139	139	0		N	?
1	1	1	0		N	?
/	/	/			Z	
2	2	2	0		N	?
Tstwerik	####	####				
        	#setverik	setverik	0		S	sg n
.	.	.			Z	
Ja	ja	ja	0		J	
temma	####	####				
     	tema	tema	0		P	sg g
     	#tema	tema	0		P	sg n
tunnistab	tunnistab	tunnista	b		V	b
,	,	,			Z	
et	et	et	0		J	
se	####	####				
  	#see	see	0		P	sg n
mitte	mitte	mitte	0		D	
temma	####	####				
     	#tema	tema	0		P	sg g
     	tema	tema	0		P	sg n
wölg	####	####				
    	#võlg	võlg	0		S	sg n
ei	ei	ei	0		D	
  	@ei	ei	0		V	neg
olle	####	####				
    	#ole	ole	0		V	o
wait	vait	vait	0		D	
    	vait	vait	0		I	
    	£vaid	vaid	0		J	
tema	@tema	tema	0		P	sg g
    	tema	tema	0		P	sg n
issa	####	####				
    	#isa	isa	0		S	sg g
,	,	,			Z	
wölg	####	####				
    	#võlg	võlg	0		S	sg n
,	,	,			Z	
agga	####	####				
    	#aga	aga	0		J	
kohhus	####	####				
      	kohus	kohu	s		V	s
      	#kohus	kohus	0		S	sg n
moistis	####	####				
       	#mõistis	mõist	is		V	s
et	et	et	0		J	
temma	####	####				
     	tema	tema	0		P	sg g
     	#tema	tema	0		P	sg n
peab	peab	pida	b		V	b
maksma	maksma	maks	ma		V	ma
,	,	,			Z	
et	et	et	0		J	
ta	tema	tema	0		P	sg g
  	@ta	tema	0		P	sg n
issa	####	####				
    	#isa	isa	0		S	sg g
maea	####	####				
    	#maja	maja	0		S	sg g
köige	####	####				
     	#kõige	kõik	0		P	sg g
wöllaga	####	####				
       	#võlaga	võlg	ga		S	sg kom
omma	####	####				
    	#oma	oma	0		P	sg g
    	on	ole	0		V	vad
kätte	käsi	käsi	tte		S	adt
     	@kätte	kätte	0		K	
wöttis	####	####				
      	#võttis	võt	is		V	s
.	.	.			Z	
Kohtu	kohtu	kohtu	0		V	o
     	@kohtu	kohus	0		S	sg g
ette	esi	esi	tte		S	adt
    	ette	ette	0		D	
    	@ette	ette	0		K	
kutsuti	kutsuti	kutsu	ti		V	ti
Mikku	Mikk	Mikk	0		H	adt
     	Mikk	Mikk	0		H	sg p
     	£Miku	Mikku	0		H	sg g
Hanso	####	####				
     	#Hansu	Hanso	0		H	sg g
endine	endine	endine	0		A	sg n
perremees	perre_mees	perre_mees	0		S	sg n
         	@peremees	pere_mees	0		S	sg n
Karel	####	####				
     	#Karel	Karel	0		H	sg n
Tiik	tiik	tiik	0		S	sg n
    	£Tiik	Tiik	0		H	sg n
omma	####	####				
    	#oma	oma	0		P	sg g
    	on	ole	0		V	vad
Maggasini	####	####				
         	#magasini	magasin	0		S	sg g
wölla	####	####				
     	#võla	võlg	0		S	sg g
pärrast	####	####				
       	pärast	pära	st		S	sg el
       	pärast	pärane	t		A	sg p
       	pärast	pärast	0		D	
       	#pärast	pärast	0		K	
,	,	,			Z	
se	####	####				
  	#see	see	0		P	sg n
wölg	####	####				
    	#võlg	võlg	0		S	sg n
on	@on	ole	0		V	b
  	ole	ole	0		V	vad
,	,	,			Z	
77	77	77	0		N	?
Tsetwerik	####	####				
         	#setverik	setverik	0		S	sg n
Rukkid	rukkid	rukis	d		S	pl n
,	,	,			Z	
29	29	29	0		N	?
Tsetwerik	####	####				
         	#setverik	setverik	0		S	sg n
Odrad	odrad	oder	d		S	pl n
,	,	,			Z	
ja	ja	ja	0		J	
37	37	37	0		N	?
Tsetwerik	####	####				
         	#setverik	setverik	0		S	sg n
Karead	####	####				
      	#kaerad	kaer	d		S	pl n
,	,	,			Z	
ja	ja	ja	0		J	
ta	tema	tema	0		P	sg g
  	@ta	tema	0		P	sg n
tunnista	tunnista	tunnista	0		V	o
        	£tunnistab	tunnista	0		V	b
,	,	,			Z	
et	et	et	0		J	
se	####	####				
  	#see	see	0		P	sg n
temma	####	####				
     	#tema	tema	0		P	sg g
     	tema	tema	0		P	sg n
wölg	####	####				
    	#võlg	võlg	0		S	sg n
on	@on	ole	0		V	b
  	ole	ole	0		V	vad
,	,	,			Z	
ja	ja	ja	0		J	
lubbas	####	####				
      	#lubas	luba	s		V	s
omma	####	####				
    	#oma	oma	0		P	sg g
    	on	ole	0		V	vad
wölga	####	####				
     	#võlga	võlg	0		S	sg p
joudomöda	####	####				
         	#jõudumööda	jõudu_mööda	0		D	
ärra	####	####				
    	#ära	ära	0		D	
    	ära	ära	0		V	neg o
maksta	@maksta	maks	ta		V	da
      	maks	maks	ta		V	ta
.	.	.			Z	
Kohtu	kohtu	kohtu	0		V	o
     	@kohtu	kohus	0		S	sg g
ette	esi	esi	tte		S	adt
    	ette	ette	0		D	
    	@ette	ette	0		K	
kutsuti	kutsuti	kutsu	ti		V	ti
Jagumarti	jagu_mart	jagu_mart	0		S	adt
         	jagu_mart	jagu_mart	0		S	sg p
         	£Jaagumardi	Jagumart	0		H	sg g
endine	endine	endine	0		A	sg n
perremees	perre_mees	perre_mees	0		S	sg n
         	@peremees	pere_mees	0		S	sg n
,	,	,			Z	
Ado	Ado	Ado	0		H	sg g
   	@Ado	Ado	0		H	sg n
Ummelas	Ummelas	Ummelas	0		H	sg n
       	£Ummelas	Ummelas	0		H	sg n
omma	####	####				
    	#oma	oma	0		P	sg g
    	on	ole	0		V	vad
Maggasini	####	####				
         	#magasini	magasin	0		S	sg g
wölla	####	####				
     	#võla	võlg	0		S	sg g
pärrast	####	####				
       	pärast	pära	st		S	sg el
       	pärast	pärane	t		A	sg p
       	pärast	pärast	0		D	
       	#pärast	pärast	0		K	
,	,	,			Z	
se	####	####				
  	#see	see	0		P	sg n
wölg	####	####				
    	#võlg	võlg	0		S	sg n
on	@on	ole	0		V	b
  	ole	ole	0		V	vad
121	121	121	0		N	?
Tsetwerik	####	####				
         	#setverik	setverik	0		S	sg n
Rukkit	####	####				
      	#rukist	rukis	t		S	sg p
,	,	,			Z	
ja	ja	ja	0		J	
78	78	78	0		N	?
Tsetwerik	####	####				
         	#setverik	setverik	0		S	sg n
Odrad	odrad	oder	d		S	pl n
,	,	,			Z	
ja	ja	ja	0		J	
125	125	125	0		N	?
Tsetwerik	####	####				
         	#setverik	setverik	0		S	sg n
kaerad	kaerad	kaer	d		S	pl n
,	,	,			Z	
ja	ja	ja	0		J	
ta	tema	tema	0		P	sg g
  	@ta	tema	0		P	sg n
tunnistas	tunnistas	tunnista	s		V	s
,	,	,			Z	
se	####	####				
  	#see	see	0		P	sg n
on	@on	ole	0		V	b
  	ole	ole	0		V	vad
minno	####	####				
     	mind	mina	0		P	sg p
     	#minu	mina	0		P	sg g
wölg	####	####				
    	#võlg	võlg	0		S	sg n
,	,	,			Z	
ja	ja	ja	0		J	
ta	tema	tema	0		P	sg g
  	@ta	tema	0		P	sg n
ütles	ütles	ütle	s		V	s
kui	kui	kui	0		D	
   	@kui	kui	0		J	
wõimalik	võimalik	võimalik	0		A	sg n
,	,	,			Z	
ja	ja	ja	0		J	
kui	kui	kui	0		D	
   	@kui	kui	0		J	
jodma	####	####				
     	#jõudma	jõud	ma		V	ma
,	,	,			Z	
siis	siis	siis	0		D	
    	@siis	siis	0		J	
ta	tema	tema	0		P	sg g
  	@ta	tema	0		P	sg n
maksma	maksma	maks	ma		V	ma
sedda	####	####				
     	#seda	see	da		P	sg p
ärra	####	####				
    	#ära	ära	0		D	
    	ära	ära	0		V	neg o
.	.	.			Z	
Kohto	####	####				
     	#kohtu	kohus	0		S	sg g
ette	esi	esi	tte		S	adt
    	ette	ette	0		D	
    	@ette	ette	0		K	
kutsuti	kutsuti	kutsu	ti		V	ti
endine	endine	endine	0		A	sg n
Tolli	toll	toll	0		S	adt
     	tolli	toll	0		S	sg g
     	toll	toll	0		S	sg p
     	tolli	tolli	0		V	o
     	£Tolli	Tolli	0		H	sg g
kohha	####	####				
     	#koha	koht	0		S	sg g
perremees	perre_mees	perre_mees	0		S	sg n
         	@peremees	pere_mees	0		S	sg n
Juhan	Juhan	Juhan	0		H	sg n
Promet	####	####				
      	#Promet	Promet	0		H	sg n
,	,	,			Z	
omma	####	####				
    	#oma	oma	0		P	sg g
    	on	ole	0		V	vad
Maggasini	####	####				
         	#magasini	magasin	0		S	sg g
wölla	####	####				
     	#võla	võlg	0		S	sg g
pärrast	####	####				
       	pärast	pära	st		S	sg el
       	pärast	pärane	t		A	sg p
       	pärast	pärast	0		D	
       	#pärast	pärast	0		K	
,	,	,			Z	
se	####	####				
  	#see	see	0		P	sg n
wölla	####	####				
     	#võla	võlg	0		S	sg g
suma	suma	suma	0		S	sg g
    	suma	suma	0		S	sg n
    	suma	suma	0		S	sg p
    	suma	suma	0		V	o
    	£summa	summa	0		S	sg n
on	@on	ole	0		V	b
  	ole	ole	0		V	vad
Rukkit	####	####				
      	#rukist	rukis	t		S	sg p
13	13	13	0		N	?
Tsetwerik	####	####				
         	#setverik	setverik	0		S	sg n
,	,	,			Z	
odrad	odrad	oder	d		S	pl n
10	10	10	0		N	?
Tsetwerik	####	####				
         	#setverik	setverik	0		S	sg n
,	,	,			Z	
30	30	30	0		N	?
Tsetwerik	####	####				
         	#setverik	setverik	0		S	sg n
Kaerad	kaerad	kaer	d		S	pl n
ja	ja	ja	0		J	
lubba	####	####				
     	#lubab	luba	0		V	b
omma	####	####				
    	#oma	oma	0		P	sg g
    	on	ole	0		V	vad
wölga	####	####				
     	#võlga	võlg	0		S	sg p
maksta	@maksta	maks	ta		V	da
      	maks	maks	ta		V	ta
joudmomöda	####	####				
          	#jõudumööda	jõudu_mööda	0		D	
igga	####	####				
    	#iga	iga	0		P	sg n
    	iga	iga	0		P	sg g
    	iga	iga	0		P	sg p
    	iga	iga	0		S	sg n
    	iga	iga	0		S	sg p
aasta	aasta	aasta	0		S	sg g
     	@aasta	aasta	0		S	sg n
.	.	.			Z	
Kohto	####	####				
     	#kohtu	kohus	0		S	sg g
ette	esi	esi	tte		S	adt
    	ette	ette	0		D	
    	@ette	ette	0		K	
kutsuti	kutsuti	kutsu	ti		V	ti
Tolli	toll	toll	0		S	adt
     	toll	toll	0		S	sg g
     	toll	toll	0		S	sg p
     	tolli	tolli	0		V	o
     	£Tolli	Tolli	0		H	sg g
kohha	####	####				
     	#koha	koht	0		S	sg g
teine	@teine	teine	0		O	sg n
     	teine	teine	0		P	sg n
perremees	perre_mees	perre_mees	0		S	sg n
         	@peremees	pere_mees	0		S	sg n
,	,	,			Z	
Jaan	@Jaan	Jaan	0		H	sg n
    	jaan	jaan	0		S	sg n
    	jaan	jaan	0		Y	?
Saar	saar	saar	0		S	sg n
    	£Saar	Saar	0		H	sg n
,	,	,			Z	
omma	####	####				
    	#oma	oma	0		P	sg g
    	on	ole	0		V	vad
Maggasini	####	####				
         	#magasini	magasin	0		S	sg g
wölla	####	####				
     	#võla	võlg	0		S	sg g
pärrast	####	####				
       	pärast	pära	st		S	sg el
       	pärast	pärane	t		A	sg p
       	pärast	pärast	0		D	
       	#pärast	pärast	0		K	
,	,	,			Z	
se	####	####				
  	#see	see	0		P	sg n
Summa	summ	summ	0		S	adt
     	summ	summ	0		S	sg g
     	summ	summ	0		S	sg p
     	summa	summa	0		S	sg g
     	@summa	summa	0		S	sg n
on	@on	ole	0		V	b
  	ole	ole	0		V	vad
,	,	,			Z	
Rukkid	rukkid	rukis	d		S	pl n
3	3	3	0		N	?
Tsetwerik	####	####				
         	#setverik	setverik	0		S	sg n
odrad	odrad	oder	d		S	pl n
16	16	16	0		N	?
tsetwerik	####	####				
         	#setverik	setverik	0		S	sg n
Kaerad	kaerad	kaer	d		S	pl n
21	21	21	0		N	?
Tsetwerik	####	####				
         	#setverik	setverik	0		S	sg n
,	,	,			Z	
ja	ja	ja	0		J	
temma	####	####				
     	tema	tema	0		P	sg g
     	#tema	tema	0		P	sg n
tunnistab	tunnistab	tunnista	b		V	b
et	et	et	0		J	
se	####	####				
  	#see	see	0		P	sg n
temma	####	####				
     	#tema	tema	0		P	sg g
     	tema	tema	0		P	sg n
wölg	####	####				
    	#võlg	võlg	0		S	sg n
on	@on	ole	0		V	b
  	ole	ole	0		V	vad
,	,	,			Z	
ja	ja	ja	0		J	
lubba	####	####				
     	#lubab	luba	0		V	b
sedda	####	####				
     	#seda	see	da		P	sg p
maksta	@maksta	maks	ta		V	da
      	maks	maks	ta		V	ta
.	.	.			Z	
Otti	Ott	Ott	0		H	adt
    	Ott	Ott	0		H	sg p
    	ott	ott	0		S	adt
    	ott	ott	0		S	sg p
    	£Oti	Otti	0		H	sg g
kohha	####	####				
     	#koha	koht	0		S	sg g
,	,	,			Z	
perremees	perre_mees	perre_mees	0		S	sg n
         	@peremees	pere_mees	0		S	sg n
Jaan	@Jaan	Jaan	0		H	sg n
    	jaan	jaan	0		S	sg n
    	jaan	jaan	0		Y	?
Neumann	####	####				
       	#Neumann	Neumann	0		H	sg n
on	@on	ole	0		V	b
  	ole	ole	0		V	vad
surnud	@surnud	sure	nud		V	nud
      	surnud	surnud	0		A	
      	surnud	surnud	0		A	sg n
      	surnu	surnu	d		S	pl n
      	surnud	surnud	d		A	pl n
ei	ei	ei	0		D	
  	@ei	ei	0		V	neg
olle	####	####				
    	#ole	ole	0		V	o
maksjud	####	####				
       	¤
Rukkid	rukkid	rukis	d		S	pl n
21	21	21	0		N	?
Tsetwerik	####	####				
         	#setverik	setverik	0		S	sg n
Odrad	odrad	oder	d		S	pl n
Tsetwerik	####	####				
         	#setverik	setverik	0		S	sg n
13.	13.	13.	0		O	?
Ja	ja	ja	0		J	
wollimehhed	####	####				
           	#volimehed	voli_mees	d		S	pl n
arwisid	####	####				
       	#arvasid	arva	sid		V	sid
et	et	et	0		J	
se	####	####				
  	#see	see	0		P	sg n
wölg	####	####				
    	#võlg	võlg	0		S	sg n
saab	saab	saa	b		V	b
mahha	####	####				
    	#maha	maha	0		D	
     	maha	maha	0		D	
kustud	kus=tud	kus=tud	0		A	
      	kus=tud	kus=tud	0		A	sg n
      	kus=tu	kus=tu	d		S	pl n
      	kus=tud	kus=tud	d		A	pl n
      	kuse	kuse	tud		V	tud
      	kustu	kustu	d		V	d
      	£kustutatud	kustuta	tud		V	tud
.	.	.			Z	
Ja	ja	ja	0		J	
se	####	####				
  	#see	see	0		P	sg n
sai	@sai	saa	i		V	s
   	sai	sai	0		S	sg n
kohtu	kohtu	kohtu	0		V	o
     	@kohtu	kohus	0		S	sg g
ees	ees	ees	0		D	
   	@ees	ees	0		K	
   	esi	esi	s		S	sg in
nenda	####	####				
     	#nõnda	nõnda	0		D	
arwatud	arva=tud	arva=tud	0		A	
       	arva=tud	arva=tud	0		A	sg n
       	arva=tu	arva=tu	d		S	pl n
       	arva=tud	arva=tud	d		A	pl n
       	@arvatud	arva	tud		V	tud
et	et	et	0		J	
se	####	####				
  	#see	see	0		P	sg n
saab	saab	saa	b		V	b
mahha	####	####				
     	#maha	maha	0		D	
kustud	kus=tud	kus=tud	0		A	
      	kus=tud	kus=tud	0		A	sg n
      	kus=tu	kus=tu	d		S	pl n
      	kus=tud	kus=tud	d		A	pl n
      	kuse	kuse	tud		V	tud
      	kustu	kustu	d		V	d
      	£kustutatud	kustuta	tud		V	tud
.	.	.			Z	
Siis	@siis	siis	0		D	
    	siis	siis	0		J	
tulli	tull	tull	0		S	adt
     	tull	tull	0		S	sg g
     	tull	tull	0		S	sg p
     	@tuli	tule	i		V	s
     	tuli	tuli	0		S	sg n
ette	esi	esi	tte		S	adt
    	@ette	ette	0		D	
    	ette	ette	0		K	
Otti	Ott	Ott	0		H	adt
    	Ott	Ott	0		H	sg p
    	ott	ott	0		S	adt
    	ott	ott	0		S	sg p
    	£Oti	Otti	0		H	sg g
Kohha	####	####				
     	#koha	koht	0		S	sg g
perremehhe	####	####				
          	#peremehe	pere_mees	0		S	sg g
,	,	,			Z	
Hermanni	Hermann	Hermann	0		H	adt
        	@Hermanni	Hermann	0		H	sg g
        	Hermann	Hermann	0		H	sg p
Prokmanni	####	####				
         	#Prokmanni	Prokmann	0		H	sg g
Maggasini	####	####				
         	#magasini	magasin	0		S	sg g
wölg	####	####				
    	#võlg	võlg	0		S	sg n
,	,	,			Z	
ja	ja	ja	0		J	
temma	####	####				
     	tema	tema	0		P	sg g
     	#tema	tema	0		P	sg n
on	@on	ole	0		V	b
  	ole	ole	0		V	vad
surnud	@surnud	sure	nud		V	nud
      	surnud	surnud	0		A	
      	surnud	surnud	0		A	sg n
      	surnu	surnu	d		S	pl n
      	surnud	surnud	d		A	pl n
,	,	,			Z	
siis	@siis	siis	0		D	
    	siis	siis	0		J	
sai	@sai	saa	i		V	s
   	sai	sai	0		S	sg n
Wollimeste	volli_mest	volli_mest	e		S	pl p
          	£volimeeste	voli_mees	te		S	pl g
lubba	####	####				
     	#luba	luba	0		S	sg n
,	,	,			Z	
et	et	et	0		J	
wölg	####	####				
    	#võlg	võlg	0		S	sg n
saab	saab	saa	b		V	b
mahha	####	####				
     	#maha	maha	0		D	
kustud	kus=tud	kus=tud	0		A	
      	kus=tud	kus=tud	0		A	sg n
      	kus=tu	kus=tu	d		S	pl n
      	kus=tud	kus=tud	d		A	pl n
      	kuse	kuse	tud		V	tud
      	kustu	kustu	d		V	d
      	£kustutatud	kustuta	tud		V	tud
,	,	,			Z	
ja	ja	ja	0		J	
se	####	####				
  	#see	see	0		P	sg n
Summa	summ	summ	0		S	adt
     	summ	summ	0		S	sg g
     	summ	summ	0		S	sg p
     	summa	summa	0		S	sg g
     	@summa	summa	0		S	sg n
on	@on	ole	0		V	b
  	ole	ole	0		V	vad
13	13	13	0		N	?
Tsetwerik	####	####				
         	#setverik	setverik	0		S	sg n
Rukkid	rukkid	rukis	d		S	pl n
,	,	,			Z	
ja	ja	ja	0		J	
Odrad	odrad	oder	d		S	pl n
19	19	19	0		N	?
Tsetwerik	####	####				
         	#setverik	setverik	0		S	sg n
ja	ja	ja	0		J	
Kaerad	kaerad	kaer	d		S	pl n
Tsetwerik	####	####				
         	#setverik	setverik	0		S	sg n
49	49	49	0		N	?
ja	ja	ja	0		J	
se	####	####				
  	#see	see	0		P	sg n
saab	saab	saa	b		V	b
mahha	####	####				
     	#maha	maha	0		D	
kustud	kus=tud	kus=tud	0		A	
      	kus=tud	kus=tud	0		A	sg n
      	kus=tu	kus=tu	d		S	pl n
      	kus=tud	kus=tud	d		A	pl n
      	kuse	kuse	tud		V	tud
      	kustu	kustu	d		V	d
      	£kustutatud	kustuta	tud		V	tud
.	.	.			Z	
Siis	@siis	siis	0		D	
    	siis	siis	0		J	
tulli	tull	tull	0		S	adt
     	tull	tull	0		S	sg g
     	tull	tull	0		S	sg p
     	@tuli	tule	i		V	s
     	tuli	tuli	0		S	sg n
ette	esi	esi	tte		S	adt
    	@ette	ette	0		D	
    	ette	ette	0		K	
endine	endine	endine	0		A	sg n
Kangru	kangur	kangur	0		S	sg g
      	£Kangru	Kangru	0		H	sg g
perremees	perre_mees	perre_mees	0		S	sg n
         	@peremees	pere_mees	0		S	sg n
Mart	@Mart	Mart	0		H	sg n
    	mart	mart	0		S	sg n
Saar	saar	saar	0		S	sg n
    	@Saar	Saar	0		H	sg n
-	-	-			Z	
omma	####	####				
    	#oma	oma	0		P	sg g
    	on	ole	0		V	vad
Maggasin	####	####				
        	#magasin	magasin	0		S	sg n
wölla	####	####				
     	#võla	võlg	0		S	sg g
pärrast	####	####				
       	pärast	pära	st		S	sg el
       	pärast	pärane	t		A	sg p
       	pärast	pärast	0		D	
       	#pärast	pärast	0		K	
,	,	,			Z	
ja	ja	ja	0		J	
tunnis	tund	tund	s		S	sg in
      	¤
et	et	et	0		J	
,	,	,			Z	
se	####	####				
  	#see	see	0		P	sg n
on	@on	ole	0		V	b
  	ole	ole	0		V	vad
temma	####	####				
     	#tema	tema	0		P	sg g
     	tema	tema	0		P	sg n
wölg	####	####				
    	#võlg	võlg	0		S	sg n
,	,	,			Z	
ja	ja	ja	0		J	
lubbas	####	####				
      	#lubas	luba	s		V	s
sedda	####	####				
     	#seda	see	da		P	sg p
,	,	,			Z	
joudomöda	####	####				
         	#jõudumööda	jõudu_mööda	0		D	
maksta	@maksta	maks	ta		V	da
      	maks	maks	ta		V	ta
.	.	.			Z	
Se	####	####				
  	#see	see	0		P	sg n
wölla	####	####				
     	#võla	võlg	0		S	sg g
summa	summ	summ	0		S	adt
     	summ	summ	0		S	sg g
     	summ	summ	0		S	sg p
     	summa	summa	0		S	sg g
     	@summa	summa	0		S	sg n
on	@on	ole	0		V	b
  	ole	ole	0		V	vad
91	91	91	0		N	?
Tserikud	####	####				
        	¤
Rukkid	rukkid	rukis	d		S	pl n
,	,	,			Z	
ja	ja	ja	0		J	
44	44	44	0		N	?
Werikkud	####	####				
        	#veerikut	veerik	d		S	sg p
Odra	Odra	Odra	0		H	sg g
    	Odra	Odra	0		H	sg n
    	oder	oder	0		S	sg g
    	£otra	oder	0		S	sg p
,	,	,			Z	
ja	ja	ja	0		J	
23	23	23	0		N	?
werikkud	####	####				
        	#veerikut	veerik	d		S	sg p
kaerad	kaerad	kaer	d		S	pl n
.	.	.			Z	
Wölg	####	####				
    	#võlg	võlg	0		S	sg n
mis	mis	mis	0		P	pl n
   	@mis	mis	0		P	sg n
Kulli	kull	kull	0		S	adt
     	kull	kull	0		S	sg g
     	kull	kull	0		S	sg p
     	£Kulli	Kulli	0		H	sg g
kohha	####	####				
     	#koha	koht	0		S	sg g
peale	peale	peale	0		D	
     	@peale	peale	0		K	
     	pea	pea	le		S	sg all
wölga	####	####				
     	#võlgu	võlgu	0		D	
on	@on	ole	0		V	b
  	ole	ole	0		V	vad
,	,	,			Z	
Jürri	####	####				
     	#Jüri	Jürri	0		H	sg n
Suurmanni	suur_mann	suur_mann	0		S	adt
         	suur_mann	suur_mann	0		S	sg g
         	suur_mann	suur_mann	0		S	sg p
         	£Suurmanni	Suurmann	0		H	sg g
aeg	aeg	aeg	0		S	sg n
jubba	####	####				
     	#juba	juba	0		D	
jänud	####	####				
     	#jäänud	jää	nud		V	nud
,	,	,			Z	
50	50	50	0		N	?
werikud	####	####				
       	#veerikut	veerik	d		S	sg p
Rukkid	rukkid	rukis	d		S	pl n
,	,	,			Z	
42	42	42	0		N	?
odrad	odrad	oder	d		S	pl n
,	,	,			Z	
65	65	65	0		N	?
werik	####	####				
     	#veerik	veerik	0		S	sg n
Kaerad	kaerad	kaer	d		S	pl n
ei	ei	ei	0		D	
  	@ei	ei	0		V	neg
olle	####	####				
    	#ole	ole	0		V	o
ennam	####	####				
     	#enam	enam	0		D	
loota	lood	lood	ta		S	sg ab
     	loog	loog	ta		S	sg ab
     	@loota	loot	a		V	da
     	lugu	lugu	ta		S	sg ab
.	.	.			Z	
Wollimehhed	####	####				
           	#volimehed	voli_mees	d		S	pl n
lubbasiwad	####	####				
          	#lubasid	luba	sivad		V	sid
mahha	####	####				
     	#maha	maha	0		D	
kustutada	kustutada	kustuta	da		V	da
,	,	,			Z	
et	et	et	0		J	
temaksjad	####	####				
         	¤
ei	ei	ei	0		D	
  	@ei	ei	0		V	neg
olle	####	####				
    	#ole	ole	0		V	o
ennam	####	####				
     	#enam	enam	0		D	
.	.	.			Z	
Wölg	####	####				
    	#võlg	võlg	0		S	sg n
mis	mis	mis	0		P	pl n
   	@mis	mis	0		P	sg n
teise	teine	teine	0		O	adt
     	@teise	teine	0		O	sg g
     	teine	teine	0		P	adt
     	teine	teine	0		P	sg g
Kulli	kull	kull	0		S	adt
     	kull	kull	0		S	sg g
     	kull	kull	0		S	sg p
     	£Kulli	Kulli	0		H	sg g
kohha	####	####				
     	#koha	koht	0		S	sg g
peale	peale	peale	0		D	
     	@peale	peale	0		K	
     	pea	pea	le		S	sg all
wölga	####	####				
     	#võlgu	võlgu	0		D	
on	@on	ole	0		V	b
  	ole	ole	0		V	vad
,	,	,			Z	
Adam	####	####				
    	#Adam	Adam	0		H	sg n
Kulli	kull	kull	0		S	adt
     	kull	kull	0		S	sg g
     	kull	kull	0		S	sg p
     	£Kulli	Kulli	0		H	sg g
aeg	aeg	aeg	0		S	sg n
,	,	,			Z	
jubb	####	####				
    	#juba	juba	0		D	
jäänd	####	####				
     	#jäänud	jää	nd		V	nud
,	,	,			Z	
ja	ja	ja	0		J	
Adam	####	####				
    	#Adam	Adam	0		H	sg n
on	@on	ole	0		V	b
  	ole	ole	0		V	vad
surnud	@surnud	sure	nud		V	nud
      	surnud	surnud	0		A	
      	surnud	surnud	0		A	sg n
      	surnu	surnu	d		S	pl n
      	surnud	surnud	d		A	pl n
ja	ja	ja	0		J	
Wollimehhed	####	####				
           	#volimehed	voli_mees	d		S	pl n
ütlesid	ütlesid	ütle	sid		V	sid
saab	saab	saa	b		V	b
mahha	####	####				
     	#maha	maha	0		D	
kustudud	####	####				
        	#kustutatud	kustuta	dud		V	tud
,	,	,			Z	
ja	ja	ja	0		J	
se	####	####				
  	#see	see	0		P	sg n
wölla	####	####				
     	#võla	võlg	0		S	sg g
Summa	summ	summ	0		S	adt
     	summ	summ	0		S	sg g
     	summ	summ	0		S	sg p
     	summa	summa	0		S	sg g
     	@summa	summa	0		S	sg n
on	@on	ole	0		V	b
  	ole	ole	0		V	vad
29	29	29	0		N	?
werikud	####	####				
       	#veerikut	veerik	d		S	sg p
Rukkid	rukkid	rukis	d		S	pl n
6	6	6	0		N	?
werikud	####	####				
       	#veerikut	veerik	d		S	sg p
Odrad	odrad	oder	d		S	pl n
ja	ja	ja	0		J	
9	9	9	0		N	?
Werik	####	####				
     	#veerik	veerik	0		S	sg n
Kaerad	kaerad	kaer	d		S	pl n
ei	ei	ei	0		D	
  	@ei	ei	0		V	neg
olle	####	####				
    	#ole	ole	0		V	o
maksjad	maksja	maksja	d		S	pl n
       	£maksjat	maksja	d		S	sg p
.	.	.			Z	
Siis	@siis	siis	0		D	
    	siis	siis	0		J	
tulli	tull	tull	0		S	adt
     	tull	tull	0		S	sg g
     	tull	tull	0		S	sg p
     	@tuli	tule	i		V	s
     	tuli	tuli	0		S	sg n
ette	esi	esi	tte		S	adt
    	@ette	ette	0		D	
    	ette	ette	0		K	
Prito	####	####				
     	#Priidu	Prito	0		H	sg n
Sermani	####	####				
       	#Sermani	Serman	0		H	sg g
wölg	####	####				
    	#võlg	võlg	0		S	sg n
1	1	1	0		N	?
werik	####	####				
     	#veerik	veerik	0		S	sg n
Rukkid	rukkid	rukis	d		S	pl n
1	1	1	0		N	?
werik	####	####				
     	#veerik	veerik	0		S	sg n
Odrad	odrad	oder	d		S	pl n
,	,	,			Z	
ja	ja	ja	0		J	
1	1	1	0		N	?
werik	####	####				
     	#veerik	veerik	0		S	sg n
Kaerad	kaerad	kaer	d		S	pl n
pea	pea	pea	0		D	
   	pea	pea	0		S	sg g
   	pea	pea	0		S	sg n
   	pida	pida	0		V	o
   	£peab	pida	0		V	b
omma	####	####				
    	#oma	oma	0		P	sg g
    	on	ole	0		V	vad
wölga	####	####				
     	#võlga	võlg	0		S	sg p
ärra	####	####				
    	#ära	ära	0		D	
    	ära	ära	0		V	neg o
maksma	maksma	maks	ma		V	ma
.	.	.			Z	
Kasiko	####	####				
      	#Kaasiku	Kasiko	0		H	sg g
Otto	@Otto	Otto	0		H	sg g
    	Otto	Otto	0		H	sg n
perremees	perre_mees	perre_mees	0		S	sg n
         	@peremees	pere_mees	0		S	sg n
Karel	####	####				
     	#Karel	Karel	0		H	sg n
Pusch	####	####				
     	#Pusch	Pusch	0		H	sg n
omma	####	####				
    	#oma	oma	0		P	sg g
    	on	ole	0		V	vad
wölaga	####	####				
      	#võlaga	võlg	ga		S	sg kom
mis	mis	mis	0		P	pl n
   	@mis	mis	0		P	sg n
temma	####	####				
     	tema	tema	0		P	sg g
     	#tema	tema	0		P	sg n
jubba	####	####				
     	#juba	juba	0		D	
issalt	####	####				
      	#isalt	isa	lt		S	sg abl
pärrinud	####	####				
        	#pärinud	päri	nud		V	nud
,	,	,			Z	
se	####	####				
  	#see	see	0		P	sg n
Summa	summ	summ	0		S	adt
     	summ	summ	0		S	sg g
     	summ	summ	0		S	sg p
     	summa	summa	0		S	sg g
     	@summa	summa	0		S	sg n
on	@on	ole	0		V	b
  	ole	ole	0		V	vad
106	106	106	0		N	?
werikud	####	####				
       	#veerikut	veerik	d		S	sg p
Rukkid	rukkid	rukis	d		S	pl n
,	,	,			Z	
44	44	44	0		N	?
werikud	####	####				
       	#veerikut	veerik	d		S	sg p
Odrad	odrad	oder	d		S	pl n
ja	ja	ja	0		J	
Kaerad	kaerad	kaer	d		S	pl n
63	63	63	0		N	?
werik	####	####				
     	#veerik	veerik	0		S	sg n
ja	ja	ja	0		J	
lubba	####	####				
     	#lubab	luba	0		V	b
omma	####	####				
    	#oma	oma	0		P	sg g
    	on	ole	0		V	vad
wölga	####	####				
     	#võlga	võlg	0		S	sg p
joudumöda	####	####				
         	#jõudumööda	jõudu_mööda	0		D	
maksa	maks	maks	0		S	adt
     	maks	maks	0		S	sg g
     	maks	maks	0		S	sg p
     	maks	maks	0		V	o
     	£maksta	maks	a		V	da
.	.	.			Z	
Kasiko	####	####				
      	#Kaasiku	Kasiko	0		H	sg g
Seppa	sepp	sepp	0		S	adt
     	sepp	sepp	0		S	sg p
     	£Sepa	Seppa	0		H	sg g
Hans	Hans	Hans	0		H	sg n
Kassekamp	####	####				
         	#Kasekamp	Kassekamp	0		H	sg n
ka	ka	ka	0		D	
wölga	####	####				
     	#võlgu	võlgu	0		D	
26	26	26	0		N	?
werik	####	####				
     	#veerik	veerik	0		S	sg n
Rukki	rukis	rukis	0		S	adt
     	rukis	rukis	0		S	sg g
     	£rukist	rukis	0		S	sg p
ja	ja	ja	0		J	
lubbas	####	####				
      	#lubas	luba	s		V	s
sedda	####	####				
     	#seda	see	da		P	sg p
maksa	maks	maks	0		S	adt
     	maks	maks	0		S	sg g
     	maks	maks	0		S	sg p
     	maks	maks	0		V	o
     	£maksta	maks	a		V	da
.	.	.			Z	
Kasiko	####	####				
      	#Kaasiku	Kasiko	0		H	sg g
Uetua	####	####				
     	#Uuetoa	Uetua	0		H	sg g
Willem	Villem	Willem	0		H	sg n
Muggu	####	####				
     	#Mugu	Muggu	0		H	sg n
tulli	tull	tull	0		S	adt
     	tull	tull	0		S	sg g
     	tull	tull	0		S	sg p
     	@tuli	tule	i		V	s
     	tuli	tuli	0		S	sg n
ette	esi	esi	tte		S	adt
    	@ette	ette	0		D	
    	ette	ette	0		K	
,	,	,			Z	
ja	ja	ja	0		J	
temma	####	####				
     	#tema	tema	0		P	sg g
     	tema	tema	0		P	sg n
wölga	####	####				
     	#võlga	võlg	0		S	sg p
on	@on	ole	0		V	b
  	ole	ole	0		V	vad
4	4	4	0		N	?
Werik	####	####				
     	#veerik	veerik	0		S	sg n
Rukkid	rukkid	rukis	d		S	pl n
ja	ja	ja	0		J	
3	3	3	0		N	?
Werik	####	####				
     	#veerik	veerik	0		S	sg n
Odrad	odrad	oder	d		S	pl n
ja	ja	ja	0		J	
lubbas	####	####				
      	#lubas	luba	s		V	s
sedda	####	####				
     	#seda	see	da		P	sg p
maksa	maks	maks	0		S	adt
     	maks	maks	0		S	sg g
     	maks	maks	0		S	sg p
     	maks	maks	0		V	o
     	£maksta	maks	a		V	da
.	.	.			Z	
Ja	ja	ja	0		J	
weel	@veel	veel	0		D	
    	vesi	vesi	l		S	sg ad
uetua	####	####				
     	#Uuetoa	Uetua	0		H	sg g
perremees	perre_mees	perre_mees	0		S	sg n
         	@peremees	pere_mees	0		S	sg n
Karel	####	####				
     	#Karel	Karel	0		H	sg n
Kurgmann	kurg_mann	kurg_mann	0		S	sg n
        	£Kurgmann	Kurgmann	0		H	sg n
ka	ka	ka	0		D	
paljo	####	####				
     	#palju	palju	0		D	
wölga	####	####				
     	#võlgu	võlgu	0		D	
,	,	,			Z	
105	105	105	0		N	?
werik	####	####				
     	#veerik	veerik	0		S	sg n
rukkid	rukkid	rukis	d		S	pl n
93	93	93	0		N	?
werik	####	####				
     	#veerik	veerik	0		S	sg n
Odrad	odrad	oder	d		S	pl n
49	49	49	0		N	?
werik	####	####				
     	#veerik	veerik	0		S	sg n
Kaerad	kaerad	kaer	d		S	pl n
Karel	####	####				
     	#Karel	Karel	0		H	sg n
ütles	ütles	ütle	s		V	s
minna	mine	mine	a		V	da
     	£mina	mina	0		P	sg n
ei	ei	ei	0		D	
  	@ei	ei	0		V	neg
joua	####	####				
    	#jõua	jõud	0		V	o
maksa	maks	maks	0		S	adt
     	maks	maks	0		S	sg g
     	maks	maks	0		S	sg p
     	maks	maks	0		V	o
     	£maksta	maks	a		V	da
Wollimehhed	####	####				
           	#volimehed	voli_mees	d		S	pl n
ei	ei	ei	0		D	
  	@ei	ei	0		V	neg
jätnud	jät=nud	jät=nud	0		A	
      	jät=nud	jät=nud	0		A	sg n
      	jät=nu	jät=nu	d		S	pl n
      	jät=nud	jät=nud	d		A	pl n
      	@jätnud	jät	nud		V	nud
,	,	,			Z	
ja	ja	ja	0		J	
ütlesiwad	####	####				
         	#ütlesid	ütle	sivad		V	sid
sa	sa	sina	0		P	sg n
pead	pea	pea	d		S	pl n
    	pea	pea	d		S	sg p
    	@pead	pida	d		V	d
omma	####	####				
    	#oma	oma	0		P	sg g
    	on	ole	0		V	vad
wölga	####	####				
     	#võlga	võlg	0		S	sg p
maksma	maksma	maks	ma		V	ma
.	.	.			Z	
Kohto	####	####				
     	#kohtu	kohus	0		S	sg g
ette	esi	esi	tte		S	adt
    	@ette	ette	0		D	
    	ette	ette	0		K	
tulli	tull	tull	0		S	adt
     	tull	tull	0		S	sg g
     	tull	tull	0		S	sg p
     	@tuli	tule	i		V	s
     	tuli	tuli	0		S	sg n
Reinomarti	####	####				
          	#Reinumardi	Reinomarti	0		H	sg g
Jürri	####	####				
     	#Jüri	Jürri	0		H	sg n
Einberg	####	####				
       	#Einberg	Einberg	0		H	sg n
omma	####	####				
    	#oma	oma	0		P	sg g
    	on	ole	0		V	vad
wölla	####	####				
     	#võla	võlg	0		S	sg g
pärrast	####	####				
       	pärast	pära	st		S	sg el
       	pärast	pärane	t		A	sg p
       	pärast	pärast	0		D	
       	#pärast	pärast	0		K	
,	,	,			Z	
ja	ja	ja	0		J	
temma	####	####				
     	#tema	tema	0		P	sg g
     	tema	tema	0		P	sg n
wölg	####	####				
    	#võlg	võlg	0		S	sg n
on	@on	ole	0		V	b
  	ole	ole	0		V	vad
53	53	53	0		N	?
werikud	####	####				
       	#veerikut	veerik	d		S	sg p
Rukkid	rukkid	rukis	d		S	pl n
9	9	9	0		N	?
werik	####	####				
     	#veerik	veerik	0		S	sg n
Odrad	odrad	oder	d		S	pl n
ja	ja	ja	0		J	
11	11	11	0		N	?
werikud	####	####				
       	#veerikut	veerik	d		S	sg p
Kaerad	kaerad	kaer	d		S	pl n
,	,	,			Z	
ja	ja	ja	0		J	
lubbas	####	####				
      	#lubas	luba	s		V	s
omma	####	####				
    	#oma	oma	0		P	sg g
    	on	ole	0		V	vad
wölga	####	####				
     	#võlga	võlg	0		S	sg p
maksta	@maksta	maks	ta		V	da
      	maks	maks	ta		V	ta
ärra	####	####				
    	#ära	ära	0		D	
    	ära	ära	0		V	neg o
Matsimarti	matsi_mart	matsi_mart	0		S	adt
          	matsi_mart	matsi_mart	0		S	sg p
          	£Matsimardi	Matsimarti	0		H	sg g
Jaan	@Jaan	Jaan	0		H	sg n
    	jaan	jaan	0		S	sg n
    	jaan	jaan	0		Y	?
Abramson	####	####				
        	#Abramson	Abramson	0		H	sg n
omma	####	####				
    	#oma	oma	0		P	sg g
    	on	ole	0		V	vad
wölga	####	####				
     	#võlga	võlg	0		S	sg p
26	26	26	0		N	?
werik	####	####				
     	#veerik	veerik	0		S	sg n
Odra	Odra	Odra	0		H	sg g
    	Odra	Odra	0		H	sg n
    	oder	oder	0		S	sg g
    	£otra	oder	0		S	sg p
ja	ja	ja	0		J	
37	37	37	0		N	?
werik	####	####				
     	#veerik	veerik	0		S	sg n
Kaerad	kaerad	kaer	d		S	pl n
ja	ja	ja	0		J	
wollimehhed	####	####				
           	#volimehed	voli_mees	d		S	pl n
et	et	et	0		J	
peab	peab	pida	b		V	b
maksma	maksma	maks	ma		V	ma
omma	####	####				
    	#oma	oma	0		P	sg g
    	on	ole	0		V	vad
wölga	####	####				
     	#võlga	võlg	0		S	sg p
ärra	####	####				
    	#ära	ära	0		D	
    	ära	ära	0		V	neg o
.	.	.			Z	
Jaan	@Jaan	Jaan	0		H	sg n
    	jaan	jaan	0		S	sg n
    	jaan	jaan	0		Y	?
Neumann	####	####				
       	#Neumann	Neumann	0		H	sg n
ka	ka	ka	0		D	
wölga	####	####				
     	#võlgu	võlgu	0		D	
(	(	(			Z	
3	3	3	0		N	?
)	)	)			Z	
kolm	kolm	kolm	0		N	sg n
werikud	####	####				
       	#veerikut	veerik	d		S	sg p
Rukkid	rukkid	rukis	d		S	pl n
ja	ja	ja	0		J	
Wollimehhed	####	####				
           	#volimehed	voli_mees	d		S	pl n
ütlsid	####	####				
      	#ütlesid	ütle	sid		V	sid
temma	####	####				
     	#tema	tema	0		P	sg g
     	tema	tema	0		P	sg n
peab	peab	pida	b		V	b
omma	####	####				
    	#oma	oma	0		P	sg g
    	on	ole	0		V	vad
wölga	####	####				
     	#võlga	võlg	0		S	sg p
maksma	maksma	maks	ma		V	ma
.	.	.			Z	
Hans	Hans	Hans	0		H	sg n
Pässa	####	####				
     	#Pässa	Pässa	0		H	sg n
1	1	1	0		N	?
werik	####	####				
     	#veerik	veerik	0		S	sg n
Rukkid	rukkid	rukis	d		S	pl n
50	50	50	0		N	?
Werik	####	####				
     	#veerik	veerik	0		S	sg n
Odrad	odrad	oder	d		S	pl n
ja	ja	ja	0		J	
10	10	10	0		N	?
werik	####	####				
     	#veerik	veerik	0		S	sg n
Kaerad	kaerad	kaer	d		S	pl n
,	,	,			Z	
Wollimehhed	####	####				
           	#volimehed	voli_mees	d		S	pl n
ütlesid	ütlesid	ütle	sid		V	sid
,	,	,			Z	
ei	ei	ei	0		D	
  	@ei	ei	0		V	neg
olle	####	####				
    	#ole	ole	0		V	o
loota	lood	lood	ta		S	sg ab
     	loog	loog	ta		S	sg ab
     	@loota	loot	a		V	da
     	lugu	lugu	ta		S	sg ab
,	,	,			Z	
jääb	jääb	jää	b		V	b
mahha	####	####				
     	#maha	maha	0		D	
ja	ja	ja	0		J	
saab	saab	saa	b		V	b
ärra	####	####				
    	#ära	ära	0		D	
    	ära	ära	0		V	neg o
kustud	kus=tud	kus=tud	0		A	
      	kus=tud	kus=tud	0		A	sg n
      	kus=tu	kus=tu	d		S	pl n
      	kus=tud	kus=tud	d		A	pl n
      	kuse	kuse	tud		V	tud
      	kustu	kustu	d		V	d
      	£kustutatud	kustuta	tud		V	tud
,	,	,			Z	
maksjad	maksja	maksja	d		S	pl n
       	£maksjat	maksja	d		S	sg p
ei	ei	ei	0		D	
  	@ei	ei	0		V	neg
olle	####	####				
    	#ole	ole	0		V	o
.	.	.			Z	
Mäe	mägi	mägi	0		S	sg g
   	£Mäe	Mäe	0		H	sg g
Johan	Johan	Johan	0		H	sg n
Kiwwisep	####	####				
        	#Kivisepp	Kiwwisep	0		H	sg n
omma	####	####				
    	#oma	oma	0		P	sg g
    	on	ole	0		V	vad
Maggasin	####	####				
        	#magasin	magasin	0		S	sg n
wölla	####	####				
     	#võla	võlg	0		S	sg g
pärrast	####	####				
       	pärast	pära	st		S	sg el
       	pärast	pärane	t		A	sg p
       	pärast	pärast	0		D	
       	#pärast	pärast	0		K	
,	,	,			Z	
ja	ja	ja	0		J	
se	####	####				
  	#see	see	0		P	sg n
wölg	####	####				
    	#võlg	võlg	0		S	sg n
on	@on	ole	0		V	b
  	ole	ole	0		V	vad
,	,	,			Z	
40	40	40	0		N	?
werik	####	####				
     	#veerik	veerik	0		S	sg n
Rukkid	rukkid	rukis	d		S	pl n
19	19	19	0		N	?
werik	####	####				
     	#veerik	veerik	0		S	sg n
Odrad	odrad	oder	d		S	pl n
ja	ja	ja	0		J	
37	37	37	0		N	?
Werik	####	####				
     	#veerik	veerik	0		S	sg n
Kaerad	kaerad	kaer	d		S	pl n
,	,	,			Z	
ja	ja	ja	0		J	
temma	####	####				
     	tema	tema	0		P	sg g
     	#tema	tema	0		P	sg n
lubbas	####	####				
      	#lubas	luba	s		V	s
omma	####	####				
    	#oma	oma	0		P	sg g
    	on	ole	0		V	vad
wölga	####	####				
     	#võlga	võlg	0		S	sg p
jõudmöda	####	####				
        	#jõudumööda	jõudu_mööda	0		D	
ärra	####	####				
    	#ära	ära	0		D	
    	ära	ära	0		V	neg o
maksta	@maksta	maks	ta		V	da
      	maks	maks	ta		V	ta
.	.	.			Z	
Jakobi	Jakob	Jakob	0		H	sg g
      	£Jakobi	Jakobi	0		H	sg g
Jaan	@Jaan	Jaan	0		H	sg n
    	jaan	jaan	0		S	sg n
    	jaan	jaan	0		Y	?
Meekler	####	####				
       	#Meekler	Meekler	0		H	sg n
ka	ka	ka	0		D	
Maggasini	####	####				
         	#magasini	magasin	0		S	sg g
wölla	####	####				
     	#võla	võlg	0		S	sg g
pärrast	####	####				
       	pärast	pära	st		S	sg el
       	pärast	pärane	t		A	sg p
       	pärast	pärast	0		D	
       	#pärast	pärast	0		K	
,	,	,			Z	
ja	ja	ja	0		J	
temma	####	####				
     	#tema	tema	0		P	sg g
     	tema	tema	0		P	sg n
wölg	####	####				
    	#võlg	võlg	0		S	sg n
on	@on	ole	0		V	b
  	ole	ole	0		V	vad
suur	suur	suur	0		A	sg n
,	,	,			Z	
109	109	109	0		N	?
werikud	####	####				
       	#veerikut	veerik	d		S	sg p
rukkid	rukkid	rukis	d		S	pl n
73	73	73	0		N	?
werik	####	####				
     	#veerik	veerik	0		S	sg n
odrad	odrad	oder	d		S	pl n
106	106	106	0		N	?
werik	####	####				
     	#veerik	veerik	0		S	sg n
Kaerad	kaerad	kaer	d		S	pl n
,	,	,			Z	
ja	ja	ja	0		J	
tunnitas	####	####				
        	#tunnistas	tunnista	s		V	s
et	et	et	0		J	
temmaei	####	####				
       	#tema_ei	tema_ei	0		V	neg
joua	####	####				
    	#jõua	jõud	0		V	o
maksa	maks	maks	0		S	adt
     	maks	maks	0		S	sg g
     	maks	maks	0		S	sg p
     	maks	maks	0		V	o
     	£maksta	maks	a		V	da
,	,	,			Z	
agga	####	####				
    	#aga	aga	0		J	
Wollimehhed	####	####				
           	#volimehed	voli_mees	d		S	pl n
,	,	,			Z	
ütlesid	ütlesid	ütle	sid		V	sid
et	et	et	0		J	
temma	####	####				
     	tema	tema	0		P	sg g
     	#tema	tema	0		P	sg n
peab	peab	pida	b		V	b
omma	####	####				
    	#oma	oma	0		P	sg g
    	on	ole	0		V	vad
wölga	####	####				
     	#võlga	võlg	0		S	sg p
maksma	maksma	maks	ma		V	ma
.	.	.			Z	
Hanso	####	####				
     	#Hansu	Hanso	0		H	sg g
Peter	Peter	Peter	0		H	sg n
     	£Peeter	Peter	0		H	sg n
Saar	saar	saar	0		S	sg n
    	£Saar	Saar	0		H	sg n
,	,	,			Z	
ka	ka	ka	0		D	
tulli	tull	tull	0		S	adt
     	tull	tull	0		S	sg g
     	tull	tull	0		S	sg p
     	@tuli	tule	i		V	s
     	tuli	tuli	0		S	sg n
kohto	####	####				
     	kohtu	kohtu	0		V	o
     	kohtu	kohus	0		S	sg g
     	#kohtusse	kohus	0		S	adt
oma	oma	oma	0		A	sg g
   	oma	oma	0		A	sg n
   	oma	oma	0		A	sg p
   	oma	oma	0		D	
   	@oma	oma	0		P	sg g
   	oma	oma	0		P	sg n
   	oma	oma	0		P	sg p
   	oma	oma	0		S	sg g
   	oma	oma	0		S	sg n
   	oma	oma	0		S	sg p
   	oma	oma	0		V	o
paljo	####	####				
     	#palju	palju	0		D	
wölla	####	####				
     	#võla	võlg	0		S	sg g
pärrast	####	####				
       	pärast	pära	st		S	sg el
       	pärast	pärane	t		A	sg p
       	pärast	pärast	0		D	
       	#pärast	pärast	0		K	
,	,	,			Z	
se	####	####				
  	#see	see	0		P	sg n
wölg	####	####				
    	#võlg	võlg	0		S	sg n
on	@on	ole	0		V	b
  	ole	ole	0		V	vad
120	120	120	0		N	?
Eerikud	Eerik	Eerik	d		H	pl n
       	¤
Rukkid	rukkid	rukis	d		S	pl n
104	104	104	0		N	?
Werik	####	####				
     	#veerik	veerik	0		S	sg n
Odrad	odrad	oder	d		S	pl n
,	,	,			Z	
79	79	79	0		N	?
werik	####	####				
     	#veerik	veerik	0		S	sg n
kaerad	kaerad	kaer	d		S	pl n
,	,	,			Z	
ja	ja	ja	0		J	
lubbas	####	####				
      	#lubas	luba	s		V	s
sedda	####	####				
     	#seda	see	da		P	sg p
maksa	maks	maks	0		S	adt
     	maks	maks	0		S	sg g
     	maks	maks	0		S	sg p
     	maks	maks	0		V	o
     	£maksta	maks	a		V	da
kui	kui	kui	0		D	
   	@kui	kui	0		J	
wöimalik	####	####				
        	#võimalik	võimalik	0		A	sg n
.	.	.			Z	
Siis	@siis	siis	0		D	
    	siis	siis	0		J	
tulli	tull	tull	0		S	adt
     	tull	tull	0		S	sg g
     	tull	tull	0		S	sg p
     	@tuli	tule	i		V	s
     	tuli	tuli	0		S	sg n
Mihkle	####	####				
      	#Mihkli	Mihkle	0		H	sg g
Mihkel	@Mihkel	Mihkel	0		H	sg n
      	mihkel	mihkel	0		A	sg n
      	mihkel	mihkel	0		S	sg n
Promet	####	####				
      	#Promet	Promet	0		H	sg n
ka	ka	ka	0		D	
omma	####	####				
    	#oma	oma	0		P	sg g
    	on	ole	0		V	vad
paljo	####	####				
     	#palju	palju	0		D	
Maggasini	####	####				
         	#magasini	magasin	0		S	sg g
wölla	####	####				
     	#võla	võlg	0		S	sg g
pärrast	####	####				
       	pärast	pära	st		S	sg el
       	pärast	pärane	t		A	sg p
       	pärast	pärast	0		D	
       	#pärast	pärast	0		K	
,	,	,			Z	
ja	ja	ja	0		J	
temma	####	####				
     	#tema	tema	0		P	sg g
     	tema	tema	0		P	sg n
wölg	####	####				
    	#võlg	võlg	0		S	sg n
on	@on	ole	0		V	b
  	ole	ole	0		V	vad
88	88	88	0		N	?
werik	####	####				
     	#veerik	veerik	0		S	sg n
Rukki	rukis	rukis	0		S	adt
     	rukis	rukis	0		S	sg g
     	£rukist	rukis	0		S	sg p
ja	ja	ja	0		J	
93	93	93	0		N	?
Werik	####	####				
     	#veerik	veerik	0		S	sg n
Odrad	odrad	oder	d		S	pl n
,	,	,			Z	
ja	ja	ja	0		J	
117	117	117	0		N	?
Werik	####	####				
     	#veerik	veerik	0		S	sg n
Kaerad	kaerad	kaer	d		S	pl n
,	,	,			Z	
ja	ja	ja	0		J	
lubbas	####	####				
      	#lubas	luba	s		V	s
ka	ka	ka	0		D	
omma	####	####				
    	#oma	oma	0		P	sg g
    	on	ole	0		V	vad
wölga	####	####				
     	#võlga	võlg	0		S	sg p
,	,	,			Z	
ärra	####	####				
    	#ära	ära	0		D	
    	ära	ära	0		V	neg o
maksa	maks	maks	0		S	adt
     	maks	maks	0		S	sg g
     	maks	maks	0		S	sg p
     	maks	maks	0		V	o
     	£maksta	maks	a		V	da
kui	kui	kui	0		D	
   	@kui	kui	0		J	
wöimalik	####	####				
        	#võimalik	võimalik	0		A	sg n
on	@on	ole	0		V	b
  	ole	ole	0		V	vad
.	.	.			Z	
Seppa	sepp	sepp	0		S	adt
     	sepp	sepp	0		S	sg p
     	£Sepa	Seppa	0		H	sg g
Tönno	####	####				
     	#Tõnno	Tönno	0		H	sg n
Mötlik	####	####				
      	#Mõtlik	Mötlik	0		H	sg n
ka	ka	ka	0		D	
omma	####	####				
    	#oma	oma	0		P	sg g
    	on	ole	0		V	vad
paljo	####	####				
     	#palju	palju	0		D	
Maggasin	####	####				
        	#magasin	magasin	0		S	sg n
wölla	####	####				
     	#võla	võlg	0		S	sg g
pärast	pärane	pärane	t		A	sg p
      	pärast	pärast	0		D	
      	@pärast	pärast	0		K	
      	pära	pära	st		S	sg el
,	,	,			Z	
ja	ja	ja	0		J	
se	####	####				
  	#see	see	0		P	sg n
wölla	####	####				
     	#võla	võlg	0		S	sg g
Summa	summ	summ	0		S	adt
     	summ	summ	0		S	sg g
     	summ	summ	0		S	sg p
     	summa	summa	0		S	sg g
     	@summa	summa	0		S	sg n
on	@on	ole	0		V	b
  	ole	ole	0		V	vad
89	89	89	0		N	?
werik	####	####				
     	#veerik	veerik	0		S	sg n
Rukkid	rukkid	rukis	d		S	pl n
95	95	95	0		N	?
werik	####	####				
     	#veerik	veerik	0		S	sg n
Odrad	odrad	oder	d		S	pl n
,	,	,			Z	
ja	ja	ja	0		J	
83	83	83	0		N	?
werik	####	####				
     	#veerik	veerik	0		S	sg n
Kaerad	kaerad	kaer	d		S	pl n
,	,	,			Z	
ja	ja	ja	0		J	
temma	####	####				
     	#tema	tema	0		P	sg g
     	tema	tema	0		P	sg n
lubbas	####	####				
      	#lubas	luba	s		V	s
ka	ka	ka	0		D	
omma	####	####				
    	#oma	oma	0		P	sg g
    	on	ole	0		V	vad
wölga	####	####				
      	#võlga	võlg	0		S	sg p
maksa	maks	maks	0		S	adt
     	maks	maks	0		S	sg g
     	maks	maks	0		S	sg p
     	maks	maks	0		V	o
     	£maksta	maks	a		V	da
kohtus	kohtu	kohtu	s		V	s
      	@kohtus	kohus	s		S	sg in
tunnistas	tunnistas	tunnista	s		V	s
temma	####	####				
     	tema	tema	0		P	sg g
     	#tema	tema	0		P	sg n
sedda	####	####				
     	#seda	see	da		P	sg p
ja	ja	ja	0		J	
igga	####	####				
    	#iga	iga	0		P	sg n
    	iga	iga	0		P	sg g
    	iga	iga	0		P	sg p
    	iga	iga	0		S	sg n
    	iga	iga	0		S	sg p
aasta	aasta	aasta	0		S	sg g
     	@aasta	aasta	0		S	sg n
wähhe	####	####				
     	#vähe	vähe	0		D	
awal	aval	aval	0		A	sg n
    	ava	ava	l		S	sg ad
    	£haaval	haaval	0		D	
ärra	####	####				
    	#ära	ära	0		D	
    	ära	ära	0		V	neg o
maksta	@maksta	maks	ta		V	da
      	maks	maks	ta		V	ta
kui	kui	kui	0		D	
   	@kui	kui	0		J	
wöimalik	####	####				
        	#võimalik	võimalik	0		A	sg n
.	.	.			Z	
Siis	@siis	siis	0		D	
    	siis	siis	0		J	
tulli	tull	tull	0		S	adt
     	tull	tull	0		S	sg g
     	tull	tull	0		S	sg p
     	@tuli	tule	i		V	s
     	tuli	tuli	0		S	sg n
ette	esi	esi	tte		S	adt
    	@ette	ette	0		D	
    	ette	ette	0		K	
Mats	@Mats	Mats	0		H	sg n
    	mats	mats	0		A	sg n
    	mats	mats	0		S	sg n
Kochlmann	####	####				
         	#Kochlmann	Kochlmann	0		H	sg n
Maggasini	####	####				
         	#magasini	magasin	0		S	sg g
wölla	####	####				
     	#võla	võlg	0		S	sg g
pärrast	####	####				
       	pärast	pära	st		S	sg el
       	pärast	pärane	t		A	sg p
       	pärast	pärast	0		D	
       	#pärast	pärast	0		K	
,	,	,			Z	
ja	ja	ja	0		J	
temma	####	####				
     	#tema	tema	0		P	sg g
     	tema	tema	0		P	sg n
wölla	####	####				
     	#võla	võlg	0		S	sg g
summa	summ	summ	0		S	adt
     	summ	summ	0		S	sg g
     	summ	summ	0		S	sg p
     	summa	summa	0		S	sg g
     	@summa	summa	0		S	sg n
on	@on	ole	0		V	b
  	ole	ole	0		V	vad
83	83	83	0		N	?
werik	####	####				
     	#veerik	veerik	0		S	sg n
Rukkid	rukkid	rukis	d		S	pl n
51	51	51	0		N	?
werik	####	####				
     	#veerik	veerik	0		S	sg n
Odrad	odrad	oder	d		S	pl n
ja	ja	ja	0		J	
91	91	91	0		N	?
werik	####	####				
     	#veerik	veerik	0		S	sg n
kaerad	kaerad	kaer	d		S	pl n
,	,	,			Z	
ja	ja	ja	0		J	
lubbas	####	####				
      	#lubas	luba	s		V	s
ka	ka	ka	0		D	
omma	####	####				
    	#oma	oma	0		P	sg g
    	on	ole	0		V	vad
wölga	####	####				
      	#võlga	võlg	0		S	sg p
ärra	####	####				
    	#ära	ära	0		D	
    	ära	ära	0		V	neg o
maksta	@maksta	maks	ta		V	da
      	maks	maks	ta		V	ta
sedda	####	####				
     	#seda	see	da		P	sg p
tunnistas	tunnistas	tunnista	s		V	s
temma	####	####				
     	#tema	tema	0		P	sg g
     	tema	tema	0		P	sg n
,	,	,			Z	
omma	####	####				
    	#oma	oma	0		P	sg g
    	on	ole	0		V	vad
suga	suga	suga	0		S	sg n
    	suga	suga	0		S	sg p
    	£suuga	suu	ga		S	sg kom
kohto	####	####				
     	kohtu	kohtu	0		V	o
     	#kohtu	kohus	0		S	sg g
ees	ees	ees	0		D	
   	@ees	ees	0		K	
   	esi	esi	s		S	sg in
.	.	.			Z	
Kalda	kallas	kallas	0		S	sg g
     	£Kalda	Kalda	0		H	sg g
Jürri	####	####				
     	#Jüri	Jürri	0		H	sg n
Kirrik	####	####				
      	#Kirrik	Kirrik	0		H	sg n
ka	ka	ka	0		D	
omma	####	####				
    	#oma	oma	0		P	sg g
    	on	ole	0		V	vad
sure	sure	sure	0		V	o
    	£suure	suur	0		A	sg g
Maggasini	####	####				
         	#magasini	magasin	0		S	sg g
Wöllaga	####	####				
       	#võlaga	võlg	ga		S	sg kom
tulli	tull	tull	0		S	adt
     	tull	tull	0		S	sg g
     	tull	tull	0		S	sg p
     	@tuli	tule	i		V	s
     	tuli	tuli	0		S	sg n
ette	esi	esi	tte		S	adt
    	@ette	ette	0		D	
    	ette	ette	0		K	
,	,	,			Z	
ja	ja	ja	0		J	
temma	####	####				
     	#tema	tema	0		P	sg g
     	tema	tema	0		P	sg n
wölla	####	####				
     	#võla	võlg	0		S	sg g
Summa	summ	summ	0		S	adt
     	summ	summ	0		S	sg g
     	summ	summ	0		S	sg p
     	summa	summa	0		S	sg g
     	@summa	summa	0		S	sg n
on	@on	ole	0		V	b
  	ole	ole	0		V	vad
72	72	72	0		N	?
werik	####	####				
     	#veerik	veerik	0		S	sg n
Rukkid	rukkid	rukis	d		S	pl n
ja	ja	ja	0		J	
32	32	32	0		N	?
Werik	####	####				
     	#veerik	veerik	0		S	sg n
Odrad	odrad	oder	d		S	pl n
ja	ja	ja	0		J	
16	16	16	0		N	?
werik	####	####				
     	#veerik	veerik	0		S	sg n
Kaerad	kaerad	kaer	d		S	pl n
,	,	,			Z	
ja	ja	ja	0		J	
ei	ei	ei	0		D	
  	@ei	ei	0		V	neg
lubba	####	####				
     	#luba	luba	0		V	o
omma	####	####				
    	#oma	oma	0		P	sg g
    	on	ole	0		V	vad
wölga	####	####				
      	#võlga	võlg	0		S	sg p
mitte	mitte	mitte	0		D	
maksta	@maksta	maks	ta		V	da
      	maks	maks	ta		V	ta
et	et	et	0		J	
temma	####	####				
     	#tema	tema	0		P	sg g
     	tema	tema	0		P	sg n
,	,	,			Z	
Kraam	kraam	kraam	0		S	sg n
ollema	####	####				
      	#olema	ole	ma		V	ma
Oksjonitud	oksjoni=tu	oksjoni=tu	d		A	pl n
          	£oksjonitud	oksjoni	tud		V	tud
.	.	.			Z	
Se	####	####				
  	#see	see	0		P	sg n
rahha	####	####				
     	raha	raha	0		S	sg g
     	raha	raha	0		S	sg p
     	#raha	raha	0		S	sg n
,	,	,			Z	
mis	mis	mis	0		P	pl n
   	@mis	mis	0		P	sg n
on	@on	ole	0		V	b
  	ole	ole	0		V	vad
Oksjonitud	oksjoni=tu	oksjoni=tu	d		A	pl n
          	£oksjonitud	oksjoni	tud		V	tud
kraamist	kraamist	kraam	st		S	sg el
wälja	väli	väli	0		S	adt
     	väli	väli	0		S	sg g
     	väli	väli	0		S	sg p
     	@välja	välja	0		D	
     	välja	välja	0		V	o
tulnud	tul=nud	tul=nud	0		A	
      	tul=nud	tul=nud	0		A	sg n
      	tul=nud	tul=nud	d		A	pl n
      	@tulnud	tule	nud		V	nud
      	tulnu	tulnu	d		S	pl n
on	@on	ole	0		V	b
  	ole	ole	0		V	vad
mea	####	####				
   	¤
pohjaks	####	####				
       	#põhjaks	põhi	ks		S	sg tr
sanud	####	####				
     	#saanud	saa	nud		V	nud
Herra	####	####				
     	#härra	härra	0		S	sg g
kätte	käsi	käsi	tte		S	adt
     	@kätte	kätte	0		K	
.	.	.			Z	
Ja	ja	ja	0		J	
Wollimehhed	####	####				
           	#volimehed	voli_mees	d		S	pl n
,	,	,			Z	
warwasid	####	####				
        	#arvasid	arva	sid		V	sid
et	et	et	0		J	
temma	####	####				
     	#tema	tema	0		P	sg g
     	tema	tema	0		P	sg n
peab	peab	pida	b		V	b
maksma	maksma	maks	ma		V	ma
sedda	####	####				
     	#seda	see	da		P	sg p
wölga	####	####				
      	#võlga	võlg	0		S	sg p
ärra	####	####				
    	#ära	ära	0		D	
    	ära	ära	0		V	neg o
.	.	.			Z	
Mats	@Mats	Mats	0		H	sg n
    	mats	mats	0		A	sg n
    	mats	mats	0		S	sg n
Moisnik	####	####				
       	#Mõisnik	Moisnik	0		H	sg n
on	@on	ole	0		V	b
  	ole	ole	0		V	vad
ka	ka	ka	0		D	
wölga	####	####				
      	#võlgu	võlgu	0		D	
,	,	,			Z	
ta	tema	tema	0		P	sg g
  	@ta	tema	0		P	sg n
on	@on	ole	0		V	b
  	ole	ole	0		V	vad
surnud	@surnud	sure	nud		V	nud
      	surnud	surnud	0		A	
      	surnud	surnud	0		A	sg n
      	surnu	surnu	d		S	pl n
      	surnud	surnud	d		A	pl n
ei	ei	ei	0		D	
  	@ei	ei	0		V	neg
olle	####	####				
    	#ole	ole	0		V	o
loota	lood	lood	ta		S	sg ab
     	loog	loog	ta		S	sg ab
     	@loota	loot	a		V	da
     	lugu	lugu	ta		S	sg ab
,	,	,			Z	
ja	ja	ja	0		J	
Wollimehhed	####	####				
           	#volimehed	voli_mees	d		S	pl n
ütlesid	ütlesid	ütle	sid		V	sid
temma	####	####				
     	#tema	tema	0		P	sg g
     	tema	tema	0		P	sg n
wölg	####	####				
    	#võlg	võlg	0		S	sg n
saab	saab	saa	b		V	b
mahha	####	####				
     	#maha	maha	0		D	
kustudud	####	####				
        	#kustutatud	kustuta	dud		V	tud
ei	ei	ei	0		D	
  	@ei	ei	0		V	neg
olle	####	####				
    	#ole	ole	0		V	o
kes	kes	kes	0		P	pl n
   	@kes	kes	0		P	sg n
sedda	####	####				
     	#seda	see	da		P	sg p
maksab	maksab	maks	b		V	b
.	.	.			Z	
Se	####	####				
  	#see	see	0		P	sg n
wölg	####	####				
    	#võlg	võlg	0		S	sg n
on	@on	ole	0		V	b
  	ole	ole	0		V	vad
2	2	2	0		N	?
Weik	####	####				
    	¤
Odrad	odrad	oder	d		S	pl n
,	,	,			Z	
ja	ja	ja	0		J	
12	12	12	0		N	?
werik	####	####				
     	#veerik	veerik	0		S	sg n
Kaerad	kaerad	kaer	d		S	pl n
.	.	.			Z	
Soo	soo	soo	0		I	
   	soo	soo	0		S	sg g
   	soo	soo	0		S	sg n
   	sugu	sugu	0		S	sg g
   	£Soo	Soo	0		H	sg g
Karel	####	####				
     	#Karel	Karel	0		H	sg n
Laur	Laur	Laur	0		H	sg n
ka	ka	ka	0		D	
omma	####	####				
    	#oma	oma	0		P	sg g
    	on	ole	0		V	vad
Maggasini	####	####				
         	#magasini	magasin	0		S	sg g
Wölga	####	####				
     	#võlga	võlg	0		S	sg p
kohto	####	####				
     	kohtu	kohtu	0		V	o
     	#kohtu	kohus	0		S	sg g
ette	esi	esi	tte		S	adt
    	ette	ette	0		D	
    	@ette	ette	0		K	
ja	ja	ja	0		J	
temma	####	####				
     	#tema	tema	0		P	sg g
     	tema	tema	0		P	sg n
wölg	####	####				
    	#võlg	võlg	0		S	sg n
on	@on	ole	0		V	b
  	ole	ole	0		V	vad
8	8	8	0		N	?
werik	####	####				
     	#veerik	veerik	0		S	sg n
Rukkid	rukkid	rukis	d		S	pl n
5	5	5	0		N	?
werik	####	####				
     	#veerik	veerik	0		S	sg n
Odrad	odrad	oder	d		S	pl n
ja	ja	ja	0		J	
9	9	9	0		N	?
werik	####	####				
     	#veerik	veerik	0		S	sg n
Kaerad	kaerad	kaer	d		S	pl n
,	,	,			Z	
ja	ja	ja	0		J	
temma	####	####				
     	tema	tema	0		P	sg g
     	#tema	tema	0		P	sg n
lubbas	####	####				
      	#lubas	luba	s		V	s
sedda	####	####				
     	#seda	see	da		P	sg p
keik	####	####				
    	kõik	kõik	0		P	pl n
    	#kõik	kõik	0		P	sg n
maksa	maks	maks	0		S	adt
     	maks	maks	0		S	sg g
     	maks	maks	0		S	sg p
     	maks	maks	0		V	o
     	£maksta	maks	a		V	da
.	.	.			Z	
Saleppi	####	####				
       	#Saalepi	Saleppi	0		H	sg g
Adam	####	####				
    	#Adam	Adam	0		H	sg n
Pusch	####	####				
     	#Pusch	Pusch	0		H	sg n
ka	ka	ka	0		D	
Maggasinis	####	####				
          	#magasinis	magasin	s		S	sg in
wölga	####	####				
      	#võlgu	võlgu	0		D	
,	,	,			Z	
ja	ja	ja	0		J	
tema	@tema	tema	0		P	sg g
    	tema	tema	0		P	sg n
wölg	####	####				
    	#võlg	võlg	0		S	sg n
on	@on	ole	0		V	b
  	ole	ole	0		V	vad
6	6	6	0		N	?
werikud	####	####				
       	#veerikut	veerik	d		S	sg p
Rukkid	rukkid	rukis	d		S	pl n
ja	ja	ja	0		J	
14	14	14	0		N	?
Werikud	####	####				
       	#veerikut	veerik	d		S	sg p
Odrad	odrad	oder	d		S	pl n
,	,	,			Z	
ja	ja	ja	0		J	
19	19	19	0		N	?
Weikud	####	####				
      	¤
Kaerad	kaerad	kaer	d		S	pl n
,	,	,			Z	
ja	ja	ja	0		J	
lubbas	####	####				
      	#lubas	luba	s		V	s
sedda	####	####				
     	#seda	see	da		P	sg p
keik	####	####				
    	kõik	kõik	0		P	pl n
    	#kõik	kõik	0		P	sg n
maksa	maks	maks	0		S	adt
     	maks	maks	0		S	sg g
     	maks	maks	0		S	sg p
     	maks	maks	0		V	o
     	£maksta	maks	a		V	da
.	.	.			Z	
Männiko	####	####				
       	#Männiku	Männikö	0		H	sg g
Hindrik	####	####				
       	#Hindrik	Hindrik	0		H	sg n
Ossanik	####	####				
       	#Osanik	Osanik	0		H	sg n
ka	ka	ka	0		D	
omma	####	####				
    	#oma	oma	0		P	sg g
    	on	ole	0		V	vad
Maggasini	####	####				
         	#magasini	magasin	0		S	sg g
wölla	####	####				
     	#võla	võlg	0		S	sg g
pärrast	####	####				
       	pärast	pära	st		S	sg el
       	pärast	pärane	t		A	sg p
       	pärast	pärast	0		D	
       	#pärast	pärast	0		K	
tulli	tull	tull	0		S	adt
     	tull	tull	0		S	sg g
     	tull	tull	0		S	sg p
     	@tuli	tule	i		V	s
     	tuli	tuli	0		S	sg n
,	,	,			Z	
ja	ja	ja	0		J	
tunnistas	tunnistas	tunnista	s		V	s
se	####	####				
  	#see	see	0		P	sg n
on	@on	ole	0		V	b
  	ole	ole	0		V	vad
minno	####	####				
     	mind	mina	0		P	sg p
     	#minu	mina	0		P	sg g
wölg	####	####				
    	#võlg	võlg	0		S	sg n
ja	ja	ja	0		J	
temma	####	####				
     	#tema	tema	0		P	sg g
     	tema	tema	0		P	sg n
wölg	####	####				
    	#võlg	võlg	0		S	sg n
on	@on	ole	0		V	b
  	ole	ole	0		V	vad
,	,	,			Z	
8	8	8	0		N	?
werik	####	####				
     	#veerik	veerik	0		S	sg n
Rukkid	rukkid	rukis	d		S	pl n
21	21	21	0		N	?
werik	####	####				
     	#veerik	veerik	0		S	sg n
Odrad	odrad	oder	d		S	pl n
ja	ja	ja	0		J	
45	45	45	0		N	?
Kaerad	kaerad	kaer	d		S	pl n
,	,	,			Z	
ja	ja	ja	0		J	
temma	####	####				
     	tema	tema	0		P	sg g
     	#tema	tema	0		P	sg n
tunnistas	tunnistas	tunnista	s		V	s
minno	####	####				
     	mind	mina	0		P	sg p
     	#mina	mina	0		P	sg n
tahhan	####	####				
      	#tahan	taht	n		V	n
sedda	####	####				
     	#seda	see	da		P	sg p
keik	####	####				
    	kõik	kõik	0		P	pl n
    	#kõik	kõik	0		P	sg n
maksta	@maksta	maks	ta		V	da
      	maks	maks	ta		V	ta
.	.	.			Z	
Ustallo	####	####				
       	#Uustalu	Ustallo	0		H	sg g
Jakob	Jakob	Jakob	0		H	sg n
Kirspu	####	####				
      	#Kirsipuu	Kirspu	0		H	sg n
tulli	tull	tull	0		S	adt
     	tull	tull	0		S	sg g
     	tull	tull	0		S	sg p
     	@tuli	tule	i		V	s
     	tuli	tuli	0		S	sg n
ette	esi	esi	tte		S	adt
    	@ette	ette	0		D	
    	ette	ette	0		K	
omma	####	####				
    	#oma	oma	0		P	sg g
    	on	ole	0		V	vad
Maggasini	####	####				
         	#magasini	magasin	0		S	sg g
wöllaga	####	####				
       	#võlaga	võlg	ga		S	sg kom
,	,	,			Z	
ja	ja	ja	0		J	
temma	####	####				
     	#tema	tema	0		P	sg g
     	tema	tema	0		P	sg n
wöla	####	####				
    	#võla	võlg	0		S	sg g
Summa	summ	summ	0		S	adt
     	summ	summ	0		S	sg g
     	summ	summ	0		S	sg p
     	summa	summa	0		S	sg g
     	@summa	summa	0		S	sg n
on	@on	ole	0		V	b
  	ole	ole	0		V	vad
56	56	56	0		N	?
Weik	####	####				
     	¤
Rukki	rukis	rukis	0		S	adt
     	rukis	rukis	0		S	sg g
     	£rukist	rukis	0		S	sg p
ja	ja	ja	0		J	
27	27	27	0		N	?
Werik	####	####				
     	#veerik	veerik	0		S	sg n
Odrad	odrad	oder	d		S	pl n
,	,	,			Z	
ja	ja	ja	0		J	
34	34	34	0		N	?
werik	####	####				
     	#veerik	veerik	0		S	sg n
Kaerad	kaerad	kaer	d		S	pl n
,	,	,			Z	
ja	ja	ja	0		J	
tunnistas	tunnistas	tunnista	s		V	s
se	####	####				
  	#see	see	0		P	sg n
on	@on	ole	0		V	b
  	ole	ole	0		V	vad
minno	####	####				
     	mind	mina	0		P	sg p
     	#minu	mina	0		P	sg g
wölg	####	####				
    	#võlg	võlg	0		S	sg n
ja	ja	ja	0		J	
minna	mine	mine	a		V	da
     	£mina	mina	0		P	sg n
tahhan	####	####				
      	#tahan	taht	n		V	n
sedda	####	####				
     	#seda	see	da		P	sg p
maksta	@maksta	maks	ta		V	da
      	maks	maks	ta		V	ta
.	.	.			Z	
Mäe	mägi	mägi	0		S	sg g
   	£Mäe	Mäe	0		H	sg g
Hindrik	####	####				
       	#Hindrik	Hindrik	0		H	sg n
Tassa	####	####				
     	#Tassa	Tassa	0		H	sg n
tulli	tull	tull	0		S	adt
     	tull	tull	0		S	sg g
     	tull	tull	0		S	sg p
     	@tuli	tule	i		V	s
     	tuli	tuli	0		S	sg n
ette	esi	esi	tte		S	adt
    	@ette	ette	0		D	
    	ette	ette	0		K	
,	,	,			Z	
ja	ja	ja	0		J	
temma	####	####				
     	tema	tema	0		P	sg g
     	#tema	tema	0		P	sg n
lubbas	####	####				
      	#lubas	luba	s		V	s
ka	ka	ka	0		D	
omma	####	####				
    	#oma	oma	0		P	sg g
    	on	ole	0		V	vad
wölla	####	####				
     	#võla	võlg	0		S	sg g
ärra	####	####				
    	#ära	ära	0		D	
    	ära	ära	0		V	neg o
maksa	maks	maks	0		S	adt
     	maks	maks	0		S	sg g
     	maks	maks	0		S	sg p
     	maks	maks	0		V	o
     	£maksta	maks	a		V	da
5	5	5	0		N	?
Rukkid	rukkid	rukis	d		S	pl n
7	7	7	0		N	?
Odrad	odrad	oder	d		S	pl n
6	6	6	0		N	?
werik	####	####				
     	#veerik	veerik	0		S	sg n
Kaera	kaer	kaer	0		S	adt
     	kaer	kaer	0		S	sg g
     	@kaera	kaer	0		S	sg p
sedda	####	####				
     	#seda	see	da		P	sg p
tunnistas	tunnistas	tunnista	s		V	s
temma	####	####				
     	tema	tema	0		P	sg g
     	#tema	tema	0		P	sg n
kohto	####	####				
     	kohtu	kohtu	0		V	o
     	#kohtu	kohus	0		S	sg g
ees	ees	ees	0		D	
   	@ees	ees	0		K	
   	esi	esi	s		S	sg in
ja	ja	ja	0		J	
lubbas	####	####				
      	#lubas	luba	s		V	s
maka	####	####				
    	¤
.	.	.			Z	
Jagohanso	####	####				
         	#Jaaguhansu	Jagohanso	0		H	sg g
Jaani	Jaan	Jaan	0		H	adt
     	@Jaani	Jaan	0		H	sg g
     	Jaan	Jaan	0		H	sg p
     	Jaani	Jaani	0		H	sg g
     	Jaani	Jaani	0		H	sg n
     	jaan	jaan	0		S	adt
     	jaan	jaan	0		S	sg g
     	jaan	jaan	0		S	sg p
Wärblase	värb_lase	värb_lase	0		S	sg n
        	£Värblase	Wärblane	0		H	sg g
wölg	####	####				
    	#võlg	võlg	0		S	sg n
tulli	tull	tull	0		S	adt
     	tull	tull	0		S	sg g
     	tull	tull	0		S	sg p
     	@tuli	tule	i		V	s
     	tuli	tuli	0		S	sg n
ette	esi	esi	tte		S	adt
    	@ette	ette	0		D	
    	ette	ette	0		K	
,	,	,			Z	
33	33	33	0		N	?
werik	####	####				
     	#veerik	veerik	0		S	sg n
Rukkid	rukkid	rukis	d		S	pl n
,	,	,			Z	
60	60	60	0		N	?
weik	####	####				
    	¤
Odrad	odrad	oder	d		S	pl n
ja	ja	ja	0		J	
31	31	31	0		N	?
Werik	####	####				
     	#veerik	veerik	0		S	sg n
Kaerad	kaerad	kaer	d		S	pl n
,	,	,			Z	
ei	ei	ei	0		D	
  	@ei	ei	0		V	neg
olle	####	####				
    	#ole	ole	0		V	o
loota	lood	lood	ta		S	sg ab
     	loog	loog	ta		S	sg ab
     	@loota	loot	a		V	da
     	lugu	lugu	ta		S	sg ab
ta	tema	tema	0		P	sg g
  	@ta	tema	0		P	sg n
on	@on	ole	0		V	b
  	ole	ole	0		V	vad
surnud	@surnud	sure	nud		V	nud
      	surnud	surnud	0		A	
      	surnud	surnud	0		A	sg n
      	surnu	surnu	d		S	pl n
      	surnud	surnud	d		A	pl n
ei	ei	ei	0		D	
  	@ei	ei	0		V	neg
olle	####	####				
    	#ole	ole	0		V	o
kes	kes	kes	0		P	pl n
   	@kes	kes	0		P	sg n
,	,	,			Z	
maksab	maksab	maks	b		V	b
.	.	.			Z	
Wollimehhed	####	####				
           	#volimehed	voli_mees	d		S	pl n
ütlesid	ütlesid	ütle	sid		V	sid
saab	saab	saa	b		V	b
mahha	####	####				
     	#maha	maha	0		D	
kustutud	kustu=tud	kustu=tud	0		A	
        	kustu=tud	kustu=tud	0		A	sg n
        	kustu=tu	kustu=tu	d		S	pl n
        	kustu=tud	kustu=tud	d		A	pl n
        	kustu	kustu	tud		V	tud
        	£kustutatud	kustuta	tud		V	tud
.	.	.			Z	
Rommeti	####	####				
       	#Rometi	Rommeti	0		H	sg g
Jaan	@Jaan	Jaan	0		H	sg n
    	jaan	jaan	0		S	sg n
    	jaan	jaan	0		Y	?
Puurmann	puur_mann	puur_mann	0		S	sg n
        	£Puurmann	Puurmann	0		H	sg n
omma	####	####				
    	#oma	oma	0		P	sg g
Maggasini	####	####				
         	#magasini	magasin	0		S	sg g
wöllaga	####	####				
       	#võlaga	võlg	ga		S	sg kom
ta	@ta	tema	0		P	sg g
  	tema	tema	0		P	sg n
wölla	####	####				
     	#võla	võlg	0		S	sg g
Summa	summ	summ	0		S	adt
     	summ	summ	0		S	sg g
     	summ	summ	0		S	sg p
     	summa	summa	0		S	sg g
     	@summa	summa	0		S	sg n
on	@on	ole	0		V	b
  	ole	ole	0		V	vad
,	,	,			Z	
127	127	127	0		N	?
werik	####	####				
     	#veerik	veerik	0		S	sg n
Rukkid	rukkid	rukis	d		S	pl n
107	107	107	0		N	?
werik	####	####				
     	#veerik	veerik	0		S	sg n
Odrad	odrad	oder	d		S	pl n
ja	ja	ja	0		J	
79	79	79	0		N	?
werik	####	####				
     	#veerik	veerik	0		S	sg n
Wollimehhed	####	####				
           	#volimehed	voli_mees	d		S	pl n
oarwasid	####	####				
        	#arvasid	arva	sid		V	sid
se	####	####				
  	#see	see	0		P	sg n
on	@on	ole	0		V	b
  	ole	ole	0		V	vad
jänud	####	####				
     	#jäänud	jää	nud		V	nud
,	,	,			Z	
ei	ei	ei	0		D	
  	@ei	ei	0		V	neg
olle	####	####				
    	#ole	ole	0		V	o
loota	lood	lood	ta		S	sg ab
     	loog	loog	ta		S	sg ab
     	@loota	loot	a		V	da
     	lugu	lugu	ta		S	sg ab
saab	saab	saa	b		V	b
mahha	####	####				
     	#maha	maha	0		D	
kustutud	kustu=tud	kustu=tud	0		A	
        	kustu=tud	kustu=tud	0		A	sg n
        	kustu=tu	kustu=tu	d		S	pl n
        	kustu=tud	kustu=tud	d		A	pl n
        	kustu	kustu	tud		V	tud
        	£kustutatud	kustuta	tud		V	tud
.	.	.			Z	
Joseb	####	####				
     	#Joosep	Joseb	0		H	sg n
Karin	Karin	Karin	0		H	sg n
tulli	tull	tull	0		S	adt
     	tull	tull	0		S	sg g
     	tull	tull	0		S	sg p
     	£tuli	tule	i		V	s
ette	esi	esi	tte		S	adt
    	@ette	ette	0		D	
    	ette	ette	0		K	
omma	####	####				
    	#oma	oma	0		P	sg g
Maggasini	####	####				
         	#magasini	magasin	0		S	sg g
wöllaga	####	####				
       	#võlaga	võlg	ga		S	sg kom
,	,	,			Z	
ja	ja	ja	0		J	
temma	####	####				
     	#tema	tema	0		P	sg g
wölg	####	####				
    	#võlg	võlg	0		S	sg n
on	@on	ole	0		V	b
  	ole	ole	0		V	vad
54	54	54	0		N	?
werik	####	####				
     	#veerik	veerik	0		S	sg n
Rukkid	rukkid	rukis	d		S	pl n
11	11	11	0		N	?
werik	####	####				
     	#veerik	veerik	0		S	sg n
Odrad	odrad	oder	d		S	pl n
,	,	,			Z	
ja	ja	ja	0		J	
60	60	60	0		N	?
werik	####	####				
     	#veerik	veerik	0		S	sg n
Kaerad	kaerad	kaer	d		S	pl n
,	,	,			Z	
ja	ja	ja	0		J	
Wollimehhed	####	####				
           	#volimehed	voli_mees	d		S	pl n
arwasid	arvasid	arva	sid		V	sid
temma	####	####				
     	#tema	tema	0		P	sg n
peab	peab	pida	b		V	b
sedda	####	####				
     	#seda	see	da		P	sg p
keik	####	####				
    	#kõik	kõik	0		P	sg n
maksma	maksma	maks	ma		V	ma
.	.	.			Z	
ja	ja	ja	0		J	
se	####	####				
  	#see	see	0		P	sg n
sai	@sai	saa	i		V	s
   	sai	sai	0		S	sg n
möistetud	####	####				
         	#mõistetud	mõist	tud		V	tud
nenda	####	####				
     	#nõnda	nõnda	0		D	
.	.	.			Z	
Wari	vari	vari	0		S	sg n
    	£Vari	Wari	0		H	sg g
Johan	Johan	Johan	0		H	sg n
Wisel	####	####				
     	#Wisel	Wisel	0		H	sg n
tulli	tull	tull	0		S	adt
     	tull	tull	0		S	sg g
     	tull	tull	0		S	sg p
     	£tuli	tule	i		V	s
ette	esi	esi	tte		S	adt
    	@ette	ette	0		D	
    	ette	ette	0		K	
omma	####	####				
    	#oma	oma	0		P	sg g
Maggasini	####	####				
         	#magasini	magasin	0		S	sg g
wöllaga	####	####				
       	#võlaga	võlg	ga		S	sg kom
,	,	,			Z	
ja	ja	ja	0		J	
temma	####	####				
     	#tema	tema	0		P	sg g
wölg	####	####				
    	#võlg	võlg	0		S	sg n
on	@on	ole	0		V	b
  	ole	ole	0		V	vad
,	,	,			Z	
46	46	46	0		N	?
Rukkid	rukkid	rukis	d		S	pl n
34	34	34	0		N	?
Odrad	odrad	oder	d		S	pl n
ja	ja	ja	0		J	
57	57	57	0		N	?
weik	####	####				
    	¤
Kaerad	kaerad	kaer	d		S	pl n
ja	ja	ja	0		J	
temma	####	####				
     	#tema	tema	0		P	sg n
tunnistas	tunnistas	tunnista	s		V	s
se	####	####				
  	#see	see	0		P	sg n
on	@on	ole	0		V	b
  	ole	ole	0		V	vad
minno	####	####				
     	#minu	mina	0		P	sg g
wölg	####	####				
    	#võlg	võlg	0		S	sg n
ja	ja	ja	0		J	
minna	mine	mine	a		V	da
     	£mina	mina	0		P	sg n
maksan	maksan	maks	n		V	n
sedda	####	####				
     	#seda	see	da		P	sg p
,	,	,			Z	
igga	####	####				
    	#iga	iga	0		P	sg n
aasta	aasta	aasta	0		S	sg g
     	@aasta	aasta	0		S	sg n
ärra	####	####				
    	#ära	ära	0		D	
wähhendades	####	####				
           	#vähendades	vähenda	des		V	des
.	.	.			Z	
Tönnikse	####	####				
        	#Tõnise	Tönnikse	0		H	sg g
Mart	@Mart	Mart	0		H	sg n
    	mart	mart	0		S	sg n
Kress	kress	kress	0		S	sg n
     	£Kress	Kress	0		H	sg n
tulli	tull	tull	0		S	adt
     	tull	tull	0		S	sg g
     	tull	tull	0		S	sg p
     	£tuli	tule	i		V	s
et	et	et	0		J	
omma	####	####				
    	#oma	oma	0		P	sg g
Maggasini	####	####				
         	#magasini	magasin	0		S	sg g
wöllaga	####	####				
       	#võlaga	võlg	ga		S	sg kom
,	,	,			Z	
ja	ja	ja	0		J	
temma	####	####				
     	#tema	tema	0		P	sg g
wölg	####	####				
    	#võlg	võlg	0		S	sg n
on	@on	ole	0		V	b
  	ole	ole	0		V	vad
,	,	,			Z	
100	100	100	0		N	?
werik	####	####				
     	#veerik	veerik	0		S	sg n
Rukkid	rukkid	rukis	d		S	pl n
ja	ja	ja	0		J	
64	64	64	0		N	?
werikud	####	####				
       	#veerikut	veerik	d		S	sg p
,	,	,			Z	
Odrad	odrad	oder	d		S	pl n
115	115	115	0		N	?
Kaerd	####	####				
     	#kaerad	kaer	d		S	pl n
,	,	,			Z	
ja	ja	ja	0		J	
Wollimehhed	####	####				
           	#volimehed	voli_mees	d		S	pl n
ütlesid	ütlesid	ütle	sid		V	sid
et	et	et	0		J	
ta	tema	tema	0		P	sg g
  	@ta	tema	0		P	sg n
peab	peab	pida	b		V	b
omma	####	####				
    	#oma	oma	0		P	sg g
wölga	####	####				
      	#võlga	võlg	0		S	sg p
ärra	####	####				
    	#ära	ära	0		D	
maksma	maksma	maks	ma		V	ma
,	,	,			Z	
ja	ja	ja	0		J	
nenda	####	####				
     	#nõnda	nõnda	0		D	
sai	@sai	saa	i		V	s
   	sai	sai	0		S	sg n
se	####	####				
  	#see	see	0		P	sg n
möistetud	####	####				
         	#mõistetud	mõist	tud		V	tud
.	.	.			Z	
Andrekse	####	####				
        	#Andrese	Andrekse	0		H	sg g
Sander	Sander	Sander	0		H	sg n
Prokmann	####	####				
        	#Prokmann	Prokmann	0		H	sg n
on	@on	ole	0		V	b
  	ole	ole	0		V	vad
surnud	@surnud	sure	nud		V	nud
      	surnud	surnud	0		A	
      	surnud	surnud	0		A	sg n
      	surnu	surnu	d		S	pl n
      	surnud	surnud	d		A	pl n
ja	ja	ja	0		J	
wölg	####	####				
    	#võlg	võlg	0		S	sg n
on	@on	ole	0		V	b
  	ole	ole	0		V	vad
6	6	6	0		N	?
werik	####	####				
     	#veerik	veerik	0		S	sg n
Rukkid	rukkid	rukis	d		S	pl n
,	,	,			Z	
se	####	####				
  	#see	see	0		P	sg n
on	@on	ole	0		V	b
  	ole	ole	0		V	vad
jänud	####	####				
     	#jäänud	jää	nud		V	nud
Wollimeste	volli_mest	volli_mest	e		S	pl p
          	£volimeeste	voli_mees	te		S	pl g
lubbaga	####	####				
       	#loaga	luba	ga		S	sg kom
ja	ja	ja	0		J	
saab	saab	saa	b		V	b
mahha	####	####				
     	#maha	maha	0		D	
kustutud	kustu=tud	kustu=tud	0		A	
        	kustu=tud	kustu=tud	0		A	sg n
        	kustu=tu	kustu=tu	d		S	pl n
        	kustu=tud	kustu=tud	d		A	pl n
        	kustu	kustu	tud		V	tud
        	£kustutatud	kustuta	tud		V	tud
.	.	.			Z	
Einjärwe	####	####				
        	#Einjärve	Einjärwe	0		H	sg g
Jaan	@Jaan	Jaan	0		H	sg n
    	jaan	jaan	0		S	sg n
    	jaan	jaan	0		Y	?
Promet	####	####				
      	#Promet	Promet	0		H	sg n
tulli	tull	tull	0		S	adt
     	tull	tull	0		S	sg g
     	tull	tull	0		S	sg p
     	£tuli	tule	i		V	s
ette	esi	esi	tte		S	adt
    	@ette	ette	0		D	
    	ette	ette	0		K	
,	,	,			Z	
ja	ja	ja	0		J	
temma	####	####				
     	#tema	tema	0		P	sg g
wölg	####	####				
    	#võlg	võlg	0		S	sg n
on	@on	ole	0		V	b
  	ole	ole	0		V	vad
8	8	8	0		N	?
werik	####	####				
     	#veerik	veerik	0		S	sg n
Odrad	odrad	oder	d		S	pl n
ja	ja	ja	0		J	
14	14	14	0		N	?
werik	####	####				
     	#veerik	veerik	0		S	sg n
Kaerad	kaerad	kaer	d		S	pl n
,	,	,			Z	
ja	ja	ja	0		J	
lubbab	####	####				
      	#lubab	luba	b		V	b
omma	####	####				
    	#oma	oma	0		P	sg g
wölga	####	####				
      	#võlga	võlg	0		S	sg p
ärra	####	####				
    	#ära	ära	0		D	
maksta	@maksta	maks	ta		V	da
      	maks	maks	ta		V	ta
süggise	####	####				
       	#sügise	sügis	0		S	sg g
.	.	.			Z	
Kohto	####	####				
     	#kohtu	kohus	0		S	sg g
ette	esi	esi	tte		S	adt
    	ette	ette	0		D	
    	@ette	ette	0		K	
tulli	tull	tull	0		S	adt
     	tull	tull	0		S	sg g
     	tull	tull	0		S	sg p
     	£tuli	tule	i		V	s
Jaan	@Jaan	Jaan	0		H	sg n
    	jaan	jaan	0		S	sg n
    	jaan	jaan	0		Y	?
Kiilmann	kiil_mann	kiil_mann	0		S	sg n
        	£Kiilmann	Kiilmann	0		H	sg n
temma	####	####				
     	#tema	tema	0		P	sg g
Maggasini	####	####				
         	#magasini	magasin	0		S	sg g
wölla	####	####				
     	#võla	võlg	0		S	sg g
pärrast	####	####				
       	#pärast	pärast	0		K	
,	,	,			Z	
ja	ja	ja	0		J	
ta	tema	tema	0		P	sg g
  	@ta	tema	0		P	sg n
tunnistas	tunnistas	tunnista	s		V	s
se	####	####				
  	#see	see	0		P	sg n
on	@on	ole	0		V	b
  	ole	ole	0		V	vad
minno	####	####				
     	#minu	mina	0		P	sg g
wölg	####	####				
    	#võlg	võlg	0		S	sg n
,	,	,			Z	
ja	ja	ja	0		J	
se	####	####				
  	#see	see	0		P	sg n
wölla	####	####				
     	#võla	võlg	0		S	sg g
Summa	summ	summ	0		S	adt
     	summ	summ	0		S	sg g
     	summ	summ	0		S	sg p
     	summa	summa	0		S	sg g
     	@summa	summa	0		S	sg n
on	@on	ole	0		V	b
  	ole	ole	0		V	vad
2	2	2	0		N	?
werik	####	####				
     	#veerik	veerik	0		S	sg n
Odrad	odrad	oder	d		S	pl n
6	6	6	0		N	?
werik	####	####				
     	#veerik	veerik	0		S	sg n
Kaerad	kaerad	kaer	d		S	pl n
,	,	,			Z	
ja	ja	ja	0		J	
lubbas	####	####				
      	#lubas	luba	s		V	s
sedda	####	####				
     	#seda	see	da		P	sg p
maksa	maks	maks	0		S	adt
     	maks	maks	0		S	sg g
     	maks	maks	0		S	sg p
     	maks	maks	0		V	o
     	£maksta	maks	a		V	da
süggisel	####	####				
        	#sügisel	sügis	l		S	sg ad
keik	####	####				
    	#kõik	kõik	0		P	sg n
ärra	####	####				
    	#ära	ära	0		D	
.	.	.			Z	
Nadda	####	####				
     	¤
Jakob	Jakob	Jakob	0		H	sg n
Räsa	####	####				
    	#Räsa	Räsa	0		H	sg n
tulli	tull	tull	0		S	adt
     	tull	tull	0		S	sg g
     	tull	tull	0		S	sg p
     	£tuli	tule	i		V	s
ette	esi	esi	tte		S	adt
    	@ette	ette	0		D	
    	ette	ette	0		K	
omma	####	####				
    	#oma	oma	0		P	sg g
wölla	####	####				
     	#võla	võlg	0		S	sg g
pärrast	####	####				
       	#pärast	pärast	0		D	
,	,	,			Z	
mis	mis	mis	0		P	pl n
   	@mis	mis	0		P	sg n
Maggasinis	####	####				
          	#magasinis	magasin	s		S	sg in
wölga	####	####				
      	#võlgu	võlgu	0		D	
on	@on	ole	0		V	b
  	ole	ole	0		V	vad
,	,	,			Z	
ja	ja	ja	0		J	
se	####	####				
  	#see	see	0		P	sg n
wölg	####	####				
    	#võlg	võlg	0		S	sg n
on	@on	ole	0		V	b
  	ole	ole	0		V	vad
5	5	5	0		N	?
werikud	####	####				
       	#veerikut	veerik	d		S	sg p
Odrad	odrad	oder	d		S	pl n
ja	ja	ja	0		J	
2	2	2	0		N	?
werikud	####	####				
       	#veerikut	veerik	d		S	sg p
Kaerad	kaerad	kaer	d		S	pl n
,	,	,			Z	
ja	ja	ja	0		J	
lubba	####	####				
     	#lubab	luba	0		V	b
sedda	####	####				
     	#seda	see	da		P	sg p
keik	####	####				
    	#kõik	kõik	0		P	sg n
,	,	,			Z	
jälle	jälle	jälle	0		D	
keik	####	####				
    	#kõik	kõik	0		P	sg n
wölga	####	####				
      	#võlgu	võlgu	0		D	
jänud	####	####				
     	#jäänud	jää	nud		V	nud
werikkud	####	####				
        	#veerikud	veerik	d		S	pl n
ärra	####	####				
    	#ära	ära	0		D	
maksa	maks	maks	0		S	adt
     	maks	maks	0		S	sg g
     	maks	maks	0		S	sg p
     	maks	maks	0		V	o
     	£maksta	maks	a		V	da
.	.	.			Z	
Peawannem	####	####				
         	#peavanem	pea_vanem	0		S	sg n
Karel	####	####				
     	#Karel	Karel	0		H	sg n
Pusch	####	####				
     	#Pusch	Pusch	0		H	sg n
Kõrwamees	kõrvalmees	kõrval_mees	0		S	sg n
Jaak	@Jaak	Jaak	0		H	sg n
    	jaak	jaak	0		S	sg n
Kassekamp	####	####				
         	#Kasekamp	Kassekamp	0		H	sg n
Johhan	####	####				
      	#Johan	Johan	0		H	sg n
Mein	####	####				
    	#Mein	Mein	0		H	sg n
