Koos	@koos	koos	0		D	
    	koos	koos	0		K	
    	koos	koos	0		S	sg n
    	kubu	kubu	s		S	sg in
ollid	####	####				
     	#olid	ole	id		V	sid
Tallitaja	####	####				
         	#talitaja	talitaja	0		S	sg n
:	:	:			Z	
N. Mähle	####	####				
        	#N_._Mähle	N_._Mähle	0		H	sg n
,	,	,			Z	
abbimehhed	####	####				
          	#abimehed	abi_mees	d		S	pl n
G. Norwit	####	####				
         	#G_._Norwit	G_._Norwit	0		H	sg n
ja	ja	ja	0		J	
H. Pissa	####	####				
        	#H_._Pissa	H_._Pissa	0		H	sg n
seatud	sea=tu	sea=tu	d		S	pl n
      	@seatud	sead	tud		V	tud
      	seatud	seatud	0		A	
      	seatud	seatud	0		A	sg n
      	seatud	seatud	d		A	pl n
kohtopäwa	####	####				
         	#kohtupäeva	kohtu_päev	0		S	sg p
piddamas	####	####				
        	#pidamas	pida	mas		V	mas
.	.	.			Z	
Thomas	Thomas	Thomas	0		H	sg g
      	@Thomas	Thomas	0		H	sg n
Raja	Raja	Raja	0		H	sg g
    	@Raja	Raja	0		H	sg n
    	rada	rada	0		S	sg g
    	raja	raja	0		S	sg g
    	raja	raja	0		S	sg n
    	raja	raja	0		S	sg p
    	raja	raja	0		V	o
astus	astus	astu	s		V	s
ette	esi	esi	tte		S	adt
    	@ette	ette	0		D	
    	ette	ette	0		K	
ja	ja	ja	0		J	
kaebas	kaebas	kaeba	s		V	s
,	,	,			Z	
et	et	et	0		J	
Mihklipäwast	####	####				
            	#mihklipäevast	mihkli_päev	st		S	sg el
,	,	,			Z	
kus	kus	kus	0		D	
nende	see	see	de		P	pl g
     	@nende	tema	de		P	pl g
lomad	####	####				
     	#loomad	loom	D		S	pl n
pöllal	####	####				
      	#põllul	põld	l		S	sg ad
nende	see	see	de		P	pl g
     	@nende	tema	de		P	pl g
renditükkide	renditükkide	rendi_tükk	de		S	pl g
peal	peal	peal	0		D	
    	@peal	peal	0		K	
    	pea	pea	l		S	sg ad
sömas	####	####				
     	#söömas	söö	mas		V	mas
käiwad	@käivad	käi	vad		V	vad
      	käiv	käiv	d		A	pl n
,	,	,			Z	
on	@on	ole	0		V	b
  	ole	ole	0		V	vad
seal	@seal	seal	0		D	
    	siga	siga	l		A	sg ad
    	siga	siga	l		S	sg ad
ni	####	####				
  	#nii	nii	0		D	
paljo	####	####				
     	#palju	palju	0		D	
rido	####	####				
    	#riidu	riid	0		S	sg p
ja	ja	ja	0		J	
tülli	tüli	tüli	0		S	adt
     	tüll	tüll	0		S	adt
     	tüll	tüll	0		S	sg g
     	tüll	tüll	0		S	sg p
     	tülli	tülli	0		D	
     	£tüli	tüli	0		S	sg p
iggapääw	####	####				
        	#igapäev	iga_päev	0		S	sg n
olnud	ol=nud	ol=nud	0		A	
     	ol=nud	ol=nud	0		A	sg n
     	ol=nud	ol=nud	d		A	pl n
     	@olnud	ole	nud		V	nud
     	olnu	olnu	d		S	pl n
,	,	,			Z	
ja	ja	ja	0		J	
lehmad	lehmad	lehm	d		S	pl n
ühhe	####	####				
    	ühe	ühe	0		S	sg n
    	ühe	üks	0		N	sg g
    	#ühe	üks	0		P	sg g
tükki	tükk	tükk	0		S	adt
     	tükk	tükk	0		S	sg p
     	tükki	tükki	0		D	
     	£tüki	tükk	0		S	sg g
pealt	pealt	pealt	0		D	
     	@pealt	pealt	0		K	
     	pea	pea	lt		S	sg abl
teise	teine	teine	0		O	adt
     	teine	teine	0		O	sg g
     	@teise	teine	0		P	adt
     	teine	teine	0		P	sg g
kihhutud	####	####				
        	#kihutatud	kihuta	tud		V	tud
sanud	####	####				
     	#saanud	saa	nud		V	nud
,	,	,			Z	
et	et	et	0		J	
sedda	####	####				
     	#seda	see	da		P	sg p
ennam	####	####				
     	#enam	enam	0		D	
kannatada	kannatada	kannata	da		V	da
ei	ei	ei	0		D	
  	@ei	ei	0		V	neg
wöinud	####	####				
      	#võinud	või	nud		V	nud
.	.	.			Z	
Sepärrast	####	####				
         	#seepärast	see_pärast	0		D	
olla	olla	ole	a		V	da
temma	####	####				
     	tema	tema	0		P	sg g
     	#tema	tema	0		P	sg n
,	,	,			Z	
Jaen	####	####				
    	#Jaan	Jaen	0		H	sg n
Kanker	####	####				
      	#Kanker	Kanker	0		H	sg n
ja	ja	ja	0		J	
weel	@veel	veel	0		D	
    	vesi	vesi	l		S	sg ad
    	veel	vesi	l		S	sg ad
mönned	####	####				
      	#mõned	mõni	d		P	pl n
teised	teine	teine	d		O	pl n
      	@teised	teine	d		P	pl n
mehhed	####	####				
      	#mehed	mees	d		S	pl n
kelle	kes	kes	0		P	pl g
     	@kes	kes	0		P	sg g
renditükkid	####	####				
           	#renditükid	rendi_tükid	0		S	pl n
jöe	####	####				
   	#jõe	jõgi	0		S	sg g
pool	@pool	pool	0		K	
    	pool	pool	0		N	sg n
    	pool	pool	0		S	sg n
pöllu	####	####				
     	#põllu	põld	0		S	sg g
teed	tee	tee	d		S	pl n
    	@teed	tee	d		S	sg p
    	tege	tege	d		V	d
seiswad	seisev	seisev	d		A	pl n
       	£seisavad	seis	vad		V	vad
,	,	,			Z	
paar	@paar	paar	0		N	sg n
    	paar	paar	0		S	sg n
näddalt	####	####				
       	#nädalat	nädal	t		S	sg p
pärrast	####	####				
       	pärast	pära	st		S	sg el
       	pärast	pärane	t		A	sg p
       	pärast	pärast	0		D	
       	#pärast	pärast	0		K	
Mihk	####	####				
    	#Mihk	Mihk	0		Y	?
.	.	.			Z	
päwa	####	####				
    	#päeva	päev	0		S	sg p
nöuks	####	####				
     	#nõuks	nõu	ks		S	sg tr
wötnud	####	####				
      	#võtnud	võt	nud		V	nud
,	,	,			Z	
ja	ja	ja	0		J	
karja	kari	kari	0		S	adt
     	@karja	kari	0		S	sg g
     	kari	kari	0		S	sg p
poisile	poisile	poiss	le		S	sg all
ka	ka	ka	0		D	
öölnud	####	####				
      	#öelnud	ütle	nud		V	nud
,	,	,			Z	
et	et	et	0		J	
ta	tema	tema	0		P	sg g
  	@ta	tema	0		P	sg n
nende	see	see	de		P	pl g
     	@nende	tema	de		P	pl g
lehmad	lehmad	lehm	d		S	pl n
issiärranis	####	####				
           	#iseäranis	ise_äranis	0		D	
nende	@nende	see	de		P	pl g
     	tema	tema	de		P	pl g
tükkide	tükkide	tükk	de		S	pl g
peal	peal	peal	0		D	
    	@peal	peal	0		K	
    	pea	pea	l		S	sg ad
hoiab	hoiab	hoid	b		V	b
ja	ja	ja	0		J	
woerad	####	####				
      	#võõrad	võõras	d		A	pl n
lehmad	lehmad	lehm	d		S	pl n
neist	see	see	st		P	pl el
     	@neist	tema	st		P	pl el
emal	ema	ema	l		S	sg ad
    	£eemal	eemal	0		D	
hoiab	hoiab	hoid	b		V	b
.	.	.			Z	
Et	et	et	0		J	
selwisil	####	####				
        	#selviisil	sel_viisil	0		D	
nende	see	see	de		P	pl g
     	@nende	tema	de		P	pl g
lehmad	lehmad	lehm	d		S	pl n
rahhu	####	####				
     	#rahu	rahu	0		S	sg p
saaks	saaks	saa	ks		V	ks
ja	ja	ja	0		J	
nemmad	####	####				
      	#nemad	tema	d		P	pl n
riust	####	####				
     	#riiust	riid	st		S	sg el
ärrapeaseks	####	####				
           	#ära_pääseks	ära_pääse	ks		V	ks
.	.	.			Z	
Annud	####	####				
     	#andnud	and	nud		V	nud
ka	ka	ka	0		D	
oma	oma	oma	0		A	sg g
   	oma	oma	0		A	sg n
   	oma	oma	0		A	sg p
   	oma	oma	0		D	
   	@oma	oma	0		P	sg g
   	oma	oma	0		P	sg n
   	oma	oma	0		P	sg p
   	oma	oma	0		S	sg g
   	oma	oma	0		S	sg n
   	oma	oma	0		S	sg p
   	oma	oma	0		V	o
naestele	####	####				
        	#naistele	naine	tele		S	pl all
Esmaspääw	####	####				
         	#esmaspäev	esmas_päev	0		S	sg n
käsko	####	####				
     	#käsku	käsk	0		S	sg p
,	,	,			Z	
lehmad	lehmad	lehm	d		S	pl n
pöllale	####	####				
       	#põllule	põld	le		S	sg all
issepäinis	####	####				
          	#isepäinis	ise_päinis	0		D	
omma	####	####				
    	#oma	oma	0		P	sg g
    	on	ole	0		V	vad
tükkide	tükkide	tükk	de		S	pl g
peale	peale	peale	0		D	
     	@peale	peale	0		K	
     	pea	pea	le		S	sg all
ajada	ajada	aja	da		V	da
.	.	.			Z	
Teisipääw	####	####				
         	#teisipäev	teisi_päev	0		S	sg n
hommiko	####	####				
       	#hommiku	hommik	0		S	sg g
läinud	läinud	läinud	0		A	
      	läinud	läinud	0		A	sg n
      	läinu	läinu	d		S	pl n
      	läinud	läinud	d		A	pl n
      	@läinud	mine	nud		V	nud
temma	####	####				
     	#tema	tema	0		P	sg g
     	tema	tema	0		P	sg n
naene	####	####				
     	#naine	naine	0		S	sg n
Marri	####	####				
     	#Mari	Marri	0		H	sg n
,	,	,			Z	
Jaen	####	####				
    	#Jaan	Jaen	0		H	sg n
Kanker	####	####				
      	#Kanker	Kanker	0		H	sg n
naene	####	####				
     	#naine	naine	0		S	sg n
An	####	####				
  	#Ann	Ann	0		H	sg n
ja	ja	ja	0		J	
Andr	####	####				
    	#Andr	Andr	0		Y	?
.	.	.			Z	
Pissa	####	####				
     	#Pisa	Pissa	0		H	sg g
naene	####	####				
     	#naine	naine	0		S	sg n
Ingel	Inge	Inge	l		H	sg ad
     	ingel	ingel	0		S	sg n
     	£Ingel	Ingel	0		H	sg n
ommad	####	####				
     	#omad	oma	d		P	pl n
lehmad	lehmad	lehm	d		S	pl n
pöllale	####	####				
       	#põllule	põld	le		S	sg all
ajama	ajama	aja	ma		V	ma
.	.	.			Z	
Joh	####	####				
   	#Joh	Joh	0		Y	?
.	.	.			Z	
Kokla	####	####				
     	#Kokla	Kokla	0		H	sg g
naene	####	####				
     	#naine	naine	0		S	sg n
Lena	####	####				
    	#Leena	Lena	0		H	sg n
ei	ei	ei	0		D	
  	@ei	ei	0		V	neg
lasknud	lask=nud	lask=nud	0		A	
       	lask=nud	lask=nud	0		A	sg n
       	lask=nu	lask=nu	d		S	pl n
       	lask=nud	lask=nud	d		A	pl n
       	@lasknud	lask	nud		V	nud
neid	neid	neid	0		S	sg n
    	see	see	d		P	pl p
    	@neid	tema	d		P	pl p
agga	####	####				
    	#aga	aga	0		J	
mitte	mitte	mitte	0		D	
ülle	ülle	ülle	0		D	
    	üle	üle	0		D	
    	@üle	üle	0		K	
te	sina	sina	0		P	pl g
  	sina	sina	0		P	pl n
  	£tee	tee	0		S	sg g
lehmi	lehmi	lehm	i		S	pl p
omma	####	####				
    	#oma	oma	0		P	sg g
    	on	ole	0		V	vad
tükkide	tükkide	tükk	de		S	pl g
peale	peale	peale	0		D	
     	@peale	peale	0		K	
     	pea	pea	le		S	sg all
ajada	ajada	aja	da		V	da
.	.	.			Z	
Pannud	pan=nud	pan=nud	0		A	
      	pan=nud	pan=nud	0		A	sg n
      	pan=nu	pan=nu	d		S	pl n
      	pan=nud	pan=nud	d		A	pl n
      	@pannud	pane	nud		V	nud
pölwili	####	####				
       	#põlvili	põlvili	0		D	
mahha	####	####				
     	#maha	maha	0		D	
,	,	,			Z	
lönud	####	####				
     	#löönud	löö	nud		V	nud
witsaga	vitsaga	vits	ga		S	sg kom
wasto	####	####				
     	vastu	vastu	0		D	
     	#vastu	vastu	0		K	
maad	maa	maa	d		S	pl n
    	@maad	maa	d		S	sg p
ja	ja	ja	0		J	
öölnud	####	####				
      	#öelnud	ütle	nud		V	nud
:	:	:			Z	
Raiugu	raiugu	raiu	gu		V	gu
mo	####	####				
  	#mu	mina	0		P	sg g
pea	pea	pea	0		D	
   	pea	pea	0		S	sg g
   	@pea	pea	0		S	sg n
   	pida	pida	0		V	o
otsast	otsast	otsast	0		K	
      	@otsast	ots	st		S	sg el
ärra	####	####				
    	#ära	ära	0		D	
    	ära	ära	0		V	neg o
,	,	,			Z	
agga	####	####				
    	#aga	aga	0		J	
sedda	####	####				
     	#seda	see	da		P	sg p
ei	ei	ei	0		D	
  	@ei	ei	0		V	neg
pea	pea	pea	0		D	
   	pea	pea	0		S	sg g
   	pea	pea	0		S	sg n
   	@pea	pida	0		V	o
sama	sama	sama	0		P	sg g
    	sama	sama	0		P	sg n
    	sama	sama	0		P	sg p
    	£saama	saa	ma		V	ma
,	,	,			Z	
et	et	et	0		J	
teie	sina	sina	0		P	pl g
    	@teie	sina	0		P	pl n
ommad	####	####				
     	#omad	oma	d		P	pl n
tükkid	####	####				
      	#tükid	tükk	d		S	pl n
issipäinis	####	####				
          	#isepäinis	ise_päinis	0		D	
ärrasödate	####	####				
          	#ära_söödate	ära_sööt	te		V	te
;	;	;			Z	
pöld	####	####				
    	#põld	põld	0		S	sg n
peab	peab	pida	b		V	b
ühheskoos	####	####				
         	#üheskoos	ühes_koos	0		D	
ärrasödetud	####	####				
           	#ärasöödetud	ära_sööt	tud		V	tud
sama	sama	sama	0		P	sg g
    	sama	sama	0		P	sg n
    	sama	sama	0		P	sg p
    	£saama	saa	ma		V	ma
.	.	.			Z	
Karjane	karjane	karjane	0		S	sg n
ajanud	aja=nud	aja=nud	0		A	
      	aja=nud	aja=nud	0		A	sg n
      	aja=nu	aja=nu	d		S	pl n
      	aja=nud	aja=nud	d		A	pl n
      	@ajanud	aja	nud		V	nud
agga	####	####				
    	#aga	aga	0		J	
siiski	siiski	siiski	0		D	
lehmad	lehmad	lehm	d		S	pl n
omma	####	####				
    	#oma	oma	0		P	sg g
    	on	ole	0		V	vad
tükkide	tükkide	tükk	de		S	pl g
peale	peale	peale	0		D	
     	@peale	peale	0		K	
     	pea	pea	le		S	sg all
.	.	.			Z	
Lena	####	####				
    	#Leena	Lena	0		H	sg n
Kokla	####	####				
     	#Kokla	Kokla	0		H	sg n
läinud	läinud	läinud	0		A	
      	läinud	läinud	0		A	sg n
      	läinu	läinu	d		S	pl n
      	läinud	läinud	d		A	pl n
      	@läinud	mine	nud		V	nud
agga	####	####				
    	#aga	aga	0		J	
senna	senna	senna	0		S	sg g
     	senna	senna	0		S	sg n
     	£sinna	sinna	0		D	
,	,	,			Z	
annud	####	####				
     	#andnud	and	nud		V	nud
karjase	karjase	karjane	0		S	sg g
P. Maiwelile	####	####				
            	#P_._Maivelile	P_._Maiwel	le		H	sg all
4	4	4	0		N	?
-	-	-			Z	
5	5	5	0		N	?
hopi	####	####				
    	#hoopi	hoop	0		S	sg p
witsaga	vitsaga	vits	ga		S	sg kom
pihta	piht	piht	0		S	adt
     	piht	piht	0		S	sg p
     	@pihta	pihta	0		D	
     	pihta	pihta	0		K	
     	pihta	pihta	0		V	o
.	.	.			Z	
P. Maiwel	####	####				
         	#P_._Maivel	P_._Maiwel	0		H	sg n
tömbanud	####	####				
        	#tõmmanud	tõmba	nud		V	nud
witsa	vits	vits	0		S	adt
     	@vitsa	vits	0		S	sg g
     	vits	vits	0		S	sg p
ta	@ta	tema	0		P	sg g
  	tema	tema	0		P	sg n
käest	@käest	käest	0		K	
     	käsi	käsi	st		S	sg el
ärra	####	####				
    	#ära	ära	0		D	
    	ära	ära	0		V	neg o
ja	ja	ja	0		J	
pannud	pan=nud	pan=nud	0		A	
      	pan=nud	pan=nud	0		A	sg n
      	pan=nu	pan=nu	d		S	pl n
      	pan=nud	pan=nud	d		A	pl n
      	@pannud	pane	nud		V	nud
jookso	####	####				
      	#jooksu	jooks	0		S	adt
.	.	.			Z	
L. Kokla	####	####				
        	#L_._Kokla	L_._Kokla	0		H	sg n
jooksnud	jooks=nud	jooks=nud	0		A	
        	jooks=nud	jooks=nud	0		A	sg n
        	jooks=nu	jooks=nu	d		S	pl n
        	jooks=nud	jooks=nud	d		A	pl n
        	@jooksnud	jooks	nud		V	nud
järrel	####	####				
      	#järel	järel	0		D	
,	,	,			Z	
kukkunud	kukku=nud	kukku=nud	0		A	
        	kukku=nud	kukku=nud	0		A	sg n
        	kukku=nu	kukku=nu	d		S	pl n
        	kukku=nud	kukku=nud	d		A	pl n
        	@kukkunud	kukku	nud		V	nud
krawi	####	####				
     	#kraavi	kraav	0		S	sg g
kaldal	kaldal	kallas	l		S	sg ad
mahha	####	####				
     	#maha	maha	0		D	
,	,	,			Z	
wiskanud	####	####				
        	#visanud	viska	nud		V	nud
mullatükkidega	mullatükkidega	mulla_tükk	dega		S	pl kom
weel	@veel	veel	0		D	
    	vesi	vesi	l		S	sg ad
    	veel	vesi	l		S	sg ad
P. Maiwel	####	####				
         	#P_._Maivel	P_._Maiwel	0		H	sg n
järrel	####	####				
      	#järel	järel	0		K	
ja	ja	ja	0		J	
ajanud	aja=nud	aja=nud	0		A	
      	aja=nud	aja=nud	0		A	sg n
      	aja=nu	aja=nu	d		S	pl n
      	aja=nud	aja=nud	d		A	pl n
      	@ajanud	aja	nud		V	nud
lehmad	lehmad	lehm	d		S	pl n
lehmad	lehmad	lehm	d		S	pl n
jälle	jälle	jälle	0		D	
sealt	@sealt	sealt	0		D	
     	siga	siga	lt		A	sg abl
     	siga	siga	lt		S	sg abl
ärra	####	####				
    	#ära	ära	0		D	
    	ära	ära	0		V	neg o
.	.	.			Z	
Siis	@siis	siis	0		D	
    	siis	siis	0		J	
saatnud	saat=nud	saat=nud	0		A	
       	saat=nud	saat=nud	0		A	sg n
       	saat=nu	saat=nu	d		S	pl n
       	saat=nud	saat=nud	d		A	pl n
       	@saatnud	saat	nud		V	nud
temma	####	####				
     	#tema	tema	0		P	sg g
     	tema	tema	0		P	sg n
naene	####	####				
     	#naine	naine	0		S	sg n
Marri	####	####				
     	#Mari	Marri	0		H	sg n
wabriko	####	####				
       	#vabriku	vabrik	0		S	adt
talle	tall	tall	0		S	adt
     	tall	tall	0		S	sg g
     	tall	tall	0		S	sg p
     	tall	tall	e		S	pl p
     	@talle	tema	lle		P	sg all
käsko	####	####				
     	#käsku	käsk	0		S	sg p
,	,	,			Z	
et	et	et	0		J	
ta	tema	tema	0		P	sg g
  	@ta	tema	0		P	sg n
pöldo	####	####				
     	#põldu	põld	0		S	adt
tulleks	####	####				
       	#tuleks	tule	ks		V	ks
.	.	.			Z	
Temma	####	####				
     	#tema	tema	0		P	sg n
(	(	(			Z	
T. Raja	####	####				
       	#T_._Raja	T_._Raja	0		H	sg n
)	)	)			Z	
läinud	läinud	läinud	0		A	
      	läinud	läinud	0		A	sg n
      	läinu	läinu	d		S	pl n
      	läinud	läinud	d		A	pl n
      	@läinud	mine	nud		V	nud
pöllale	####	####				
       	#põllule	põld	le		S	sg all
ja	ja	ja	0		J	
öölnud	####	####				
      	#öelnud	ütle	nud		V	nud
Lena	####	####				
    	#Leena	Lena	0		H	sg n
Koklale	####	####				
       	#Koklale	Kokla	le		H	sg all
,	,	,			Z	
kes	kes	kes	0		P	pl n
   	@kes	kes	0		P	sg n
ikka	iga	iga	0		S	adt
    	@ikka	ikka	0		D	
peale	@peale	peale	0		D	
     	peale	peale	0		K	
     	pea	pea	le		S	sg all
rielnud	####	####				
       	#riielnud	riidle	nud		V	nud
:	:	:			Z	
Ärra	####	####				
    	#ära	ära	0		V	neg o
riidle	riidle	riidle	0		V	o
tühja	tühi	tühi	0		A	adt
     	tühi	tühi	0		A	sg g
     	tühi	tühi	0		A	sg p
     	£tühja	tühja	0		D	
,	,	,			Z	
just	@just	just	0		D	
    	just	just	0		I	
sepärrast	####	####				
         	#seepärast	see_pärast	0		D	
et	et	et	0		J	
riust	####	####				
     	#riiust	riid	st		S	sg el
peaseksime	####	####				
          	#pääseksime	pääse	ksime		V	ksime
,	,	,			Z	
olleme	####	####				
      	#oleme	ole	me		V	me
issekeskis	####	####				
          	#isekeskis	ise_keskis	0		D	
leppinud	leppi=nud	leppi=nud	0		A	
        	leppi=nud	leppi=nud	0		A	sg n
        	leppi=nu	leppi=nu	d		S	pl n
        	leppi=nud	leppi=nud	d		A	pl n
        	@leppinud	leppi	nud		V	nud
nende	@nende	see	de		P	pl g
     	tema	tema	de		P	pl g
meestega	meene	meene	tega		A	pl kom
        	@meestega	mees	tega		S	pl kom
,	,	,			Z	
kelle	kes	kes	0		P	pl g
     	@kes	kes	0		P	sg g
tükkid	####	####				
      	#tükid	tükk	d		S	pl n
siin	@siin	siin	0		D	
    	siin	siin	0		S	sg n
jöe	####	####				
   	#jõe	jõgi	0		S	sg g
pool	@pool	pool	0		K	
    	pool	pool	0		N	sg n
    	pool	pool	0		S	sg n
teed	tee	tee	d		S	pl n
    	@teed	tee	d		S	sg p
    	tege	tege	d		V	d
seiswad	seisev	seisev	d		A	pl n
       	£seisavad	seis	vad		V	vad
,	,	,			Z	
et	et	et	0		J	
meite	####	####				
     	#meie	mina	te		P	pl g
lehmad	lehmad	lehm	d		S	pl n
siin	@siin	siin	0		D	
    	siin	siin	0		S	sg n
omma	####	####				
    	#oma	oma	0		P	sg g
    	on	ole	0		V	vad
tükkide	tükkide	tükk	de		S	pl g
peal	peal	peal	0		D	
    	@peal	peal	0		K	
    	pea	pea	l		S	sg ad
süa	####	####				
   	#süüa	söö	a		V	da
woiwad	####	####				
      	#võivad	või	vad		V	vad
.	.	.			Z	
Teie	sina	sina	0		P	pl g
    	@teie	sina	0		P	pl n
söötke	söötke	sööt	ke		V	ge
keskpöllu	####	####				
         	#keskpõllu	kesk_põld	0		S	sg g
rentnikkudega	rentnikkudega	rentnik	dega		S	pl kom
teist	sina	sina	st		P	pl el
     	tee	tee	ist		S	pl el
     	teine	teine	t		O	sg p
     	@teist	teine	t		P	sg p
     	teist	teist	0		D	
pool	pool	pool	0		K	
    	pool	pool	0		N	sg n
    	pool	pool	0		S	sg n
    	£pool	pool	0		D	
teed	tee	tee	d		S	pl n
    	@teed	tee	d		S	sg p
    	tege	tege	d		V	d
issepäinis	####	####				
          	#isepäinis	ise_päinis	0		D	
ja	ja	ja	0		J	
nenda	####	####				
     	#nõnda	nõnda	0		D	
olgo	####	####				
    	#olgu	ole	gu		V	gu
siis	@siis	siis	0		D	
    	siis	siis	0		J	
iggauhhel	####	####				
         	#igaühel	igaüks	l		P	sg ad
rahhu	####	####				
     	#rahu	rahu	0		S	sg n
.	.	.			Z	
Sellepeale	sellepeale	selle_peale	0		D	
tulnud	tul=nud	tul=nud	0		A	
      	tul=nud	tul=nud	0		A	sg n
      	tul=nud	tul=nud	d		A	pl n
      	@tulnud	tule	nud		V	nud
      	tulnu	tulnu	d		S	pl n
Joh	####	####				
   	#Joh	Joh	0		Y	?
.	.	.			Z	
Kokla	####	####				
     	#Kokla	Kokla	0		H	sg g
poeg	poeg	poeg	0		S	sg n
Karl	Karl	Karl	0		H	sg n
Kokla	####	####				
     	#Kokla	Kokla	0		H	sg n
ka	ka	ka	0		D	
senna	senna	senna	0		S	sg g
     	senna	senna	0		S	sg n
     	£sinna	sinna	0		D	
et	et	et	0		J	
koddust	####	####				
       	#kodust	kodu	st		S	sg el
näinud	@näinud	näge	nud		V	nud
      	näi=nud	näi=nud	0		A	
      	näi=nud	näi=nud	0		A	sg n
      	näi=nud	näi=nud	d		A	pl n
      	näinu	näinu	d		S	pl n
      	näi	näi	nud		V	nud
kui	kui	kui	0		D	
   	@kui	kui	0		J	
T. Raja	####	####				
       	#T_._Raja	T_._Raja	0		H	sg n
läinud	läinud	läinud	0		A	
      	läinud	läinud	0		A	sg n
      	läinu	läinu	d		S	pl n
      	läinud	läinud	d		A	pl n
      	@läinud	mine	nud		V	nud
.	.	.			Z	
Ta	tema	tema	0		P	sg g
  	@ta	tema	0		P	sg n
öölnud	####	####				
      	#öelnud	ütle	nud		V	nud
:	:	:			Z	
Se	####	####				
  	#see	see	0		P	sg n
polle	####	####				
     	#pole	ole	0		V	neg o
mitte	mitte	mitte	0		D	
öige	####	####				
    	#õige	õige	0		A	sg n
!	!	!			Z	
Pühhapääw	####	####				
         	#pühapäev	püha_päev	0		S	sg n
ollid	####	####				
     	#olid	ole	id		V	sid
mehhed	####	####				
      	#mehed	mees	d		S	pl n
siins	####	####				
     	#siis	siis	0		D	
pöllal	####	####				
      	#põllul	põld	l		S	sg ad
koos	@koos	koos	0		D	
    	koos	koos	0		K	
    	koos	koos	0		S	sg n
    	kubu	kubu	s		S	sg in
ja	ja	ja	0		J	
andsid	andsid	and	sid		V	sid
sedda	####	####				
     	#seda	see	da		P	sg p
asja	asi	asi	0		S	adt
    	asi	asi	0		S	sg g
    	@asja	asi	0		S	sg p
siis	@siis	siis	0		D	
    	siis	siis	0		J	
minnu	####	####				
     	#minu	mina	0		P	sg g
toimetada	toimetada	toimeta	da		V	da
.	.	.			Z	
Siis	@siis	siis	0		D	
    	siis	siis	0		J	
teggin	####	####				
      	#tegin	tege	in		V	sin
rohkem	rohkem	rohkem	0		D	
healede	####	####				
       	#häälte	hääl	de		S	pl g
järrel	####	####				
      	#järel	järel	0		K	
otsust	otsust	otsus	t		S	sg p
,	,	,			Z	
et	et	et	0		J	
Eestpöld	####	####				
        	#eestpõld	eest_põld	0		S	sg n
peab	peab	pida	b		V	b
ühtlasi	ühtlane	ühtlane	i		A	pl p
       	@ühtlasi	ühtlasi	0		D	
ärrasodetud	####	####				
           	¤
sama	sama	sama	0		P	sg g
    	sama	sama	0		P	sg n
    	sama	sama	0		P	sg p
    	£saama	saa	ma		V	ma
,	,	,			Z	
teie	sina	sina	0		P	pl g
    	@teie	sina	0		P	pl n
ei	ei	ei	0		D	
  	@ei	ei	0		V	neg
wöi	####	####				
   	#või	või	0		V	o
agga	####	####				
    	#aga	aga	0		J	
tänna	tänna	tänna	0		D	
     	£täna	täna	0		D	
jälle	jälle	jälle	0		D	
uut	uut	uus	t		A	sg p
seadust	seadust	seadus	t		S	sg p
tehha	####	####				
     	#teha	tege	a		V	da
.	.	.			Z	
T. Raja	####	####				
       	#T_._Raja	T_._Raja	0		H	sg n
öölnud	####	####				
      	#öelnud	ütle	nud		V	nud
:	:	:			Z	
Teite	####	####				
     	#teie	sina	te		P	pl g
seadus	seadus	seadus	0		A	sg n
      	@seadus	seadus	0		S	sg n
      	seadu	seadu	s		V	s
ei	ei	ei	0		D	
  	@ei	ei	0		V	neg
pudu	pudu	pudu	0		S	sg g
    	pudu	pudu	0		S	sg n
    	pudu	pudu	0		S	sg p
    	£puutu	puutu	0		V	o
meitesse	####	####				
        	#meisse	mina	tesse		P	pl ill
.	.	.			Z	
Kui	kui	kui	0		D	
   	@kui	kui	0		J	
teie	sina	sina	0		P	pl g
    	@teie	sina	0		P	pl n
siin	@siin	siin	0		D	
    	siin	siin	0		S	sg n
Püh	####	####				
   	#Püh	Püh	0		Y	?
.	.	.			Z	
pä	####	####				
  	#pä	pä	0		Y	?
.	.	.			Z	
sedust	####	####				
      	#seadust	seadus	t		S	sg p
teggite	####	####				
       	#tegite	tege	ite		V	site
,	,	,			Z	
ei	ei	ei	0		D	
  	@ei	ei	0		V	neg
olnud	ol=nud	ol=nud	0		A	
     	ol=nud	ol=nud	0		A	sg n
     	ol=nud	ol=nud	d		A	pl n
     	@olnud	ole	nud		V	nud
     	olnu	olnu	d		S	pl n
jöe	####	####				
   	#jõe	jõgi	0		S	sg g
äre	####	####				
   	#ääre	äär	0		S	sg g
rentnikkudest	rentnikkudest	rentnik	dest		S	pl el
,	,	,			Z	
ennam	####	####				
     	#enam	enam	0		D	
kui	kui	kui	0		D	
   	@kui	kui	0		J	
kaks	kaks	kaks	0		N	sg n
meest	meene	meene	t		A	sg p
     	@meest	mees	t		S	sg p
     	mesi	mesi	st		S	sg el
seal	@seal	seal	0		D	
    	siga	siga	l		A	sg ad
    	siga	siga	l		S	sg ad
jures	####	####				
     	juures	juur	s		S	sg in
     	#juures	juures	0		D	
     	juures	juures	0		K	
,	,	,			Z	
needki	needki	see	d	ki	P	pl n
tullid	tull	tull	d		S	pl n
      	£tulid	tule	id		V	sid
enne	enne	enne	0		D	
    	@enne	enne	0		K	
    	enne	enne	0		S	sg n
otsuse	otsuse	otsus	0		S	sg g
tegemist	tegemist	tegemine	t		S	sg p
ärra	####	####				
    	#ära	ära	0		D	
    	ära	ära	0		V	neg o
,	,	,			Z	
et	et	et	0		J	
sega	sega	sega	0		V	o
    	£sellega	see	ga		P	sg kom
rahhul	####	####				
      	#rahul	rahul	0		D	
ei	ei	ei	0		D	
  	@ei	ei	0		V	neg
olnud	ol=nud	ol=nud	0		A	
     	ol=nud	ol=nud	0		A	sg n
     	ol=nud	ol=nud	d		A	pl n
     	@olnud	ole	nud		V	nud
     	olnu	olnu	d		S	pl n
.	.	.			Z	
Kui	kui	kui	0		D	
   	@kui	kui	0		J	
sa	sa	sina	0		P	sg n
mind	mind	mina	d		P	sg p
ei	ei	ei	0		D	
  	@ei	ei	0		V	neg
ussu	####	####				
    	#usu	usku	0		V	o
,	,	,			Z	
siis	siis	siis	0		D	
    	@siis	siis	0		J	
ütlen	ütlen	ütle	n		V	n
Tallitaja	####	####				
         	#talitaja	talitaja	0		S	sg n
nimmel	nimme	nimme	l		S	sg ad
      	£nimel	nimel	0		K	
,	,	,			Z	
et	et	et	0		J	
se	####	####				
  	#see	see	0		P	sg n
peab	peab	pida	b		V	b
nenda	####	####				
     	#nõnda	nõnda	0		D	
jäma	####	####				
    	#jääma	jää	ma		V	ma
;	;	;			Z	
sest	see	see	st		P	sg el
    	@sest	sest	0		J	
teie	sina	sina	0		P	pl g
    	@teie	sina	0		P	pl n
ei	ei	ei	0		D	
  	@ei	ei	0		V	neg
wöi	####	####				
   	#või	või	0		V	o
omma	####	####				
    	#oma	oma	0		P	sg g
    	on	ole	0		V	vad
heäldega	####	####				
        	#häältega	hääl	tega		S	pl kom
mitte	mitte	mitte	0		D	
wöera	####	####				
     	#võõra	võõras	0		A	sg g
warra	####	####				
     	#vara	vara	0		S	sg g
ärra	####	####				
    	#ära	ära	0		D	
    	ära	ära	0		V	neg o
risuda	####	####				
      	#riisuda	riisu	da		V	da
,	,	,			Z	
minna	mine	mine	a		V	da
     	£mina	mina	0		P	sg n
ei	ei	ei	0		D	
  	@ei	ei	0		V	neg
tulle	tuli	tuli	0		S	adt
     	tull	tull	e		S	pl p
     	£tule	tule	0		V	o
mitte	mitte	mitte	0		D	
sinna	sinna	sinna	0		D	
     	£sinu	sina	0		P	sg g
,	,	,			Z	
waid	vaid	vaid	0		D	
    	@vaid	vaid	0		J	
sinna	sinna	sinna	0		D	
     	£sina	sina	0		P	sg n
minnu	####	####				
     	#minu	mina	0		P	sg g
omma	####	####				
    	#oma	oma	0		P	sg g
    	on	ole	0		V	vad
,	,	,			Z	
omma	####	####				
    	#oma	oma	0		P	sg g
    	on	ole	0		V	vad
heäldega	####	####				
        	#häältega	hääl	tega		S	pl kom
käest	käest	käest	0		K	
     	@käsi	käsi	st		S	sg el
ärra	####	####				
    	#ära	ära	0		D	
    	ära	ära	0		V	neg o
wötma	####	####				
     	#võtma	võt	ma		V	ma
.	.	.			Z	
Ja	ja	ja	0		J	
sinna	sinna	sinna	0		D	
     	£sina	sina	0		P	sg n
olled	####	####				
     	#oled	ole	d		V	d
alles	alles	alles	0		D	
sitta	sitt	sitt	0		A	adt
     	sitt	sitt	0		A	sg p
     	sitt	sitt	0		S	adt
     	sitt	sitt	0		S	sg p
     	sitta	sitta	0		V	o
     	£sita	sitt	0		S	sg g
poisikenne	####	####				
          	#poisikene	poisikene	0		S	sg n
,	,	,			Z	
kas	kas	kas	0		D	
sinna	sinna	sinna	0		D	
     	£sina	sina	0		P	sg n
meite	####	####				
     	#meie	mina	te		P	pl g
maade	maade	maa	de		S	pl g
ülle	ülle	ülle	0		D	
    	üle	üle	0		D	
    	@üle	üle	0		K	
seadus	seadus	seadus	0		A	sg n
      	@seadus	seadus	0		S	sg n
      	seadu	seadu	s		V	s
teggia	####	####				
      	#tegija	tegija	0		S	sg n
olled	####	####				
     	#oled	ole	d		V	d
?	?	?			Z	
K. Kokla	####	####				
        	#K_._Kokla	K_._Kokla	0		H	sg n
wastanud	vasta=nud	vasta=nud	0		A	
        	vasta=nud	vasta=nud	0		A	sg n
        	vasta=nud	vasta=nud	d		A	pl n
        	vastanu	vastanu	d		S	pl n
        	@vastanud	vasta	nud		V	nud
:	:	:			Z	
siis	@siis	siis	0		D	
    	siis	siis	0		J	
olled	####	####				
     	#oled	ole	d		V	d
sinna	sinna	sinna	0		D	
     	£sina	sina	0		P	sg n
nisamma	####	####				
       	#niisama	nii_sama	0		D	
sittapoisikenne	####	####				
               	#sitapoisikene	sita_poisikene	0		S	sg n
.	.	.			Z	
Kui	kui	kui	0		D	
   	@kui	kui	0		J	
T. Raja	####	####				
       	#T_._Raja	T_._Raja	0		H	sg n
jubba	####	####				
     	#juba	juba	0		D	
ärratullemas	####	####				
            	#ära_tulemas	ära_tule	mas		V	mas
olnud	ol=nud	ol=nud	0		A	
     	ol=nud	ol=nud	0		A	sg n
     	ol=nud	ol=nud	d		A	pl n
     	@olnud	ole	nud		V	nud
     	olnu	olnu	d		S	pl n
,	,	,			Z	
öölnud	####	####				
      	#öelnud	ütle	nud		V	nud
L. Kokla	####	####				
        	#L_._Kokla	L_._Kokla	0		H	sg n
:	:	:			Z	
Thomas	Thomas	Thomas	0		H	sg g
      	@Thomas	Thomas	0		H	sg n
haistko	####	####				
       	#haistku	haist	ko		V	gu
mo	####	####				
  	#mu	mina	0		P	sg g
perset	perset	perse	t		S	sg p
,	,	,			Z	
ma	ma	mina	0		P	sg n
ei	ei	ei	0		D	
  	@ei	ei	0		V	neg
kula	kula	kula	0		S	sg g
    	kula	kula	0		S	sg n
    	kula	kula	0		S	sg p
    	£kuula	kuula	0		V	o
sest	@sest	see	st		P	sg el
    	sest	sest	0		J	
middagi	####	####				
       	#midagi	miski	da	gi	P	sg p
,	,	,			Z	
mis	mis	mis	0		P	pl n
   	@mis	mis	0		P	sg n
ta	tema	tema	0		P	sg g
  	@ta	tema	0		P	sg n
rägib	####	####				
     	#räägib	rääki	b		V	b
.	.	.			Z	
Kesknädali	####	####				
          	#kesknädala	kesk_nädal	0		S	sg g
hommiko	####	####				
       	#hommiku	hommik	0		S	sg g
tulnud	tul=nud	tul=nud	0		A	
      	tul=nud	tul=nud	0		A	sg n
      	tul=nud	tul=nud	d		A	pl n
      	@tulnud	tule	nud		V	nud
      	tulnu	tulnu	d		S	pl n
T. Raja	####	####				
       	#T_._Raja	T_._Raja	0		H	sg n
sömast	####	####				
      	#söömast	söö	mast		V	mast
ärra	####	####				
    	#ära	ära	0		D	
    	ära	ära	0		V	neg o
,	,	,			Z	
seisatanud	seisata=nud	seisata=nud	0		A	
          	seisata=nud	seisata=nud	0		A	sg n
          	seisata=nu	seisata=nu	d		S	pl n
          	seisata=nud	seisata=nud	d		A	pl n
          	@seisatanud	seisata	nud		V	nud
wabriko	####	####				
       	#vabriku	vabrik	0		S	sg g
silla	silla	sild	0		S	sg g
peal	peal	peal	0		D	
    	@peal	peal	0		K	
    	pea	pea	l		S	sg ad
teiste	teine	teine	te		O	pl g
      	@teiste	teine	te		P	pl g
meeste	meene	meene	te		A	pl g
      	@meeste	mees	te		S	pl g
jures	####	####				
     	juures	juur	s		S	sg in
     	juures	juures	0		D	
     	#juures	juures	0		K	
,	,	,			Z	
et	et	et	0		J	
kel	kes	kes	l		P	sg ad
   	£kell	kell	0		S	sg n
weel	@veel	veel	0		D	
    	vesi	vesi	l		S	sg ad
    	veel	vesi	l		S	sg ad
lönud	####	####				
     	#löönud	löö	nud		V	nud
ei	ei	ei	0		D	
  	@ei	ei	0		V	neg
olnud	ol=nud	ol=nud	0		A	
     	ol=nud	ol=nud	0		A	sg n
     	ol=nud	ol=nud	d		A	pl n
     	@olnud	ole	nud		V	nud
     	olnu	olnu	d		S	pl n
.	.	.			Z	
Seal	@seal	seal	0		D	
    	siga	siga	l		A	sg ad
    	siga	siga	l		S	sg ad
tulnud	tul=nud	tul=nud	0		A	
      	tul=nud	tul=nud	0		A	sg n
      	tul=nud	tul=nud	d		A	pl n
      	@tulnud	tule	nud		V	nud
      	tulnu	tulnu	d		S	pl n
Johann	Johann	Johann	0		H	sg n
Kokla	####	####				
     	#Kokla	Kokla	0		H	sg n
ja	ja	ja	0		J	
hakkanud	####	####				
        	#hakanud	hakka	nud		V	nud
tedda	####	####				
     	#teda	tema	da		P	sg p
hulga	hulga	hulga	0		D	
     	@hulga	hulk	0		S	sg g
meeste	meene	meene	te		A	pl g
      	@meeste	mees	te		S	pl g
kuuldes	@kuuldes	kuul	des		V	des
       	kuule	kuule	s		S	sg in
seal	@seal	seal	0		D	
    	siga	siga	l		A	sg ad
    	siga	siga	l		S	sg ad
laimama	laimama	laima	ma		V	ma
ja	ja	ja	0		J	
temmaga	####	####				
       	#temaga	tema	ga		P	sg kom
riidlema	riidlema	riidle	ma		V	ma
,	,	,			Z	
et	et	et	0		J	
mis	mis	mis	0		P	pl n
   	@mis	mis	0		P	sg n
ta	tema	tema	0		P	sg g
  	@ta	tema	0		P	sg n
pöldo	####	####				
     	#põldu	põld	0		S	adt
on	@on	ole	0		V	b
  	ole	ole	0		V	vad
otsinud	otsi=nud	otsi=nud	0		A	
       	otsi=nud	otsi=nud	0		A	sg n
       	otsi=nu	otsi=nu	d		S	pl n
       	otsi=nud	otsi=nud	d		A	pl n
       	@otsinud	otsi	nud		V	nud
tema	@tema	tema	0		P	sg g
    	tema	tema	0		P	sg n
naesega	####	####				
       	#naisega	naine	ga		S	sg kom
riidlemas	riidlemas	riidle	mas		V	mas
.	.	.			Z	
Temma	####	####				
     	#tema	tema	0		P	sg n
öölnud	####	####				
      	#öelnud	ütle	nud		V	nud
:	:	:			Z	
Kule	####	####				
    	#kuule	kuul	0		V	o
Kokla	####	####				
     	#Kokla	Kokla	0		H	sg n
,	,	,			Z	
seisa	seisa	seis	0		V	o
rahhu	####	####				
     	#rahus	rahus	0		D	
,	,	,			Z	
siin	@siin	siin	0		D	
    	siin	siin	0		S	sg n
polle	####	####				
     	#pole	ole	0		V	neg o
mitte	mitte	mitte	0		D	
se	####	####				
  	#see	see	0		P	sg n
koht	koht	koht	0		S	sg n
kus	kus	kus	0		D	
meie	mina	mina	0		P	pl g
    	@meie	mina	0		P	pl n
neid	neid	neid	0		S	sg n
    	@neid	see	d		P	pl p
    	tema	tema	d		P	pl p
asjo	####	####				
    	#asju	asi	0		S	pl p
öigeks	####	####				
      	#õigeks	õige	ks		A	sg tr
ajame	ajame	aja	me		V	me
,	,	,			Z	
mitte	mitte	mitte	0		D	
minna	mine	mine	a		V	da
     	£mina	mina	0		P	sg n
,	,	,			Z	
waid	vaid	vaid	0		D	
    	@vaid	vaid	0		J	
sinno	####	####				
     	#sinu	sina	0		P	sg g
naene	####	####				
     	#naine	naine	0		S	sg n
on	@on	ole	0		V	b
  	ole	ole	0		V	vad
se	####	####				
  	#see	see	0		P	sg n
kes	kes	kes	0		P	pl n
   	@kes	kes	0		P	sg n
pöldus	####	####				
      	#põllus	põld	s		S	sg in
allati	####	####				
      	#alati	alati	0		D	
teistega	teine	teine	tega		O	pl kom
        	@teistega	teine	tega		P	pl kom
riidleb	riidleb	riidle	b		V	b
.	.	.			Z	
Weel	@veel	veel	0		D	
    	vesi	vesi	l		S	sg ad
kaebab	kaebab	kaeba	b		V	b
T. Raja	####	####				
       	#T_._Raja	T_._Raja	0		H	sg n
,	,	,			Z	
et	et	et	0		J	
temma	####	####				
     	#tema	tema	0		P	sg g
     	tema	tema	0		P	sg n
lehm	lehm	lehm	0		S	sg n
pöldus	####	####				
      	#põllus	põld	s		S	sg in
(	(	(			Z	
T	T	T	0		Y	?
?	?	?			Z	
)	)	)			Z	
wigga	####	####				
     	#viga	viga	0		S	sg p
sanud	####	####				
     	#saanud	saa	nud		V	nud
,	,	,			Z	
et	et	et	0		J	
teist	sina	sina	st		P	pl el
     	tee	tee	ist		S	pl el
     	@teist	teine	t		O	sg p
     	teine	teine	t		P	sg p
     	teist	teist	0		D	
taggumist	####	####				
         	#tagumist	tagumine	t		A	sg p
jalga	jalg	jalg	0		S	adt
     	@jalga	jalg	0		S	sg p
     	jalga	jalga	0		D	
lonkab	lonkab	lonka	b		V	b
.	.	.			Z	
Karjapoisi	karjapoisi	karja_poiss	0		S	sg g
P. Maiwel	####	####				
         	#P_._Maivel	P_._Maiwel	0		H	sg n
tunnistusse	tunnistus	tunnistus	se		S	adt
           	£tunnistuse	tunnistus	0		S	sg g
järrel	####	####				
      	#järel	järel	0		K	
olla	olla	ole	a		V	da
L. Kokla	####	####				
        	#L_._Kokla	L_._Kokla	0		H	sg n
sedda	####	####				
     	#seda	see	da		P	sg p
lehma	lehm	lehm	0		S	adt
     	lehm	lehm	0		S	sg g
     	@lehma	lehm	0		S	sg p
pöldus	####	####				
      	#põllus	põld	s		S	sg in
tagga	####	####				
     	#taga	taga	0		D	
kihhutanud	####	####				
          	#kihutanud	kihuta	nud		V	nud
,	,	,			Z	
ja	ja	ja	0		J	
lehm	lehm	lehm	0		S	sg n
ülle	ülle	ülle	0		D	
    	üle	üle	0		D	
    	@üle	üle	0		K	
krawi	####	####				
     	#kraavi	kraav	0		S	sg g
hüppates	####	####				
        	#hüpates	hüppa	tes		V	des
otseti	otseti	otseti	0		D	
läinud	läinud	läinud	0		A	
      	läinud	läinud	0		A	sg n
      	läinu	läinu	d		S	pl n
      	läinud	läinud	d		A	pl n
      	@läinud	mine	nud		V	nud
,	,	,			Z	
agga	####	####				
    	#aga	aga	0		J	
kas	kas	kas	0		D	
ta	tema	tema	0		P	sg g
  	@ta	tema	0		P	sg n
sest	@sest	see	st		P	sg el
    	sest	sest	0		J	
wigga	####	####				
     	#viga	viga	0		S	sg p
sanud	####	####				
     	#saanud	saa	nud		V	nud
,	,	,			Z	
ei	ei	ei	0		D	
  	@ei	ei	0		V	neg
tea	tea	tead	0		V	o
temma	####	####				
     	tema	tema	0		P	sg g
     	#tema	tema	0		P	sg n
,	,	,			Z	
sest	see	see	st		P	sg el
    	@sest	sest	0		J	
et	et	et	0		J	
sedda	####	####				
     	#seda	see	da		P	sg p
tähhele	####	####				
       	#tähele	tähele	0		X	
ei	ei	ei	0		D	
  	@ei	ei	0		V	neg
pannud	pan=nud	pan=nud	0		A	
      	pan=nud	pan=nud	0		A	sg n
      	pan=nu	pan=nu	d		S	pl n
      	pan=nud	pan=nud	d		A	pl n
      	@pannud	pane	nud		V	nud
.	.	.			Z	
Agga	####	####				
    	#aga	aga	0		J	
et	et	et	0		J	
lehm	lehm	lehm	0		S	sg n
töeste	####	####				
      	#tõesti	tõesti	0		D	
lonkas	lonkas	lonka	s		V	s
,	,	,			Z	
sedda	####	####				
     	#seda	see	da		P	sg p
sai	@sai	saa	i		V	s
   	sai	sai	0		S	sg n
Tallitaja	####	####				
         	#talitaja	talitaja	0		S	sg n
abbimehhe	####	####				
         	#abimehe	abi_mees	0		S	sg g
H. Pissale	####	####				
          	#H_._Pisale	H_._Pissa	le		H	sg all
ka	ka	ka	0		D	
näidetud	####	####				
        	#näidatud	näita	tud		V	tud
.	.	.			Z	
Lena	####	####				
    	#Leena	Lena	0		H	sg n
Kokla	####	####				
     	#Kokla	Kokla	0		H	sg n
astus	astus	astu	s		V	s
ette	esi	esi	tte		S	adt
    	@ette	ette	0		D	
    	ette	ette	0		K	
ja	ja	ja	0		J	
ütles	ütles	ütle	s		V	s
,	,	,			Z	
et	et	et	0		J	
temma	####	####				
     	tema	tema	0		P	sg g
     	#tema	tema	0		P	sg n
omma	####	####				
    	#oma	oma	0		P	sg g
    	on	ole	0		V	vad
mehhe	####	####				
     	#mehe	mees	0		S	sg g
ja	ja	ja	0		J	
poja	@poja	poeg	0		S	sg g
    	poja	poja	0		S	sg g
    	poja	poja	0		S	sg n
    	poja	poja	0		S	sg p
kässu	####	####				
     	#käsu	käsk	0		S	sg g
peale	peale	peale	0		D	
     	@peale	peale	0		K	
     	pea	pea	le		S	sg all
pöldo	####	####				
     	#põldu	põld	0		S	adt
läinud	läinud	läinud	0		A	
      	läinud	läinud	0		A	sg n
      	läinu	läinu	d		S	pl n
      	läinud	läinud	d		A	pl n
      	@läinud	mine	nud		V	nud
,	,	,			Z	
et	et	et	0		J	
need	need	see	d		P	pl n
räkinud	####	####				
       	#rääkinud	rääki	nud		V	nud
,	,	,			Z	
et	et	et	0		J	
pöld	####	####				
    	#põld	põld	0		S	sg n
ühhes	####	####				
     	#ühes	ühes	0		D	
koos	@koos	koos	0		D	
    	koos	koos	0		K	
    	koos	koos	0		S	sg n
    	kubu	kubu	s		S	sg in
peab	peab	pida	b		V	b
ärrasödetud	####	####				
           	#ärasöödetud	ära_sööt	tud		V	tud
sama	sama	sama	0		P	sg g
    	sama	sama	0		P	sg n
    	sama	sama	0		P	sg p
    	£saama	saa	ma		V	ma
,	,	,			Z	
et	et	et	0		J	
mehhed	####	####				
      	#mehed	mees	d		S	pl n
seks	@seks	see	ks		P	sg tr
    	seks	seks	0		S	sg n
olla	olla	ole	a		V	da
kokko	####	####				
     	kokku	kogu	0		S	adt
     	#kokku	kokku	0		D	
leppinud	leppi=nud	leppi=nud	0		A	
        	leppi=nud	leppi=nud	0		A	sg n
        	leppi=nu	leppi=nu	d		S	pl n
        	leppi=nud	leppi=nud	d		A	pl n
        	@leppinud	leppi	nud		V	nud
.	.	.			Z	
Sepärrast	####	####				
         	#seepärast	see_pärast	0		D	
hoidnud	hoid=nud	hoid=nud	0		A	
       	hoid=nud	hoid=nud	0		A	sg n
       	hoid=nu	hoid=nu	d		S	pl n
       	hoid=nud	hoid=nud	d		A	pl n
       	@hoidnud	hoid	nud		V	nud
temma	####	####				
     	tema	tema	0		P	sg g
     	#tema	tema	0		P	sg n
ka	ka	ka	0		D	
need	need	see	d		P	pl n
lehmad	lehmad	lehm	d		S	pl n
wasto	####	####				
     	#vastu	vastu	0		D	
     	vastu	vastu	0		K	
.	.	.			Z	
Tunnistab	tunnistab	tunnista	b		V	b
walleks	####	####				
       	#valeks	vale	ks		S	sg tr
,	,	,			Z	
et	et	et	0		J	
temma	####	####				
     	tema	tema	0		P	sg g
     	#tema	tema	0		P	sg n
T. Rajat	####	####				
        	#T_._Rajat	T_._Raja	t		H	sg p
omma	####	####				
    	#oma	oma	0		P	sg g
    	on	ole	0		V	vad
perse	perse	perse	0		S	adt
     	perse	perse	0		S	sg g
     	@perse	perse	0		S	sg n
käskinud	käski=nud	käski=nud	0		A	
        	käski=nud	käski=nud	0		A	sg n
        	käski=nu	käski=nu	d		S	pl n
        	käski=nud	käski=nud	d		A	pl n
        	@käskinud	käski	nud		V	nud
haista	haist	haist	0		V	o
      	@haista	haist	a		V	da
.	.	.			Z	
Agga	####	####				
    	#aga	aga	0		J	
kaebab	kaebab	kaeba	b		V	b
,	,	,			Z	
et	et	et	0		J	
karjapois	karja_poi	karja_poi	s		S	sg in
         	£karjapoiss	karja_poiss	0		S	sg n
P. Maiwel	####	####				
         	#P_._Maivel	P_._Maiwel	0		H	sg n
tedda	####	####				
     	#teda	tema	da		P	sg p
sel	@sel	see	l		P	sg ad
   	sel	sel	0		Y	?
selsammal	####	####				
         	#selsamal	see_sama	l		P	sg ad
korral	@korral	kord	l		S	sg ad
      	korral	korral	0		D	
      	korral	korral	0		K	
olla	olla	ole	a		V	da
lönud	####	####				
     	#löönud	löö	nud		V	nud
ja	ja	ja	0		J	
mahha	####	####				
     	#maha	maha	0		D	
wiskanud	####	####				
        	#visanud	viska	nud		V	nud
ja	ja	ja	0		J	
isse	####	####				
    	#ise	ise	0		P	sg n
temma	####	####				
     	#tema	tema	0		P	sg g
     	tema	tema	0		P	sg n
selgas	####	####				
      	#seljas	selg	s		S	sg in
röhhunud	####	####				
        	#rõhunud	rõhu	nud		V	nud
.	.	.			Z	
Ka	ka	ka	0		D	
olla	olla	ole	a		V	da
T. Raja	####	####				
       	#T_._Raja	T_._Raja	0		H	sg n
seal	@seal	seal	0		D	
    	siga	siga	l		A	sg ad
    	siga	siga	l		S	sg ad
temma	####	####				
     	#tema	tema	0		P	sg g
     	tema	tema	0		P	sg n
poega	poeg	poeg	0		S	adt
     	@poega	poeg	0		S	sg p
     	pood	pood	ga		S	sg kom
tatninna-poisikesseks	####	####				
                     	#tattnina-poisikeseks	tatt_nina_poisike	ks		S	sg tr
söimanud	####	####				
        	#sõimanud	sõima	nud		V	nud
.	.	.			Z	
Selle	@selle	see	0		P	sg g
     	sell	sell	e		S	pl p
tunnistajad	tunnistajad	tunnistaja	d		S	pl n
olla	olla	ole	a		V	da
kaks	kaks	kaks	0		N	sg n
weikest	####	####				
       	#väikest	väike	t		S	sg p
tüdrukud	tüdruk	tüdruk	d		S	pl n
        	£tüdrukut	tüdruk	d		S	sg p
:	:	:			Z	
Marie	Marie	Marie	0		H	sg g
     	@Marie	Marie	0		H	sg n
Luisk	luisk	luisk	0		S	sg n
     	£Luisk	Luisk	0		H	sg n
ja	ja	ja	0		J	
Elwine	####	####				
      	#Elviine	Elwine	0		H	sg n
Mähle	####	####				
     	#Mähle	Mähle	0		H	sg n
.	.	.			Z	
Ka	ka	ka	0		D	
olla	olla	ole	a		V	da
Runtspakkipöllu	####	####				
               	#Runtspaki_põllu	Runtspaki_põld	0		S	sg g
karjane	karjane	karjane	0		S	sg n
Jürri	####	####				
     	#Jüri	Jürri	0		H	sg n
Transmann	####	####				
         	#Transmann	Transmann	0		H	sg n
pealt	@pealt	pealt	0		D	
     	pealt	pealt	0		K	
     	pea	pea	lt		S	sg abl
näinud	@näinud	näge	nud		V	nud
      	näi=nud	näi=nud	0		A	
      	näi=nud	näi=nud	0		A	sg n
      	näi=nud	näi=nud	d		A	pl n
      	näinu	näinu	d		S	pl n
      	näi	näi	nud		V	nud
,	,	,			Z	
kui	kui	kui	0		D	
   	@kui	kui	0		J	
P. Maiwel	####	####				
         	#P_._Maivel	P_._Maiwel	0		H	sg n
tedda	####	####				
     	#teda	tema	da		P	sg p
lönud	####	####				
     	#löönud	löö	nud		V	nud
.	.	.			Z	
Ja	ja	ja	0		J	
et	et	et	0		J	
temma	####	####				
     	tema	tema	0		P	sg g
     	#tema	tema	0		P	sg n
T. Raja	####	####				
       	#T_._Raja	T_._Raja	0		H	sg g
lehma	lehm	lehm	0		S	adt
     	lehm	lehm	0		S	sg g
     	@lehma	lehm	0		S	sg p
sel	@sel	see	l		P	sg ad
   	sel	sel	0		Y	?
päwal	####	####				
     	#päeval	päev	l		S	sg ad
polle	####	####				
     	#pole	ole	0		V	neg o
tagga	####	####				
     	#taga	taga	0		D	
kihhutand	####	####				
         	#kihutanud	kihuta	nd		V	nud
,	,	,			Z	
selle	@selle	see	0		P	sg g
     	sell	sell	e		S	pl p
tunnistaja	tunnistaja	tunnistaja	0		S	sg g
          	@tunnistaja	tunnistaja	0		S	sg n
olla	olla	ole	a		V	da
Jürri	####	####				
     	#Jüri	Jürri	0		H	sg n
Mähle	####	####				
     	#Mähle	Mähle	0		H	sg g
naene	####	####				
     	#naine	naine	0		S	sg n
Lena	####	####				
    	#Leena	Lena	0		H	sg n
,	,	,			Z	
kes	kes	kes	0		P	pl n
   	@kes	kes	0		P	sg n
keige	####	####				
     	#kõige	kõik	0		P	sg g
päwa	####	####				
    	#päeva	päev	0		S	sg g
ka	ka	ka	0		D	
pöllal	####	####				
      	#põllul	põld	l		S	sg ad
olnud	ol=nud	ol=nud	0		A	
     	ol=nud	ol=nud	0		A	sg n
     	ol=nud	ol=nud	d		A	pl n
     	@olnud	ole	nud		V	nud
     	olnu	olnu	d		S	pl n
,	,	,			Z	
kunni	####	####				
     	#kuni	kuni	0		D	
naad	####	####				
    	#nad	tema	d		P	pl n
pärrast	####	####				
       	pärast	pära	st		S	sg el
       	pärast	pärane	t		A	sg p
       	pärast	pärast	0		D	
       	#pärast	pärast	0		K	
löunat	####	####				
      	#lõunat	lõuna	t		S	sg p
kel	kes	kes	l		P	sg ad
   	£kell	kell	0		S	sg n
4	4	4	0		N	?
seltsis	@seltsis	seltsis	0		D	
       	seltsis	seltsis	0		K	
       	seltsi	seltsi	s		V	s
       	selts	selts	s		S	sg in
ärratulnud	####	####				
          	#ära_tulnud	ära_tule	nud		V	nud
.	.	.			Z	
Karl	Karl	Karl	0		H	sg n
Koka	koka	koka	0		S	sg g
    	koka	koka	0		S	sg n
    	kokk	kokk	0		S	sg g
    	£Kokla	Kokla	0		H	sg n
astus	astus	astu	s		V	s
ette	esi	esi	tte		S	adt
    	@ette	ette	0		D	
    	ette	ette	0		K	
ja	ja	ja	0		J	
räkis	####	####				
     	#rääkis	rääki	s		V	s
wälja	väli	väli	0		S	adt
     	väli	väli	0		S	sg g
     	väli	väli	0		S	sg p
     	@välja	välja	0		D	
     	välja	välja	0		V	o
     	välja	väli	0		S	adt
     	välja	väli	0		S	sg g
     	välja	väli	0		S	sg p
,	,	,			Z	
et	et	et	0		J	
temma	####	####				
     	tema	tema	0		P	sg g
     	#tema	tema	0		P	sg n
sel	@sel	see	l		P	sg ad
   	sel	sel	0		Y	?
päwal	####	####				
     	#päeval	päev	l		S	sg ad
pöllale	####	####				
       	#põllule	põld	le		S	sg all
läinud	läinud	läinud	0		A	
      	läinud	läinud	0		A	sg n
      	läinu	läinu	d		S	pl n
      	läinud	läinud	d		A	pl n
      	@läinud	mine	nud		V	nud
et	et	et	0		J	
omma	####	####				
    	#oma	oma	0		P	sg g
    	on	ole	0		V	vad
emma	####	####				
    	#ema	ema	0		S	sg g
heale	hea	hea	le		A	sg all
     	hea	hea	le		S	sg all
     	£hääle	hääl	0		S	sg g
kojo	####	####				
    	#koju	kodu	0		S	adt
kuulnud	kuul=nud	kuul=nud	0		A	
       	kuul=nud	kuul=nud	0		A	sg n
       	kuul=nud	kuul=nud	d		A	pl n
       	kuulnu	kuulnu	d		S	pl n
       	@kuulnud	kuul	nud		V	nud
(	(	(			Z	
mis	mis	mis	0		P	pl n
   	@mis	mis	0		P	sg n
agga	####	####				
    	#aga	aga	0		J	
tössi	töss	töss	0		S	adt
     	töss	töss	0		S	sg g
     	töss	töss	0		S	sg p
     	£tõsi	tõsi	0		S	sg n
ei	ei	ei	0		D	
  	@ei	ei	0		V	neg
wöi	####	####				
   	#või	või	0		V	o
olla	olla	ole	a		V	da
,	,	,			Z	
sest	see	see	st		P	sg el
    	@sest	sest	0		J	
et	et	et	0		J	
liggi	####	####				
     	#ligi	ligi	0		D	
werst	verst	verst	0		S	sg n
maad	maa	maa	d		S	pl n
    	@maad	maa	d		S	sg p
sedda	####	####				
     	#seda	see	da		P	sg p
wahhet	####	####				
      	#vahet	vahe	t		S	sg p
on	@on	ole	0		V	b
  	ole	ole	0		V	vad
.	.	.			Z	
)	)	)			Z	
Kui	kui	kui	0		D	
   	@kui	kui	0		J	
senna	senna	senna	0		S	sg g
     	senna	senna	0		S	sg n
     	£sinna	sinna	0		D	
sanud	####	####				
     	#saanud	saa	nud		V	nud
,	,	,			Z	
olnud	ol=nud	ol=nud	0		A	
     	ol=nud	ol=nud	0		A	sg n
     	ol=nud	ol=nud	d		A	pl n
     	@olnud	ole	nud		V	nud
     	olnu	olnu	d		S	pl n
T. Raja	####	####				
       	#T_._Raja	T_._Raja	0		H	sg n
seal	@seal	seal	0		D	
    	siga	siga	l		A	sg ad
    	siga	siga	l		S	sg ad
ja	ja	ja	0		J	
tahtnud	taht=nud	taht=nud	0		A	
       	taht=nud	taht=nud	0		A	sg n
       	taht=nu	taht=nu	d		S	pl n
       	taht=nud	taht=nud	d		A	pl n
       	@tahtnud	taht	nud		V	nud
seadusseks	####	####				
          	#seaduseks	seadus	ks		S	sg tr
tehha	####	####				
     	#teha	tege	a		V	da
,	,	,			Z	
et	et	et	0		J	
jöe	####	####				
   	#jõe	jõgi	0		S	sg g
äre	####	####				
   	#ääre	äär	0		S	sg g
rentnikkude	rentnikkude	rentnik	de		S	pl g
lehmad	lehmad	lehm	d		S	pl n
isseärranis	####	####				
           	#iseäranis	ise_äranis	0		D	
omma	####	####				
    	#oma	oma	0		P	sg g
    	on	ole	0		V	vad
tükkid	####	####				
      	#tükid	tükk	d		S	pl n
peal	peal	peal	0		D	
    	@peal	peal	0		K	
    	pea	pea	l		S	sg ad
peawad	peavad	pida	vad		V	vad
söma	####	####				
    	#sööma	söö	ma		V	ma
.	.	.			Z	
Temma	####	####				
     	#tema	tema	0		P	sg n
öölnud	####	####				
      	#öelnud	ütle	nud		V	nud
:	:	:			Z	
Se	####	####				
  	#see	see	0		P	sg n
ei	ei	ei	0		D	
  	@ei	ei	0		V	neg
lähhe	####	####				
     	#lähe	mine	0		V	neg o
korda	@korda	kord	0		S	adt
     	kord	kord	0		S	sg p
     	korda	korda	0		V	o
!	!	!			Z	
Sest	see	see	st		P	sg el
    	@sest	sest	0		J	
pühhapääw	####	####				
         	#pühapäev	püha_päev	0		S	sg n
alle	####	####				
    	#alles	alles	0		D	
steggime	####	####				
        	#tegime	tege	ime		V	sime
seadust	seadust	seadus	t		S	sg p
,	,	,			Z	
et	et	et	0		J	
keik	####	####				
    	kõik	kõik	0		P	pl n
    	#kõik	kõik	0		P	sg n
pöld	####	####				
    	#põld	põld	0		S	sg n
ühtlasi	ühtlane	ühtlane	i		A	pl p
       	@ühtlasi	ühtlasi	0		D	
peab	peab	pida	b		V	b
södetud	####	####				
       	#söödetud	sööt	tud		V	tud
sama	sama	sama	0		P	sg g
    	sama	sama	0		P	sg n
    	sama	sama	0		P	sg p
    	£saama	saa	ma		V	ma
.	.	.			Z	
Ado	Ado	Ado	0		H	sg g
   	@Ado	Ado	0		H	sg n
Mäeumbaed	####	####				
         	#Mäeumbaed	Mäeumbaed	0		H	sg n
ja	ja	ja	0		J	
Jaen	####	####				
    	#Jaan	Jaen	0		H	sg n
Kanker	####	####				
      	#Kanker	Kanker	0		H	sg n
ollid	####	####				
     	#olid	ole	id		V	sid
ka	ka	ka	0		D	
siin	@siin	siin	0		D	
    	siin	siin	0		S	sg n
ju	ju	ju	0		D	
  	¤
´	’	’			Z	
res	####	####				
   	¤
,	,	,			Z	
kes	kes	kes	0		P	pl n
   	@kes	kes	0		P	sg n
jöe	####	####				
   	#jõe	jõgi	0		S	sg g
äre	####	####				
   	#ääre	äär	0		S	sg g
rentnikkud	####	####				
          	#rentnikud	rentnik	d		S	pl n
on	@on	ole	0		V	b
  	ole	ole	0		V	vad
,	,	,			Z	
ja	ja	ja	0		J	
neil	see	see	l		P	pl ad
    	@neil	tema	l		P	pl ad
polnud	polnud	ole	nud		V	neg nud
middagi	####	####				
       	#midagi	miski	da	gi	P	sg p
selle	@selle	see	0		P	sg g
     	sell	sell	e		S	pl p
wasto	####	####				
     	vastu	vastu	0		D	
     	#vastu	vastu	0		K	
.	.	.			Z	
Seal	@seal	seal	0		D	
    	siga	siga	l		A	sg ad
    	siga	siga	l		S	sg ad
söimanud	####	####				
        	#sõimanud	sõima	nud		V	nud
T. Raja	####	####				
       	#T_._Raja	T_._Raja	0		H	sg n
tedda	####	####				
     	#teda	tema	da		P	sg p
tatninnapoisiks	####	####				
               	#tattninapoisiks	tatt_nina_poiss	ks		S	sg tr
ja	ja	ja	0		J	
küssinud	####	####				
        	#küsinud	küsi	nud		V	nud
temma	####	####				
     	#tema	tema	0		P	sg g
     	tema	tema	0		P	sg n
käest	@käest	käest	0		K	
     	käsi	käsi	st		S	sg el
:	:	:			Z	
Kule	####	####				
    	#kuule	kuul	0		V	o
,	,	,			Z	
kas	kas	kas	0		D	
so	so	so	0		Y	?
  	£su	sina	0		P	sg g
emma	####	####				
    	#ema	ema	0		S	sg n
on	@on	ole	0		V	b
  	ole	ole	0		V	vad
rummal	####	####				
      	#rumal	rumal	0		A	sg n
,	,	,			Z	
et	et	et	0		J	
ta	tema	tema	0		P	sg g
  	@ta	tema	0		P	sg n
nenda	####	####				
     	#nõnda	nõnda	0		D	
lomi	####	####				
    	#loomi	loom	i		S	pl p
kihhutab	####	####				
        	#kihutab	kihuta	b		V	b
?	?	?			Z	
Jaen	####	####				
    	#Jaan	Jaen	0		H	sg n
Kanker	####	####				
      	#Kanker	Kanker	0		H	sg n
naene	####	####				
     	#naine	naine	0		S	sg n
Ann	Ann	Ann	0		H	sg n
,	,	,			Z	
Andr	####	####				
    	#Andr	Andr	0		Y	?
.	.	.			Z	
Pissa	####	####				
     	#Pisa	Pissa	0		H	sg g
naene	####	####				
     	#naine	naine	0		S	sg n
Ingel	Inge	Inge	l		H	sg ad
     	ingel	ingel	0		S	sg n
     	£Ingel	Ingel	0		H	sg n
ja	ja	ja	0		J	
Kersti	Kersti	Kersti	0		H	sg g
      	@Kersti	Kersti	0		H	sg n
Tarning	tarning	tarning	0		S	sg n
       	£Tarning	Tarning	0		H	sg n
astusid	astusid	astu	sid		V	sid
ette	esi	esi	tte		S	adt
    	@ette	ette	0		D	
    	ette	ette	0		K	
ja	ja	ja	0		J	
tunnistasid	tunnistasid	tunnista	sid		V	sid
,	,	,			Z	
et	et	et	0		J	
Lena	####	####				
    	#Leena	Lena	0		H	sg n
Kokla	####	####				
     	#Kokla	Kokla	0		H	sg n
neid	neid	neid	0		S	sg n
    	see	see	d		P	pl p
    	@neid	tema	d		P	pl p
lehmi	lehmi	lehm	i		S	pl p
omma	####	####				
    	#oma	oma	0		P	sg g
    	on	ole	0		V	vad
tükkide	tükkide	tükk	de		S	pl g
peale	peale	peale	0		D	
     	@peale	peale	0		K	
     	pea	pea	le		S	sg all
polle	####	####				
     	#pole	ole	0		V	neg o
lasknud	lask=nud	lask=nud	0		A	
       	lask=nud	lask=nud	0		A	sg n
       	lask=nu	lask=nu	d		S	pl n
       	lask=nud	lask=nud	d		A	pl n
       	@lasknud	lask	nud		V	nud
ajada	ajada	aja	da		V	da
,	,	,			Z	
waid	vaid	vaid	0		D	
    	@vaid	vaid	0		J	
te	sina	sina	0		P	pl g
  	sina	sina	0		P	pl n
  	£tee	tee	0		S	sg g
peal	peal	peal	0		D	
    	@peal	peal	0		K	
    	pea	pea	l		S	sg ad
ees	@ees	ees	0		D	
   	ees	ees	0		K	
   	esi	esi	s		S	sg in
seisnud	seis=nud	seis=nud	0		A	
       	seis=nud	seis=nud	0		A	sg n
       	seis=nu	seis=nu	d		S	pl n
       	seis=nud	seis=nud	d		A	pl n
       	@seisnud	seis	nud		V	nud
ja	ja	ja	0		J	
ikka	iga	iga	0		S	adt
    	@ikka	ikka	0		D	
rielnud	####	####				
       	#riielnud	riidle	nud		V	nud
.	.	.			Z	
Pannud	pan=nud	pan=nud	0		A	
      	pan=nud	pan=nud	0		A	sg n
      	pan=nu	pan=nu	d		S	pl n
      	pan=nud	pan=nud	d		A	pl n
      	@pannud	pane	nud		V	nud
weel	@veel	veel	0		D	
    	vesi	vesi	l		S	sg ad
    	veel	vesi	l		S	sg ad
pölwili	####	####				
       	#põlvili	põlvili	0		D	
mahha	####	####				
     	#maha	maha	0		D	
,	,	,			Z	
lönud	####	####				
     	#löönud	löö	nud		V	nud
witsaga	vitsaga	vits	ga		S	sg kom
wasto	####	####				
     	vastu	vastu	0		D	
     	#vastu	vastu	0		K	
maad	maa	maa	d		S	pl n
    	@maad	maa	d		S	sg p
ja	ja	ja	0		J	
öölnud	####	####				
      	#öelnud	ütle	nud		V	nud
:	:	:			Z	
Raiugu	raiugu	raiu	gu		V	gu
mo	####	####				
  	#mu	mina	0		P	sg g
pea	pea	pea	0		D	
   	pea	pea	0		S	sg g
   	@pea	pea	0		S	sg n
   	pida	pida	0		V	o
otsast	otsast	otsast	0		K	
      	@otsast	ots	st		S	sg el
ärra	####	####				
    	#ära	ära	0		D	
    	ära	ära	0		V	neg o
,	,	,			Z	
sedda	####	####				
     	#seda	see	da		P	sg p
ei	ei	ei	0		D	
  	@ei	ei	0		V	neg
pea	pea	pea	0		D	
   	pea	pea	0		S	sg g
   	pea	pea	0		S	sg n
   	@pea	pida	0		V	o
sama	sama	sama	0		P	sg g
    	sama	sama	0		P	sg n
    	sama	sama	0		P	sg p
    	£saama	saa	ma		V	ma
.	.	.			Z	
Pöld	####	####				
    	#põld	põld	0		S	sg n
peab	peab	pida	b		V	b
ühhes	####	####				
     	#ühes	ühes	0		D	
koos	@koos	koos	0		D	
    	koos	koos	0		K	
    	koos	koos	0		S	sg n
    	kubu	kubu	s		S	sg in
ärrasödetud	####	####				
           	#ärasöödetud	ära_sööt	tud		V	tud
sama	sama	sama	0		P	sg g
    	sama	sama	0		P	sg n
    	sama	sama	0		P	sg p
    	£saama	saa	ma		V	ma
.	.	.			Z	
Ja	ja	ja	0		J	
kui	kui	kui	0		D	
   	@kui	kui	0		J	
karjapois	karja_poi	karja_poi	s		S	sg in
         	£karjapoiss	karja_poiss	0		S	sg n
Peter	Peeter	Peter	0		H	sg n
Maiwel	####	####				
      	#Maivel	Maiwel	0		H	sg n
siiski	siiski	siiski	0		D	
lehmad	lehmad	lehm	d		S	pl n
omma	####	####				
    	#oma	oma	0		P	sg g
    	on	ole	0		V	vad
tükkide	tükkide	tükk	de		S	pl g
peale	peale	peale	0		D	
     	@peale	peale	0		K	
     	pea	pea	le		S	sg all
ajanud	aja=nud	aja=nud	0		A	
      	aja=nud	aja=nud	0		A	sg n
      	aja=nu	aja=nu	d		S	pl n
      	aja=nud	aja=nud	d		A	pl n
      	@ajanud	aja	nud		V	nud
,	,	,			Z	
läinud	läinud	läinud	0		A	
      	läinud	läinud	0		A	sg n
      	läinu	läinu	d		S	pl n
      	läinud	läinud	d		A	pl n
      	@läinud	mine	nud		V	nud
ta	tema	tema	0		P	sg g
  	@ta	tema	0		P	sg n
jookstes	joostes	jooks	tes		V	des
senna	senna	senna	0		S	sg g
     	senna	senna	0		S	sg n
     	£sinna	sinna	0		D	
,	,	,			Z	
annud	####	####				
     	#andnud	and	nud		V	nud
Peter	Peeter	Peter	0		H	sg n
Maiwelile	####	####				
         	#Maivelile	Maiwel	le		H	sg all
4	4	4	0		N	?
kuni	@kuni	kuni	0		J	
    	kuni	kuni	0		K	
5	5	5	0		N	?
hopi	####	####				
    	#hoopi	hoop	0		S	sg p
witsaga	vitsaga	vits	ga		S	sg kom
pihta	piht	piht	0		S	adt
     	piht	piht	0		S	sg p
     	@pihta	pihta	0		D	
     	pihta	pihta	0		K	
     	pihta	pihta	0		V	o
.	.	.			Z	
Peter	Peeter	Peter	0		H	sg n
Maiwel	####	####				
      	#Maivel	Maiwel	0		H	sg n
wötnud	####	####				
      	#võtnud	võt	nud		V	nud
witsa	vits	vits	0		S	adt
     	@vitsa	vits	0		S	sg g
     	vits	vits	0		S	sg p
ta	@ta	tema	0		P	sg g
  	tema	tema	0		P	sg n
käest	@käest	käest	0		K	
     	käsi	käsi	st		S	sg el
ärra	####	####				
    	#ära	ära	0		D	
    	ära	ära	0		V	neg o
.	.	.			Z	
Siis	@siis	siis	0		D	
    	siis	siis	0		J	
hüüdnud	hüüd=nud	hüüd=nud	0		A	
       	hüüd=nud	hüüd=nud	0		A	sg n
       	hüüd=nu	hüüd=nu	d		S	pl n
       	hüüd=nud	hüüd=nud	d		A	pl n
       	@hüüdnud	hüüd	nud		V	nud
T. Raja	####	####				
       	#T_._Raja	T_._Raja	0		H	sg g
naene	####	####				
     	#naine	naine	0		S	sg n
Marri	####	####				
     	#Mari	Marri	0		H	sg n
:	:	:			Z	
Peter	Peeter	Peter	0		H	sg n
,	,	,			Z	
ärra	####	####				
    	ära	ära	0		D	
    	#ära	ära	0		V	neg o
lö	####	####				
  	#löö	löö	0		V	o
tedda	####	####				
     	#teda	tema	da		P	sg p
mitte	mitte	mitte	0		D	
wasto	####	####				
     	#vastu	vastu	0		D	
     	vastu	vastu	0		K	
,	,	,			Z	
minne	####	####				
     	#mine	mine	0		V	o
agga	####	####				
    	#aga	aga	0		J	
eest	@eest	eest	0		D	
    	eest	eest	0		K	
    	esi	esi	st		S	sg el
ärra	####	####				
    	#ära	ära	0		D	
    	ära	ära	0		V	neg o
!	!	!			Z	
Ja	ja	ja	0		J	
P. Maiwel	####	####				
         	#P_._Maivel	P_._Maiwel	0		H	sg n
polle	####	####				
     	#pole	ole	0		V	neg o
tedda	####	####				
     	#teda	tema	da		P	sg p
mitte	mitte	mitte	0		D	
wasto	####	####				
     	#vastu	vastu	0		D	
     	vastu	vastu	0		K	
lönud	####	####				
     	#löönud	löö	nud		V	nud
,	,	,			Z	
waid	vaid	vaid	0		D	
    	@vaid	vaid	0		J	
pannud	pan=nud	pan=nud	0		A	
      	pan=nud	pan=nud	0		A	sg n
      	pan=nu	pan=nu	d		S	pl n
      	pan=nud	pan=nud	d		A	pl n
      	@pannud	pane	nud		V	nud
jooksu	@jooksu	jooks	0		S	adt
      	jooks	jooks	0		S	sg g
      	jooks	jooks	0		S	sg p
.	.	.			Z	
L. Kokla	####	####				
        	#L_._Kokla	L_._Kokla	0		H	sg n
jooksnud	jooks=nud	jooks=nud	0		A	
        	jooks=nud	jooks=nud	0		A	sg n
        	jooks=nu	jooks=nu	d		S	pl n
        	jooks=nud	jooks=nud	d		A	pl n
        	@jooksnud	jooks	nud		V	nud
ta	@ta	tema	0		P	sg g
  	tema	tema	0		P	sg n
järrel	####	####				
      	#järel	järel	0		K	
,	,	,			Z	
kukkunud	kukku=nud	kukku=nud	0		A	
        	kukku=nud	kukku=nud	0		A	sg n
        	kukku=nu	kukku=nu	d		S	pl n
        	kukku=nud	kukku=nud	d		A	pl n
        	@kukkunud	kukku	nud		V	nud
krawi	####	####				
     	#kraavi	kraav	0		S	sg g
kaldale	kaldale	kallas	le		S	sg all
mahha	####	####				
     	#maha	maha	0		D	
ja	ja	ja	0		J	
wiskanud	####	####				
        	#visanud	viska	nud		V	nud
siis	@siis	siis	0		D	
    	siis	siis	0		J	
mullatükkidega	mullatükkidega	mulla_tükk	dega		S	pl kom
weel	@veel	veel	0		D	
    	vesi	vesi	l		S	sg ad
    	veel	vesi	l		S	sg ad
P. Maiwel	####	####				
         	#P_._Maivel	P_._Maiwel	0		H	sg n
järrel	####	####				
      	#järel	järel	0		K	
.	.	.			Z	
Ka	ka	ka	0		D	
tunnistawad	tunnista=v	tunnista=v	d		A	pl n
           	@tunnistavad	tunnista	vad		V	vad
naad	####	####				
    	#nad	tema	d		P	pl n
,	,	,			Z	
et	et	et	0		J	
L. Kokla	####	####				
        	#L_._Kokla	L_._Kokla	0		H	sg n
T. Rajat	####	####				
        	#T_._Rajat	T_._Raja	t		H	sg p
omma	####	####				
    	#oma	oma	0		P	sg g
    	on	ole	0		V	vad
perse	perse	perse	0		S	adt
     	perse	perse	0		S	sg g
     	@perse	perse	0		S	sg n
käskinud	käski=nud	käski=nud	0		A	
        	käski=nud	käski=nud	0		A	sg n
        	käski=nu	käski=nu	d		S	pl n
        	käski=nud	käski=nud	d		A	pl n
        	@käskinud	käski	nud		V	nud
haista	haist	haist	0		V	o
      	@haista	haist	a		V	da
kui	kui	kui	0		D	
   	@kui	kui	0		J	
T. Raja	####	####				
       	#T_._Raja	T_._Raja	0		H	sg n
ärratullemas	####	####				
            	#ära_tulemas	ära_tule	mas		V	mas
olnud	ol=nud	ol=nud	0		A	
     	ol=nud	ol=nud	0		A	sg n
     	ol=nud	ol=nud	d		A	pl n
     	@olnud	ole	nud		V	nud
     	olnu	olnu	d		S	pl n
ja	ja	ja	0		J	
ütlewad	@ütlevad	ütle	vad		V	vad
       	ütlev	ütlev	d		A	pl n
,	,	,			Z	
et	et	et	0		J	
T. Raja	####	####				
       	#T_._Raja	T_._Raja	0		H	sg n
K. Koklale	####	####				
          	#K_._Koklale	K_._Kokla	le		H	sg all
mitte	mitte	mitte	0		D	
tatninna	####	####				
        	#tattnina	tatt_nina	0		S	sg n
,	,	,			Z	
waid	vaid	vaid	0		D	
    	@vaid	vaid	0		J	
sittapoisikenne	####	####				
               	#sitapoisikene	sita_poisikene	0		S	sg n
on	@on	ole	0		V	b
  	ole	ole	0		V	vad
öölnud	####	####				
      	#öelnud	ütle	nud		V	nud
.	.	.			Z	
Marie	Marie	Marie	0		H	sg g
     	@Marie	Marie	0		H	sg n
Luisk	luisk	luisk	0		S	sg n
     	£Luisk	Luisk	0		H	sg n
15	15	15	0		N	?
a	a	a	0		Y	?
wanna	####	####				
     	#vana	vana	0		A	sg n
     	vana	vana	0		A	sg g
     	vana	vana	0		A	sg p
     	vana	vana	0		S	sg n
     	vana	vana	0		S	sg g
     	vana	vana	0		S	sg p
ja	ja	ja	0		J	
Elwine	####	####				
      	#Elviine	Elwine	0		H	sg n
Mähle	####	####				
     	#Mähle	Mähle	0		H	sg n
12	12	12	0		N	?
a	a	a	0		Y	?
wanna	####	####				
     	#vana	vana	0		A	sg n
     	vana	vana	0		A	sg g
     	vana	vana	0		A	sg p
     	vana	vana	0		S	sg n
     	vana	vana	0		S	sg g
     	vana	vana	0		S	sg p
,	,	,			Z	
astusid	astusid	astu	sid		V	sid
ette	esi	esi	tte		S	adt
    	@ette	ette	0		D	
    	ette	ette	0		K	
ja	ja	ja	0		J	
tunnistasid	tunnistasid	tunnista	sid		V	sid
,	,	,			Z	
et	et	et	0		J	
P. Maiwel	####	####				
         	#P_._Maivel	P_._Maiwel	0		H	sg n
L. Koklale	####	####				
          	#L_._Koklale	L_._Kokla	le		H	sg all
on	@on	ole	0		V	b
  	ole	ole	0		V	vad
seal	@seal	seal	0		D	
    	siga	siga	l		A	sg ad
    	siga	siga	l		S	sg ad
lönud	####	####				
     	#löönud	löö	nud		V	nud
ja	ja	ja	0		J	
mahha	####	####				
     	#maha	maha	0		D	
pannud	pan=nud	pan=nud	0		A	
      	pan=nud	pan=nud	0		A	sg n
      	pan=nu	pan=nu	d		S	pl n
      	pan=nud	pan=nud	d		A	pl n
      	@pannud	pane	nud		V	nud
ja	ja	ja	0		J	
et	et	et	0		J	
T. Raja	####	####				
       	#T_._Raja	T_._Raja	0		H	sg n
K. Koklale	####	####				
          	#K_._Koklale	K_._Kokla	le		H	sg all
mitte	mitte	mitte	0		D	
sitta	sitt	sitt	0		A	adt
     	sitt	sitt	0		A	sg p
     	sitt	sitt	0		S	adt
     	sitt	sitt	0		S	sg p
     	sitta	sitta	0		V	o
     	£sita	sitt	0		S	sg g
,	,	,			Z	
waid	vaid	vaid	0		D	
    	@vaid	vaid	0		J	
tatninnapoisike	####	####				
               	#tattninapoisike	tatt_nina_poisike	0		S	sg n
on	@on	ole	0		V	b
  	ole	ole	0		V	vad
öölnud	####	####				
      	#öelnud	ütle	nud		V	nud
.	.	.			Z	
Peter	Peeter	Peter	0		H	sg n
Maiwel	####	####				
      	#Maivel	Maiwel	0		H	sg n
(	(	(			Z	
karjapois	karja_poi	karja_poi	s		S	sg in
         	£karjapoiss	karja_poiss	0		S	sg n
)	)	)			Z	
astus	astus	astu	s		V	s
ette	esi	esi	tte		S	adt
    	@ette	ette	0		D	
    	ette	ette	0		K	
ja	ja	ja	0		J	
kaebas	kaebas	kaeba	s		V	s
,	,	,			Z	
et	et	et	0		J	
L. Kokla	####	####				
        	#L_._Kokla	L_._Kokla	0		H	sg n
selpäwal	####	####				
        	#sel_päeval	sel_päev	l		S	sg ad
pöldus	####	####				
      	#põllus	põld	s		S	sg in
tedda	####	####				
     	#teda	tema	da		P	sg p
lehmawitsaga	lehmavitsaga	lehma_vits	ga		S	sg kom
4	4	4	0		N	?
hopi	####	####				
    	#hoopi	hoop	0		S	sg p
lönud	####	####				
     	#löönud	löö	nud		V	nud
,	,	,			Z	
et	et	et	0		J	
temma	####	####				
     	tema	tema	0		P	sg g
     	#tema	tema	0		P	sg n
meeste	meene	meene	te		A	pl g
      	@meeste	mees	te		S	pl g
kässu	####	####				
     	#käsu	käsk	0		S	sg g
peale	peale	peale	0		D	
     	@peale	peale	0		K	
     	pea	pea	le		S	sg all
lehmad	lehmad	lehm	d		S	pl n
omma	####	####				
    	#oma	oma	0		P	sg g
    	on	ole	0		V	vad
tükkide	tükkide	tükk	de		S	pl g
peale	peale	peale	0		D	
     	@peale	peale	0		K	
     	pea	pea	le		S	sg all
ajanud	aja=nud	aja=nud	0		A	
      	aja=nud	aja=nud	0		A	sg n
      	aja=nu	aja=nu	d		S	pl n
      	aja=nud	aja=nud	d		A	pl n
      	@ajanud	aja	nud		V	nud
.	.	.			Z	
Tunnistajad	tunnistajad	tunnistaja	d		S	pl n
said	said	saa	id		V	sid
siis	@siis	siis	0		D	
    	siis	siis	0		J	
weel	@veel	veel	0		D	
    	vesi	vesi	l		S	sg ad
    	veel	vesi	l		S	sg ad
suud	@suud	suu	d		S	pl n
    	suu	suu	d		S	sg p
suud	@suud	suu	d		S	pl n
    	suu	suu	d		S	sg p
wasto	####	####				
     	vastu	vastu	0		D	
     	#vastu	vastu	0		K	
pandud	pan=dud	pan=dud	0		A	
      	pan=dud	pan=dud	0		A	sg n
      	pan=du	pan=du	d		S	pl n
      	pan=dud	pan=dud	d		A	pl n
      	@pandud	pane	dud		V	tud
,	,	,			Z	
agga	####	####				
    	#aga	aga	0		J	
iggaüks	####	####				
       	#igaüks	iga_üks	0		P	sg n
jäi	jäi	jää	i		V	s
kindlasti	kindlasti	kindlasti	0		D	
omma	####	####				
    	#oma	oma	0		P	sg g
    	on	ole	0		V	vad
wäljaütlemisse	välja_ütlemine	välja_ütlemine	se		S	adt
              	£väljaütlemise	välja_ütlemine	0		S	sg g
jure	####	####				
    	#juurde	juurde	0		K	
.	.	.			Z	
Kohhus	####	####				
      	kohus	kohu	s		V	s
      	#kohus	kohus	0		S	sg n
agga	####	####				
    	#aga	aga	0		J	
arwas	arvas	arva	s		V	s
J. Kanker	####	####				
         	#J_._Kanker	J_._Kanker	0		H	sg n
naese	####	####				
     	#naise	naine	0		S	sg g
Anne	Anne	Anne	0		H	sg g
    	Anne	Anne	0		H	sg n
    	Ann	Ann	e		H	pl p
    	anne	anne	0		S	sg n
    	£Anne	Ann	0		H	sg g
,	,	,			Z	
A. Pissa	####	####				
        	#A_._Pisa	A_._Pissa	0		H	sg g
naese	####	####				
     	#naise	naine	0		S	sg g
Ingli	ingel	ingel	0		S	sg g
     	£Ingli	Ingel	0		H	sg g
ja	ja	ja	0		J	
Kersti	Kersti	Kersti	0		H	sg g
      	@Kersti	Kersti	0		H	sg n
Tarningu	tarning	tarning	0		S	sg g
        	£Tarningu	Tarning	0		H	sg g
tunnistust	tunnistust	tunnistus	t		S	sg p
öigeks	####	####				
      	#õigeks	õige	ks		A	sg tr
,	,	,			Z	
sest	see	see	st		P	sg el
    	@sest	sest	0		J	
et	et	et	0		J	
keik	####	####				
    	kõik	kõik	0		P	pl n
    	#kõik	kõik	0		P	sg n
wannad	####	####				
      	#vanad	vana	d		A	pl n
inimessed	####	####				
         	#inimesed	inimene	d		S	pl n
on	@on	ole	0		V	b
  	ole	ole	0		V	vad
,	,	,			Z	
pealegi	pealegi	pealegi	0		D	
polle	####	####				
     	#pole	ole	0		V	neg o
K. Tarningul	####	####				
            	#K_._Tarningul	K_._Tarning	l		H	sg ad
seal	@seal	seal	0		D	
    	siga	siga	l		A	sg ad
    	siga	siga	l		S	sg ad
pöldus	####	####				
      	#põllus	põld	s		S	sg in
maad	maa	maa	d		S	pl n
    	@maad	maa	d		S	sg p
ollagi	ollagi	ole	a	gi	V	da
,	,	,			Z	
waid	vaid	vaid	0		D	
    	@vaid	vaid	0		J	
on	@on	ole	0		V	b
  	ole	ole	0		V	vad
agga	####	####				
    	#aga	aga	0		J	
sealt	@sealt	sealt	0		D	
     	siga	siga	lt		A	sg abl
     	siga	siga	lt		S	sg abl
läbbiminnes	####	####				
           	#läbi_minnes	läbi_mine	es		V	des
seks	@seks	see	ks		P	sg tr
    	seks	seks	0		S	sg n
ajaks	@ajaks	aeg	ks		S	sg tr
     	aja	aja	ks		V	ks
senna	senna	senna	0		S	sg g
     	senna	senna	0		S	sg n
     	£sinna	sinna	0		D	
juhtunud	juhtunud	juhtunud	0		A	
        	juhtunud	juhtunud	0		A	sg n
        	juhtunu	juhtunu	d		S	pl n
        	@juhtunud	juhtu	nud		V	nud
        	juhtunud	juhtunud	d		A	pl n
kui	kui	kui	0		D	
   	@kui	kui	0		J	
se	####	####				
  	#see	see	0		P	sg n
riid	riid	riid	0		S	sg n
seal	@seal	seal	0		D	
    	siga	siga	l		A	sg ad
    	siga	siga	l		S	sg ad
olnud	ol=nud	ol=nud	0		A	
     	ol=nud	ol=nud	0		A	sg n
     	ol=nud	ol=nud	d		A	pl n
     	@olnud	ole	nud		V	nud
     	olnu	olnu	d		S	pl n
.	.	.			Z	
Marie	Marie	Marie	0		H	sg g
     	@Marie	Marie	0		H	sg n
Luisk	luisk	luisk	0		S	sg n
     	£Luisk	Luisk	0		H	sg n
tunnistust	tunnistust	tunnistus	t		S	sg p
ei	ei	ei	0		D	
  	@ei	ei	0		V	neg
wöinud	####	####				
      	#võinud	või	nud		V	nud
kohhus	####	####				
      	kohus	kohu	s		V	s
      	#kohus	kohus	0		S	sg n
wasto	####	####				
     	#vastu	vastu	0		D	
     	vastu	vastu	0		K	
wötta	####	####				
     	#võtta	võt	a		V	da
,	,	,			Z	
sest	see	see	st		P	sg el
    	@sest	sest	0		J	
et	et	et	0		J	
temma	####	####				
     	#tema	tema	0		P	sg g
     	tema	tema	0		P	sg n
issa	####	####				
    	#isa	isa	0		S	sg n
Nig	####	####				
   	#Nig	Nig	0		Y	?
.	.	.			Z	
Luisk	luisk	luisk	0		S	sg n
     	£Luisk	Luisk	0		H	sg n
lehm	lehm	lehm	0		S	sg n
pöldus	####	####				
      	#põllus	põld	s		S	sg in
J. Kokla	####	####				
        	#J_._Kokla	J_._Kokla	0		H	sg g
tükki	tükk	tükk	0		S	adt
     	tükk	tükk	0		S	sg p
     	tükki	tükki	0		D	
     	£tüki	tükk	0		S	sg g
peal	peal	peal	0		D	
    	@peal	peal	0		K	
    	pea	pea	l		S	sg ad
söbruse	####	####				
       	#sõpruse	sõprus	0		S	sg g
polest	####	####				
      	#poolest	poolest	0		K	
södetud	####	####				
       	#söödetud	sööt	tud		V	tud
sai	@sai	saa	i		V	s
   	sai	sai	0		S	sg n
.	.	.			Z	
Nisamma	####	####				
       	#niisama	nii_sama	0		D	
on	@on	ole	0		V	b
  	ole	ole	0		V	vad
Elwine	####	####				
      	#Elviine	Elwine	0		H	sg n
Mähle	####	####				
     	#Mähle	Mähle	0		H	sg n
alles	alles	alles	0		D	
12	12	12	0		N	?
a	a	a	0		Y	?
laps	laps	laps	0		S	sg n
,	,	,			Z	
kes	kes	kes	0		P	pl n
   	@kes	kes	0		P	sg n
Seadusse	seadus	seadus	se		S	adt
        	£seaduse	seadus	0		S	sg g
järrel	####	####				
      	#järel	järel	0		K	
tunnistajaks	tunnistajaks	tunnistaja	ks		S	sg tr
ei	ei	ei	0		D	
  	@ei	ei	0		V	neg
kölba	####	####				
     	#kõlba	kõlba	0		V	o
.	.	.			Z	
Jürri	####	####				
     	#Jüri	Jürri	0		H	sg n
Transmann	####	####				
         	#Transmann	Transmann	0		H	sg n
Runspakki	####	####				
         	#Runspaki	Runspakki	0		H	sg g
pöllu	####	####				
     	#põllu	põld	0		S	sg g
karjane	karjane	karjane	0		S	sg n
astus	astus	astu	s		V	s
ette	esi	esi	tte		S	adt
    	@ette	ette	0		D	
    	ette	ette	0		K	
ja	ja	ja	0		J	
tunnistas	tunnistas	tunnista	s		V	s
,	,	,			Z	
et	et	et	0		J	
ni	####	####				
  	#nii	nii	0		D	
mitte	mitte	mitte	0		D	
kord	kord	kord	0		D	
    	@kord	kord	0		S	sg n
kui	kui	kui	0		D	
   	@kui	kui	0		J	
temma	####	####				
     	tema	tema	0		P	sg g
     	#tema	tema	0		P	sg n
Eespöldus	####	####				
         	#eespõllus	ees_põld	s		S	sg in
käinud	käi=nud	käi=nud	0		A	
      	käi=nud	käi=nud	0		A	sg n
      	käi=nud	käi=nud	d		A	pl n
      	käinu	käinu	d		S	pl n
      	@käinud	käi	nud		V	nud
,	,	,			Z	
on	@on	ole	0		V	b
  	ole	ole	0		V	vad
L. Kokla	####	####				
        	#L_._Kokla	L_._Kokla	0		H	sg n
ja	ja	ja	0		J	
P. Maiwel	####	####				
         	#P_._Maivel	P_._Maiwel	0		H	sg n
üksteisega	üksteisega	üks_teise	ga		P	sg kom
rielnud	####	####				
       	#riielnud	riidle	nud		V	nud
,	,	,			Z	
agga	####	####				
    	#aga	aga	0		J	
et	et	et	0		J	
naad	####	####				
    	#nad	tema	d		P	pl n
üksteist	@üksteist	üks_teise	t		P	sg p
        	üks_teist	üks_teist	0		N	sg n
peksnud	peks=nud	peks=nud	0		A	
       	peks=nud	peks=nud	0		A	sg n
       	peks=nu	peks=nu	d		S	pl n
       	peks=nud	peks=nud	d		A	pl n
       	@peksnud	peks	nud		V	nud
,	,	,			Z	
sedda	####	####				
     	#seda	see	da		P	sg p
polle	####	####				
     	#pole	ole	0		V	neg o
ta	tema	tema	0		P	sg g
  	@ta	tema	0		P	sg n
mitte	mitte	mitte	0		D	
juhtunud	juhtunud	juhtunud	0		A	
        	juhtunud	juhtunud	0		A	sg n
        	juhtunu	juhtunu	d		S	pl n
        	@juhtunud	juhtu	nud		V	nud
        	juhtunud	juhtunud	d		A	pl n
näggema	####	####				
       	#nägema	näge	ma		V	ma
.	.	.			Z	
Jürri	####	####				
     	#Jüri	Jürri	0		H	sg n
Mähle	####	####				
     	#Mähle	Mähle	0		H	sg n
naene	####	####				
     	#naine	naine	0		S	sg n
Lena	####	####				
    	#Leena	Lena	0		H	sg n
astus	astus	astu	s		V	s
ette	esi	esi	tte		S	adt
    	@ette	ette	0		D	
    	ette	ette	0		K	
ja	ja	ja	0		J	
ütleb	ütleb	ütle	b		V	b
,	,	,			Z	
et	et	et	0		J	
sel	@sel	see	l		P	sg ad
   	sel	sel	0		Y	?
päwal	####	####				
     	#päeval	päev	l		S	sg ad
kui	kui	kui	0		D	
   	@kui	kui	0		J	
temma	####	####				
     	tema	tema	0		P	sg g
     	#tema	tema	0		P	sg n
pöldus	####	####				
      	#põllus	põld	s		S	sg in
omma	####	####				
    	#oma	oma	0		P	sg g
    	on	ole	0		V	vad
lehma	lehm	lehm	0		S	adt
     	@lehma	lehm	0		S	sg g
     	lehm	lehm	0		S	sg p
karjas	karjas	kari	s		S	sg in
olnud	ol=nud	ol=nud	0		A	
     	ol=nud	ol=nud	0		A	sg n
     	ol=nud	ol=nud	d		A	pl n
     	@olnud	ole	nud		V	nud
     	olnu	olnu	d		S	pl n
,	,	,			Z	
polle	####	####				
     	#pole	ole	0		V	neg o
ta	tema	tema	0		P	sg g
  	@ta	tema	0		P	sg n
mitte	mitte	mitte	0		D	
näinud	@näinud	näge	nud		V	nud
      	näi=nud	näi=nud	0		A	
      	näi=nud	näi=nud	0		A	sg n
      	näi=nud	näi=nud	d		A	pl n
      	näinu	näinu	d		S	pl n
      	näi	näi	nud		V	nud
,	,	,			Z	
et	et	et	0		J	
L. Kokla	####	####				
        	#L_._Kokla	L_._Kokla	0		H	sg n
T. Raja	####	####				
       	#T_._Raja	T_._Raja	0		H	sg g
lehma	lehm	lehm	0		S	adt
     	lehm	lehm	0		S	sg g
     	@lehma	lehm	0		S	sg p
tagga	####	####				
     	#taga	taga	0		D	
olleks	####	####				
      	#oleks	ole	ks		V	ks
kihhutanud	####	####				
          	#kihutanud	kihuta	nud		V	nud
.	.	.			Z	
Johann	Johann	Johann	0		H	sg n
Kokla	####	####				
     	#Kokla	Kokla	0		H	sg n
astus	astus	astu	s		V	s
ette	esi	esi	tte		S	adt
    	@ette	ette	0		D	
    	ette	ette	0		K	
ja	ja	ja	0		J	
ütleb	ütleb	ütle	b		V	b
,	,	,			Z	
et	et	et	0		J	
se	####	####				
  	#see	see	0		P	sg n
tössi	töss	töss	0		S	adt
     	töss	töss	0		S	sg g
     	töss	töss	0		S	sg p
     	£tõsi	tõsi	0		S	sg n
on	@on	ole	0		V	b
  	ole	ole	0		V	vad
,	,	,			Z	
et	et	et	0		J	
temma	####	####				
     	tema	tema	0		P	sg g
     	#tema	tema	0		P	sg n
wabriko	####	####				
       	#vabriku	vabrik	0		S	sg g
silla	silla	sild	0		S	sg g
peal	peal	peal	0		D	
    	@peal	peal	0		K	
    	pea	pea	l		S	sg ad
möni	####	####				
    	#mõni	mõni	0		P	sg n
sanna	####	####				
     	#sõna	sõna	0		S	sg n
T. Rajale	####	####				
         	#T_._Rajale	T_._Raja	le		H	sg all
hakkanud	####	####				
        	#hakanud	hakka	nud		V	nud
ütlema	ütlema	ütle	ma		V	ma
,	,	,			Z	
sepärrast	####	####				
         	#seepärast	see_pärast	0		D	
et	et	et	0		J	
ta	tema	tema	0		P	sg g
  	@ta	tema	0		P	sg n
pöldus	####	####				
      	#põllus	põld	s		S	sg in
temma	####	####				
     	#tema	tema	0		P	sg g
     	tema	tema	0		P	sg n
naest	####	####				
     	#naist	naine	t		S	sg p
rumalaks	rumalaks	rumal	ks		A	sg tr
söimanud	####	####				
        	#sõimanud	sõima	nud		V	nud
ja	ja	ja	0		J	
uut	uut	uus	t		A	sg p
seadust	seadust	seadus	t		S	sg p
pöllu	####	####				
     	#põllu	põld	0		S	sg g
söötmisse	söötmine	söötmine	se		S	adt
         	£söötmise	söötmine	0		S	sg g
pärrast	####	####				
       	pärast	pära	st		S	sg el
       	pärast	pärane	t		A	sg p
       	pärast	pärast	0		D	
       	#pärast	pärast	0		K	
teinud	@teinud	tege	nud		V	nud
      	tei=nud	tei=nud	0		A	
      	tei=nud	tei=nud	0		A	sg n
      	tei=nud	tei=nud	d		A	pl n
      	teinu	teinu	d		S	pl n
.	.	.			Z	
Sai	@sai	saa	i		V	s
   	sai	sai	0		S	sg n
se	####	####				
  	#see	see	0		P	sg n
assi	ass	ass	0		S	adt
    	ass	ass	0		S	sg g
    	ass	ass	0		S	sg p
    	£asi	asi	0		S	sg n
kohto	####	####				
     	kohtu	kohtu	0		V	o
     	#kohtu	kohus	0		S	sg g
ees	ees	ees	0		D	
   	@ees	ees	0		K	
   	esi	esi	s		S	sg in
läbbirägitud	####	####				
            	#läbiräägitud	läbi_rääki	tud		V	tud
sanud	####	####				
     	#saanud	saa	nud		V	nud
siis	@siis	siis	0		D	
    	siis	siis	0		J	
möistis	####	####				
       	#mõistis	mõist	is		V	s
kohhus	####	####				
      	kohus	kohu	s		V	s
      	#kohus	kohus	0		S	sg n
:	:	:			Z	
Et	et	et	0		J	
Thomas	Thomas	Thomas	0		H	sg g
      	@Thomas	Thomas	0		H	sg n
Raja	Raja	Raja	0		H	sg g
    	@Raja	Raja	0		H	sg n
    	rada	rada	0		S	sg g
    	raja	raja	0		S	sg g
    	raja	raja	0		S	sg n
    	raja	raja	0		S	sg p
    	raja	raja	0		V	o
ja	ja	ja	0		J	
keik	####	####				
    	kõik	kõik	0		P	pl n
    	#kõik	kõik	0		P	sg n
need	need	see	d		P	pl n
tene	####	####				
    	#teine	teine	0		P	sg n
poolte	@poolte	pool	te		N	pl g
      	pool	pool	te		S	pl g
rentnikkud	####	####				
          	#rentnikud	rentnik	d		S	pl n
mitte	mitte	mitte	0		D	
selle	@selle	see	0		P	sg g
     	sell	sell	e		S	pl p
keskpõllu	keskpõllu	kesk_põld	0		S	sg g
rentnikkude	rentnikkude	rentnik	de		S	pl g
seadusega	seadusega	seadus	ga		S	sg kom
rahhul	####	####				
      	#rahul	rahul	0		D	
polle	####	####				
     	#pole	ole	0		V	neg o
olnud	ol=nud	ol=nud	0		A	
     	ol=nud	ol=nud	0		A	sg n
     	ol=nud	ol=nud	d		A	pl n
     	@olnud	ole	nud		V	nud
     	olnu	olnu	d		S	pl n
,	,	,			Z	
mis	mis	mis	0		P	pl n
   	@mis	mis	0		P	sg n
nemmad	####	####				
      	#nemad	tema	d		P	pl n
omma	####	####				
    	#oma	oma	0		P	sg g
    	on	ole	0		V	vad
heälde	####	####				
      	#häälte	hääl	de		S	pl g
andmissega	####	####				
          	#andmisega	andmine	ga		S	sg kom
neid	neid	neid	0		S	sg n
    	see	see	d		P	pl p
    	@neid	tema	d		P	pl p
sundida	sundida	sundi	da		V	da
tahtsid	tahtsid	taht	sid		V	sid
,	,	,			Z	
wöi	####	####				
   	#või	või	0		V	o
mitte	mitte	mitte	0		D	
neile	see	see	le		P	pl all
     	@neile	tema	le		P	pl all
süüks	süüks	süü	ks		S	sg tr
arwatud	arva=tud	arva=tud	0		A	
       	arva=tud	arva=tud	0		A	sg n
       	arva=tu	arva=tu	d		S	pl n
       	arva=tud	arva=tud	d		A	pl n
       	@arvatud	arva	tud		V	tud
sada	sada	sada	0		N	sg n
    	sada	sada	0		N	sg p
    	£saada	saa	da		V	da
,	,	,			Z	
sest	see	see	st		P	sg el
    	@sest	sest	0		J	
et	et	et	0		J	
kellegil	####	####				
        	#kellelgi	keegi	l	gi	P	sg ad
öigus	####	####				
     	#õigus	õigus	0		S	sg n
polle	####	####				
     	#pole	ole	0		V	neg o
teise	teine	teine	0		O	adt
     	teine	teine	0		O	sg g
     	teine	teine	0		P	adt
     	@teise	teine	0		P	sg g
warra	####	####				
     	#vara	vara	0		S	sg p
omma	####	####				
    	#oma	oma	0		P	sg g
    	on	ole	0		V	vad
heäledega	####	####				
         	#häältega	hääl	dega		S	pl kom
käest	käest	käest	0		K	
     	@käsi	käsi	st		S	sg el
ärra	####	####				
    	#ära	ära	0		D	
    	ära	ära	0		V	neg o
wötta	####	####				
     	#võtta	võt	a		V	da
.	.	.			Z	
Et	et	et	0		J	
ta	tema	tema	0		P	sg g
  	@ta	tema	0		P	sg n
Tallitaja	####	####				
         	#talitaja	talitaja	0		S	sg g
nimme	nimme	nimme	0		D	
     	nimme	nimme	0		S	sg g
     	nimme	nimme	0		S	sg n
     	£nime	nimi	0		S	sg p
sealjures	####	####				
         	#sealjuures	seal_juures	0		D	
prukinud	####	####				
        	#pruukinud	pruuki	nud		V	nud
,	,	,			Z	
wöi	####	####				
   	#või	või	0		V	o
temmale	####	####				
       	#temale	tema	le		P	sg all
ka	ka	ka	0		D	
mitte	mitte	mitte	0		D	
süüks	süüks	süü	ks		S	sg tr
arwata	arvata	arvata	0		D	
      	@arvata	arva	ta		V	da
      	arva	arva	ta		V	ta
,	,	,			Z	
sest	see	see	st		P	sg el
    	@sest	sest	0		J	
et	et	et	0		J	
ta	tema	tema	0		P	sg g
  	@ta	tema	0		P	sg n
sedda	####	####				
     	#seda	see	da		P	sg p
omma	####	####				
    	#oma	oma	0		P	sg g
    	on	ole	0		V	vad
warra	####	####				
     	#vara	vara	0		S	sg g
kaitsmisseks	####	####				
            	#kaitsmiseks	kaitsmine	ks		S	sg tr
on	@on	ole	0		V	b
  	ole	ole	0		V	vad
teinud	@teinud	tege	nud		V	nud
      	tei=nud	tei=nud	0		A	
      	tei=nud	tei=nud	0		A	sg n
      	tei=nud	tei=nud	d		A	pl n
      	teinu	teinu	d		S	pl n
,	,	,			Z	
ja	ja	ja	0		J	
mitte	mitte	mitte	0		D	
kurjaste	####	####				
        	#kurjasti	kurjasti	0		D	
polle	####	####				
     	#pole	ole	0		V	neg o
prukinud	####	####				
        	#pruukinud	pruuki	nud		V	nud
.	.	.			Z	
Et	et	et	0		J	
ta	tema	tema	0		P	sg g
  	@ta	tema	0		P	sg n
K. Kokla	####	####				
        	#K_._Kokla	K_._Kokla	0		H	sg g
käest	@käest	käest	0		K	
     	käsi	käsi	st		S	sg el
küssinud	####	####				
        	#küsinud	küsi	nud		V	nud
:	:	:			Z	
Kas	kas	kas	0		D	
so	so	so	0		Y	?
  	£su	sina	0		P	sg g
emma	####	####				
    	#ema	ema	0		S	sg n
rummal	####	####				
      	#rumal	rumal	0		A	sg n
on	@on	ole	0		V	b
  	ole	ole	0		V	vad
?	?	?			Z	
ei	ei	ei	0		D	
  	@ei	ei	0		V	neg
wöi	####	####				
   	#või	või	0		V	o
süüks	süüks	süü	ks		S	sg tr
arwata	arvata	arvata	0		D	
      	@arvata	arva	ta		V	da
      	arva	arva	ta		V	ta
,	,	,			Z	
sest	see	see	st		P	sg el
    	@sest	sest	0		J	
et	et	et	0		J	
Leno	####	####				
    	#Leena	Lena	0		H	sg n
Kokla	####	####				
     	#Kokla	Kokla	0		H	sg n
omma	####	####				
    	#oma	oma	0		P	sg g
    	on	ole	0		V	vad
rummalust	rumm_alune	rumm_alune	t		A	sg p
         	rumm_alune	rumm_alune	t		S	sg p
         	rumm_alus	rumm_alus	t		S	sg p
         	£rumalust	rumalus	t		S	sg p
jubba	####	####				
     	#juba	juba	0		D	
päärnäddalad	####	####				
            	#paar_nädalat	paar_nädal	t		S	sg p
seal	@seal	seal	0		D	
    	siga	siga	l		A	sg ad
    	siga	siga	l		S	sg ad
pöldus	####	####				
      	#põllus	põld	s		S	sg in
ülles	####	####				
     	#üles	üles	0		D	
näitas	näitas	näita	s		V	s
,	,	,			Z	
kui	kui	kui	0		D	
   	@kui	kui	0		J	
lomi	####	####				
    	#loomi	loom	i		S	pl p
tagga	####	####				
     	#taga	taga	0		D	
kihhutas	####	####				
        	#kihutas	kihuta	s		V	s
,	,	,			Z	
ja	ja	ja	0		J	
kellegiga	kelle_giga	kelle_giga	0		S	sg g
         	kelle_giga	kelle_giga	0		S	sg n
         	kelle_giga	kelle_giga	0		S	sg p
         	£kellegagi	keegi	ga	gi	P	sg kom
rahul	@rahul	rahul	0		D	
     	rahu	rahu	l		S	sg ad
ei	ei	ei	0		D	
  	@ei	ei	0		V	neg
olnud	ol=nud	ol=nud	0		A	
     	ol=nud	ol=nud	0		A	sg n
     	ol=nud	ol=nud	d		A	pl n
     	@olnud	ole	nud		V	nud
     	olnu	olnu	d		S	pl n
,	,	,			Z	
waid	vaid	vaid	0		D	
    	@vaid	vaid	0		J	
keigega	####	####				
       	#kõigega	kõik	ga		P	sg kom
riidles	riidles	riidle	s		V	s
.	.	.			Z	
Et	et	et	0		J	
temma	####	####				
     	tema	tema	0		P	sg g
     	#tema	tema	0		P	sg n
Karl	Karl	Karl	0		H	sg n
Kokla	####	####				
     	#Kokla	Kokla	0		H	sg g
tatninaks	####	####				
         	#tattninaks	tatt_nina	ks		S	sg tr
söimanud	####	####				
        	#sõimanud	sõima	nud		V	nud
,	,	,			Z	
tunnistawad	tunnista=v	tunnista=v	d		A	pl n
           	@tunnistavad	tunnista	vad		V	vad
tunnistusmehhed	####	####				
               	#tunnistusmehed	tunnistus_mees	d		S	pl n
walleks	####	####				
       	#valeks	vale	ks		S	sg tr
-	-	-			Z	
Leno	####	####				
    	#Leena	Lena	0		H	sg n
Kokla	####	####				
     	#Kokla	Kokla	0		H	sg n
keige	####	####				
     	#kõige	kõik	0		P	sg g
selle	@selle	see	0		P	sg g
     	sell	sell	e		S	pl p
rio	####	####				
   	#riiu	riid	0		S	sg g
allustaja	####	####				
         	#alustaja	alustaja	0		S	sg n
,	,	,			Z	
istub	istub	istu	b		V	b
2	2	2	0		N	?
ööd	öö	öö	d		S	pl n
   	@ööd	öö	d		S	sg p
ja	ja	ja	0		J	
päwa	####	####				
    	#päeva	päev	0		S	sg p
wangis	vangis	vang	s		S	sg in
,	,	,			Z	
et	et	et	0		J	
ta	tema	tema	0		P	sg g
  	@ta	tema	0		P	sg n
Tho	####	####				
   	#Tho	Tho	0		Y	?
.	.	.			Z	
Raja	Raja	Raja	0		H	sg g
    	Raja	Raja	0		H	sg n
    	rada	rada	0		S	sg g
    	raja	raja	0		S	sg g
    	raja	raja	0		S	sg n
    	raja	raja	0		S	sg p
    	raja	raja	0		V	o
    	£Raja	Raja	0		H	sg p
käskinud	käski=nud	käski=nud	0		A	
        	käski=nud	käski=nud	0		A	sg n
        	käski=nu	käski=nu	d		S	pl n
        	käski=nud	käski=nud	d		A	pl n
        	@käskinud	käski	nud		V	nud
haista	haist	haist	0		V	o
      	@haista	haist	a		V	da
ja	ja	ja	0		J	
Peter	Peeter	Peter	0		H	sg n
Maiwelt	####	####				
       	#Maivelit	Maiwel	t		H	sg p
(	(	(			Z	
karjapoisi	karja_poiss	karja_poiss	0		S	sg g
          	£karjapoissi	karja_poiss	0		S	sg p
)	)	)			Z	
peksnud	peks=nud	peks=nud	0		A	
       	peks=nud	peks=nud	0		A	sg n
       	peks=nu	peks=nu	d		S	pl n
       	peks=nud	peks=nud	d		A	pl n
       	@peksnud	peks	nud		V	nud
.	.	.			Z	
Et	et	et	0		J	
Karl	Karl	Karl	0		H	sg n
Kokla	####	####				
     	#Kokla	Kokla	0		H	sg n
,	,	,			Z	
ilma	ilm	ilm	0		S	adt
    	ilm	ilm	0		S	sg g
    	ilm	ilm	0		S	sg p
    	@ilma	ilma	0		D	
    	ilma	ilma	0		K	
et	et	et	0		J	
tal	tal	tema	l		P	sg ad
pöllal	####	####				
      	#põllul	põld	l		S	sg ad
asja	asi	asi	0		S	adt
    	asi	asi	0		S	sg g
    	@asja	asi	0		S	sg p
olli	####	####				
    	#oli	ole	i		V	s
,	,	,			Z	
isseennast	####	####				
          	#iseennast	ise_enese	t		P	sg p
tülli	tüli	tüli	0		S	adt
     	tüll	tüll	0		S	adt
     	tüll	tüll	0		S	sg g
     	tüll	tüll	0		S	sg p
     	tülli	tülli	0		D	
     	£tüli	tüli	0		S	sg g
sekka	sekka	sekka	0		D	
     	@sekka	sekka	0		K	
toppis	toppis	toppi	s		V	s
ja	ja	ja	0		J	
koddund	####	####				
       	#kodunt	kodunt	0		D	
senna	senna	senna	0		S	sg g
     	senna	senna	0		S	sg n
     	£sinna	sinna	0		D	
tülli	tüli	tüli	0		S	adt
     	tüll	tüll	0		S	adt
     	tüll	tüll	0		S	sg g
     	tüll	tüll	0		S	sg p
     	tülli	tülli	0		D	
     	£tüli	tüli	0		S	sg p
teggema	####	####				
       	#tegema	tege	ma		V	ma
läks	läks	mine	s		V	s
,	,	,			Z	
maksab	maksab	maks	b		V	b
50	50	50	0		N	?
Cop	####	####				
   	#Cop	Cop	0		Y	?
.	.	.			Z	
wallalaeka	@vallalaeka	valla_laegas	0		S	adt
          	valla_laegas	valla_laegas	0		S	sg g
.	.	.			Z	
Ja	ja	ja	0		J	
Johann	Johann	Johann	0		H	sg n
Kokla	####	####				
     	#Kokla	Kokla	0		H	sg n
,	,	,			Z	
et	et	et	0		J	
ta	tema	tema	0		P	sg g
  	@ta	tema	0		P	sg n
Thomas	Thomas	Thomas	0		H	sg g
      	@Thomas	Thomas	0		H	sg n
Rajaga	@Rajaga	Raja	ga		H	sg kom
      	rada	rada	ga		S	sg kom
      	raja	raja	ga		S	sg kom
te	sina	sina	0		P	pl g
  	sina	sina	0		P	pl n
  	£tee	tee	0		S	sg g
peal	peal	peal	0		D	
    	@peal	peal	0		K	
    	pea	pea	l		S	sg ad
riidles	riidles	riidle	s		V	s
ja	ja	ja	0		J	
teutas	####	####				
      	#teotas	teota	s		V	s
,	,	,			Z	
mis	mis	mis	0		P	pl n
   	@mis	mis	0		P	sg n
ta	tema	tema	0		P	sg g
  	@ta	tema	0		P	sg n
omma	####	####				
    	#oma	oma	0		P	sg g
    	on	ole	0		V	vad
naese	####	####				
     	#naise	naine	0		S	sg g
tagga	####	####				
     	#taga	taga	0		D	
kihhutamisse	####	####				
            	#kihutamise	kihutamine	0		S	sg g
pärrast	####	####				
       	pärast	pära	st		S	sg el
       	pärast	pärane	t		A	sg p
       	pärast	pärast	0		D	
       	#pärast	pärast	0		K	
teggi	####	####				
     	#tegi	tege	i		V	s
,	,	,			Z	
maksab	maksab	maks	b		V	b
1	1	1	0		N	?
Rub	Rub	Rub			H	?
   	£Rub	Rub	0		Y	?
.	.	.			Z	
Höb	####	####				
   	#Höb	Höb	0		Y	?
.	.	.			Z	
walla	vald	vald	0		S	sg g
     	valla	valla	0		D	
     	@valla	vald	0		S	sg g
laeka	@laeka	laegas	0		S	adt
     	laegas	laegas	0		S	sg g
.	.	.			Z	
Et	et	et	0		J	
muud	muu	muu	d		P	pl n
    	@muud	muu	d		P	sg p
    	muu	muu	d		S	pl n
    	muu	muu	d		S	sg p
    	muu	muu	d		V	d
toimetust	toimetu	toimetu	st		A	sg el
         	@toimetust	toimetus	t		S	sg p
polle	####	####				
     	#pole	ole	0		V	neg o
olnud	ol=nud	ol=nud	0		A	
     	ol=nud	ol=nud	0		A	sg n
     	ol=nud	ol=nud	d		A	pl n
     	@olnud	ole	nud		V	nud
     	olnu	olnu	d		S	pl n
,	,	,			Z	
sai	@sai	saa	i		V	s
   	sai	sai	0		S	sg n
löppetus	####	####				
        	#lõpetus	lõpetus	0		S	sg n
tehtud	@tehtud	tege	tud		V	tud
      	tehtud	tehtud	0		A	
      	tehtud	tehtud	0		A	sg n
      	tehtu	tehtu	d		S	pl n
      	tehtud	tehtud	d		A	pl n
.	.	.			Z	
