Hans	Hans	0		H	sg n
Tillisson	####				
	#Tillisson	0		H	sg n
and	and	0		S	sg n
	£and	0		V	s
kirjaliku	kirjalik	0		A	sg g
kaebtuse	####				
	#kaebus	0		S	sg g
sisse	siss	e		S	pl p
     	@sisse	0		D	
     	sisse	0		K	
nii	nii	0		D	
kui	kui	0		D	
   	@kui	0		J	
jarges	####				
	#järg	0		S	sg in
saisab	####				
	#seis	b		V	b
:	:			Z	
Auustatud	####				
	#austa	tud		V	tud
Aru	aru	0		S	sg g
   	aru	0		S	sg n
   	aru	0		S	sg p
	£Aru	0		H	sg g
kogukonna	kogukond	0		S	sg g
kohtule	kohus	le		S	sg all
,	,			Z	
Mina	@mina	0		P	sg n
    	mina	0		S	sg g
    	mina	0		S	sg n
    	mina	0		S	sg p
alan	####				
	#all	0		D	
nimetatud	@nimeta	tud		V	tud
         	nimetatu	d		S	pl n
         	nimetatud	0		A	
         	nimetatud	0		A	sg n
         	nimetatud	d		A	pl n
palun	palu	n		V	n
endise	endine	0		A	sg g
kaebtuse	####				
	#kaebus	0		S	sg g
täiendamiseks	täiendamine	ks		S	sg tr
sest	@see	st		P	sg el
    	sest	0		J	
2	2	0		N	?
Novemb	####				
	#Novemb	0		Y	
.	.			Z	
1889	1889	0		N	?
protokolli	@protokoll	0		S	adt
          	protokoll	0		S	sg g
          	protokolli	0		V	o
          	protokoll	0		S	sg p
kirjutada	kirjuta	da		V	da
nii	nii	0		D	
kui	kui	0		D	
   	@kui	0		J	
järges	####				
	#järg	0		S	sg in
saisab	####				
	#seis	b		V	b
:	:			Z	
Et	et	0		J	
küll	@küll	0		D	
    	küll	0		S	sg n
Suure	suur	0		A	sg g
Kongutas	Konguta	s		H	sg in
oleva	olev	0		A	sg g
     	olev	0		S	sg g
	£ole	v		V	v sg g
Lombi	lomp	0		S	sg g
	£Lombi	0		H	sg g
maja	@maja	0		S	sg g
    	maja	0		S	sg n
    	maja	0		S	sg p
üle	üle	0		D	
   	@üle	0		K	
proklamm	####				
	¤
Karl	Karl	0		H	sg n
Puchzichti	####				
	#Puchzicht	0		V	sg g
pääle	####				
	#peale	0		K	
ärä	####				
	#ära	0		D	
olna	####				
	#ole	na		V	vat
käinud	@käi	nud		V	nud
      	käi=nud	0		A	
      	käi=nud	0		A	sg n
      	käi=nud	d		A	pl n
      	käinu	d		S	pl n
,	,			Z	
sääl	####				
	#seal	0		D	
toll	toll	0		S	sg n
	£too	l		P	sg ad
ajal	@aeg	l		S	sg ad
    	ajal	0		K	
surnud	surnu	d		S	pl n
      	surnud	0		A	
      	surnud	0		A	sg n
      	surnud	d		A	pl n
      	@sure	nud		V	nud
Paulsoni	####				
	#Paulson	0		H	sg g
perandajad	####				
	#päranda=ja	d		S	pl n
kiik	kiik	0		S	sg n
	£kõik	0		P	pl n
ala	ala	0		S	sg g
   	ala	0		S	sg n
   	ala	0		S	sg p
	#ala	0		D	
ealised	ealine	d		A	pl n
olli	####				
	#ole	i		V	sid
,	,			Z	
kellest	kes	st		P	pl el
       	@kes	st		P	sg el
mitte	mitte	0		D	
nõudjad	nõud=ja	d		S	pl n
	£nõud=ja	d		S	sg p
ei	ei	0		D	
  	@ei	0		V	neg
ollu	####				
	#ole	nu		V	nud
ning	ning	0		J	
see	see	0		P	sg n
Lombi	lomp	0		S	sg g
	£Lombi	0		H	sg g
maja	maja	0		S	sg g
    	@maja	0		S	sg n
    	maja	0		S	sg p
kadunud	@kadu	nud		V	nud
       	kadunu	d		S	pl n
       	kadunud	0		A	
       	kadunud	0		A	sg n
       	kadunud	d		A	pl n
Paulsoni	####				
	#Paulson	0		H	sg g
rahaga	raha	ga		S	sg kom
täiste	täine	te		A	pl g
	£täiesti	0		D	
osteted	####				
	#ost	tud		V	tud
on	@ole	0		V	b
  	ole	0		V	vad
,	,			Z	
kelle	kes	0		P	pl g
     	@kes	0		P	sg g
eest	eest	0		D	
    	@eest	0		K	
    	esi	st		S	sg el
1200	1200	0		N	?
rbl	rbl	0		Y	?
selged	selge	d		A	pl n
	£selge	d		A	sg p
raha	raha	0		S	sg g
    	raha	0		S	sg n
    	@raha	0		S	sg p
välja	@välja	0		D	
     	välja	0		V	o
     	väli	0		S	adt
     	väli	0		S	sg g
     	väli	0		S	sg p
on	@ole	0		V	b
  	ole	0		V	vad
maksetud	makse=tu	d		A	pl n
	£maks	tud		V	tud
,	,			Z	
veel	@veel	0		D	
    	vesi	l		S	sg ad
vähem	vähem	0		C	sg n
     	@vähem	0		D	
ühtegi	ühte	0	gi	D	
      	üks	0	gi	N	adt
      	üks	0	gi	P	adt
      	ühe	0	gi	S	sg g
      	üks	0	gi	N	sg p
      	@üks	0	gi	P	sg p
maha	maha	0		D	
kirjutust	kirjutus	t		S	sg p
protokollis	@protokoll	s		S	sg in
           	protokolli	s		V	s
tähentadud	####				
	#tähenda	dud		V	tud
,	,			Z	
kelles	kes	s		P	pl in
      	kes	s		P	sg in
	£kes	les		P	sg all
see	see	0		P	sg n
nimetatud	@nimeta	tud		V	tud
         	nimetatu	d		S	pl n
         	nimetatud	0		A	
         	nimetatud	0		A	sg n
         	nimetatud	d		A	pl n
Lombi	lomp	0		S	sg g
	£Lombi	0		H	sg g
maja	maja	0		S	sg g
    	@maja	0		S	sg n
    	maja	0		S	sg p
jääb	jää	b		V	b
.	.			Z	
Nüüd	nüüd	0		D	
palun	palu	n		V	n
mina	@mina	0		P	sg n
    	mina	0		S	sg g
    	mina	0		S	sg n
    	mina	0		S	sg p
et	et	0		J	
kohus	kohu	s		V	s
     	@kohus	0		S	sg n
see	see	0		P	sg n
Suure	suur	0		A	sg g
Kongutas	Konguta	s		H	sg in
saisav	####				
	#seis 	v		V	v sg n
Lombi	lomp	0		S	sg g
	£Lombi	0		H	sg g
maja	maja	0		S	sg g
    	@maja	0		S	sg n
    	maja	0		S	sg p
kadunud	@kadu	nud		V	nud
       	kadunu	d		S	pl n
       	kadunud	0		A	
       	kadunud	0		A	sg n
       	kadunud	d		A	pl n
Paulsoni	####				
	#Paulson	0		H	sg g
perandajade	####				
	#päranda=ja	de		S	pl g
hääks	####				
	#heaks	0		K	
Karl	Karl	0		H	sg n
Puchzichti	####				
	#Puchzicht	0		H	sg g
käest	@käest	0		K	
     	käsi	st		S	sg el
võttas	####				
	#võt	as		V	s
kätte	kätte	0		K	
     	käsi	tte		S	adt
	£kätte	0		D	
mõista	mõist	0		V	o
      	@mõist	a		V	da
.	.			Z	
Kaebus	kaebus	0		S	sg n
alune	alune	0		A	sg n
     	@alune	0		S	sg n
Karl	Karl	0		H	sg n
Puchzicht	####				
	#Puchzicht	0		H	sg n
andis	and	is		V	s
kirjalikult	kirjalik	lt		A	sg abl
           	@kirjalikult	0		D	
surnud	surnu	d		S	pl n
      	surnud	0		A	
      	surnud	0		A	sg n
      	surnud	d		A	pl n
      	@sure	nud		V	nud
Paulsoni	####				
	#Paulson	0		H	sg g
perandajade	####				
	#päranda=ja	de		S	pl g
rehnungi	rehnung	0		S	sg g
,	,			Z	
mes	####				
	#mis	0		P	sg n
tema	@tema	0		P	sg g
    	tema	0		P	sg n
laste	@laps	te		S	pl g
     	last	e		S	pl p
pääle	####				
	#peale	0		K	
ärä	####				
	#ära	0		D	
kulunud	@kulu	nud		V	nud
       	kulu=nu	d		S	pl n
       	kulunud	0		A	
       	kulunud	0		A	sg n
       	kulunud	d		A	pl n
sisse	siss	e		S	pl p
     	@sisse	0		D	
     	sisse	0		K	
nin	####				
	#nii	0		D	
kui	kui	0		D	
   	@kui	0		J	
:	:			Z	
Rechnung	####				
	#rehnung	0		S	sg n
mis	mis	0		P	pl n
   	@mis	0		P	sg n
mina	@mina	0		P	sg n
    	mina	0		S	sg g
    	mina	0		S	sg n
    	mina	0		S	sg p
kadunud	@kadu	nud		V	nud
       	kadunu	d		S	pl n
       	kadunud	0		A	
       	kadunud	0		A	sg n
       	kadunud	d		A	pl n
Paulsoni	####				
	#Paulson	0		H	sg g
laste	@laps	te		S	pl g
     	last	e		S	pl p
pääle	####				
	#peale	0		K 				
olen	ole	n		V	n
ärä	####				
	#ära	0		D	
kulutanud	@kuluta	nud		V	nud
         	kuluta=nu	d		S	pl n
         	kuluta=nud	0		A	
         	kuluta=nud	0		A	sg n
         	kuluta=nud	d		A	pl n
,	,			Z	
30	30	0		N	?
Novembril	november	l		S	sg ad
1877	1877	0		N	?
sain	saa	in		V	sin
mina	@mina	0		P	sg n
    	mina	0		S	sg g
    	mina	0		S	sg n
    	mina	0		S	sg p
Kentsi	####				
	#Kentsi	0		H	
.	.			Z	
1877	1877	0		N	?
aastal	aasta	l		S	sg ad
Liini	Lii	ni		H	sg ter
     	liin	0		S	adt
     	liin	0		S	sg g
     	liin	0		S	sg p
	£Liini	0		H	sg n
ja	ja	0		J	
Marie	Marie	0		H	sg g
     	@Marie	0		H	sg n
üks	@üks	0		N	sg n
   	üks	0		P	sg n
kuu	kuu	0		S	sg g
   	@kuu	0		S	sg n
linnas	linn	s		S	sg in
koolis	kool	is		V	s
      	@kool	s		S	sg in
28	28	0		N	?
Rbl	####				
	#Rbl	0		Y	?
1878	1878	0		N	?
aastal	aasta	l		S	sg ad
Liini	Lii	ni		H	sg ter
     	liin	0		S	adt
     	liin	0		S	sg g
     	liin	0		S	sg p
	£Liini	0		H	sg n
ja	ja	0		J	
Marie	Marie	0		H	sg g
     	@Marie	0		H	sg n
10	10	0		N	?
kuud	kuu	d		S	pl n
    	@kuu	d		S	sg p
linnas	linn	s		S	sg in
koolis	kool	is		V	s
      	@kool	s		S	sg in
280	280	0		N	?
Rbl	####				
	#Rbl	0		Y	?
1879	1879	0		N	?
aastal	aasta	l		S	sg ad
Liini	Lii	ni		H	sg ter
     	liin	0		S	adt
     	liin	0		S	sg g
     	liin	0		S	sg p
	£Liini	0		H	sg n
ja	ja	0		J	
Marie	Marie	0		H	sg g
     	@Marie	0		H	sg n
10	10	0		N	?
kuud	kuu	d		S	pl n
    	@kuu	d		S	sg p
linnas	linn	s		S	sg in
koolis	kool	is		V	s
      	@kool	s		S	sg in
280	280	0		N	?
Rbl	####				
	#Rbl	0		Y	?
1879	1879	0		N	?
aastal	aasta	l		S	sg ad
Liini	Lii	ni		H	sg ter
     	liin	0		S	adt
     	liin	0		S	sg g
     	liin	0		S	sg p
	£Liini	0		H	sg g
leeri	leer	0		S	adt
     	@leer	0		S	sg g
     	leer	0		S	sg p
raha	raha	0		S	sg g
    	@raha	0		S	sg n
    	raha	0		S	sg p
30	30	0		N	?
Rbl	####				
	#Rbl	0		Y	?
1880.	1880.	0		O	?
Marie	Marie	0		H	sg g
     	@Marie	0		H	sg n
10	10	0		N	?
kuud	kuu	d		S	pl n
    	@kuu	d		S	sg p
linnas	linn	s		S	sg in
koolis	kool	is		V	s
      	@kool	s		S	sg in
140	140	0		N	?
Rbl	####				
	#Rbl	0		Y	?
1880.	1880.	0		O	?
Liinile	liin	le		S	sg all
	£Liini	0		H	sg le
ostsin	ost	sin		V	sin
palitu	@palitu	0		S	sg g
      	palitu	0		S	sg n
24	24	0		N	?
Rbl	####				
	#Rbl	0		Y	?
1880.	1880.	0		O	?
Liinile	liin	le		S	sg all
	£Liini	0		H	sg all
kasuk	####				
	#kasukas	0		S	sg n
tehtud	tehtu	d		S	pl n
      	tehtud	0		A	
      	tehtud	0		A	sg n
      	tehtud	d		A	pl n
      	@tege	tud		V	tud
27	27	0		N	?
Rbl	####				
	#Rbl	0		Y	?
1881.	1881.	0		O	?
Olga	@Olga	0		H	sg g
    	Olga	0		H	sg n
pääle	####				
	#peale	0		K	
kulunud	@kulu	nud		V	nud
       	kulu=nu	d		S	pl n
       	kulunud	0		A	
       	kulunud	0		A	sg n
       	kulunud	d		A	pl n
koolis	kool	is		V	s
      	@kool	s		S	sg in
14	14	0		N	?
Rbl	####				
	#Rbl	0		Y	?
1881.	1881.	0		O	?
Liini	Lii	ni		H	sg ter
     	liin	0		S	adt
     	liin	0		S	sg g
     	liin	0		S	sg p
	£Liini	0		H	sg g
pulma	pulm	0		S	adt
     	@pulm	0		S	sg g
     	pulm	0		S	sg p
kulud	kulg	d		S	pl n
     	@kulu	d		S	pl n
     	kulu	d		V	d
70	70	0		N	?
Rbl	####				
	#Rbl	0		Y	?
1881.	1881.	0		O	?
Marie	@Marie	0		H	sg g
     	Marie	0		H	sg n
põetamine	põeta=mine	0		S	sg n
ja	ja	0		J	
tohterdamine	tohterdamine	0		S	sg n
25	25	0		N	?
Rbl	####				
	#Rbl	0		Y	?
1881.	1881.	0		O	?
Marie	@Marie	0		H	sg g
     	Marie	0		H	sg n
mattusse	matt_uss	e		S	pl p
	£matus	0		S	sg g
kulud	kulg	d		S	pl n
     	@kulu	d		S	pl n
     	kulu	d		V	d
50	50	0		N	?
Rbl	####				
	#Rbl	0		Y	?
1882.	1882.	0		O	?
Olga	@Olga	0		H	sg g
    	Olga	0		H	sg n
koolitamise	koolitamine	0		S	sg g
pääle	####				
	#peale	0		K	
kulunud	@kulu	nud		V	nud
       	kulu=nu	d		S	pl n
       	kulunud	0		A	
       	kulunud	0		A	sg n
       	kulunud	d		A	pl n
25	25	0		N	?
Rbl	####				
	#Rbl	0		Y	?
1883.	1883.	0		O	?
Olga	#Olga	0		H	sg g
    	Olga	0		H	sg n
koolitamise	koolitamine	0		S	sg g
pääle	####				
	#peale	0		K	
kulunud	@kulu	nud		V	nud
       	kulu=nu	d		S	pl n
       	kulunud	0		A	
       	kulunud	0		A	sg n
       	kulunud	d		A	pl n
35	35	0		N	?
Rbl	####				
	#Rbl	0		Y	?
1883.	1883.	0		O	?
Liini	Lii	ni		H	sg ter
     	liin	0		S	adt
     	liin	0		S	sg g
     	liin	0		S	sg p
	£Liini	0		H	sg n
haige	haige	0		A	sg g
     	@haige	0		A	sg n
     	haige	0		S	sg g
     	haige	0		S	sg n
ollu	####				
	#ole	lu		V	nud
,	,			Z	
minu	@mina	0		P	sg g
kulu	kulg	0		S	sg g
    	@kulu	0		S	sg g
    	kulu	0		V	o
    	kulu	0		S	sg n
    	kulu	0		S	sg p
pääl	####				
	#peal	0		K	
20	20	0		N	?
Rbl	####				
	#Rbl	0		Y	?
1884.	1884.	0		O	?
Olga	@Olga	0		H	sg g
    	Olga	0		H	sg n
koolitamise	koolitamine	0		S	sg g
kulud	kulg	d		S	pl n
     	@kulu	d		S	pl n
     	kulu	d		V	d
45	45	0		N	?
Rbl	####				
	#Rbl	0		Y	?
1885.	1885.	0		O	?
Olga	@Olga	0		H	sg g
    	Olga	0		H	sg n
põetamine	põeta=mine	0		S	sg n
ja	ja	0		J	
tohtertamine	####				
	#tohterdamine	0		S	sg n
20	20	0		N	?
Rbl	####				
	#Rbl	0		Y	?
1886.	1886.	0		O	?
Olga	@Olga	0		H	sg g
    	Olga	0		H	sg n
mattusse	matt_uss	e		S	pl p
	£matus	0		S	sg g
kulud	kulg	d		S	pl n
     	@kulu	d		S	pl n
     	kulu	d		V	d
65	65	0		N	?
Rbl	####				
	#Rbl	0		Y	?
Summa	summ	0		S	adt
     	summ	0		S	sg g
     	summ	0		S	sg p
     	summa	0		S	sg g
     	@summa	0		S	sg n
1178	1178	0		N	?
Rbl	####				
	#Rbl	0		Y	?
Kaebus	kaebus	0		S	sg n
alune	alune	0		A	sg n
     	@alune	0		S	sg n
Karl	Karl	0		H	sg n
Puchzicht	####				
	#Puchzicht	0		H	sg n
vastas	@vasta	s		V	s
      	vastas	0		D	
      	vastas	0		K	
Hans	Hans	0		H	sg n
ja	ja	0		J	
Liini	Lii	ni		H	sg ter
     	liin	0		S	adt
     	liin	0		S	sg g
     	liin	0		S	sg p
	£Liini	0		H	sg n
Tillissoni	####				
	#Tillisson	0		Hans	sg g
nõudmise	nõudmine	0		S	sg g
pääle	####				
	#peale	0		K	
:	:			Z	
pct	####				
	¤
.	.			Z	
1.	1.	0		O	?
(	(			Z	
Karl	Karl	0		H	sg n
Puchzicht	####				
	#Puchzicht	0		H	sg n
vastas	@vasta	s		V	s
      	vastas	0		D	
      	vastas	0		K	
),	),			Z	
et	et	0		J	
tema	tema	0		P	sg g
    	@tema	0		P	sg n
see	see	0		P	sg n
tähentud	####				
	#tähenda	tud		V	tud
kraam	kraam	0		S	sg n
enambide	####				
	#enamasti	0		D	
kätte	kätte	0		K	
     	käsi	tte		S	adt
	£kätte 	0		D
olna	####				
	#ole	na		V	vat
saanud	@saa	nud		V	nud
      	saa=nud	0		A	
      	saa=nud	0		A	sg n
      	saa=nud	d		A	pl n
      	saanu	d		S	pl n
,	,			Z	
kui	kui	0		D	
   	@kui	0		J	
paljalt	@paljalt	0		D	
       	paljas	lt		A	sg abl
:	:			Z	
1	1	0		N	?
riide	riid	e		S	pl p
     	riie	0		S	adt
     	@riie	0		S	sg g
kapp	kapp	0		S	sg n
väärt	@väärt	0		A	
     	väärt	0		D	
12	12	0		N	?
rubla	rubla	0		S	sg g
     	rubla	0		S	sg n
     	@rubla	0		S	sg p
2	2	0		N	?
höövlit	höövel	t		S	sg p
ja	ja	0		J	
2	2	0		N	?
käsi	käski	0		V	o
    	käsi	0		S	pl p
    	@käsi	0		S	sg n
    	käsi	0		D	
höövlit	höövel	t		S	sg p
2	2	0		N	?
rubla	rubla	0		S	sg g
     	rubla	0		S	sg n
     	@rubla	0		S	sg p
50	50	0		N	?
k	k	0		Y	?
.	.			Z	
1	1	0		N	?
pöör	pöör	0		S	sg n
1	1	0		N	?
rubla	rubla	0		S	sg g
     	@rubla	0		S	sg n
     	rubla	0		S	sg p
1	1	0		N	?
hoovlipenk	####				
	#höövli_pink	0		S	sg n
40	40	0		N	?
k	k	0		Y	?
.	.			Z	
Summa	summ	0		S	adt
     	summ	0		S	sg g
     	summ	0		S	sg p
     	summa	0		S	sg g
     	@summa	0		S	sg n
15	15	0		N	?
rubla	rubla	0		S	sg g
     	rubla	0		S	sg n
     	@rubla	0		S	sg p
90	90	0		N	?
k	k	0		Y	?
.	.			Z	
olna	####				
	#ole	na		V	vat
surnud	surnu	d		S	pl n
      	surnud	0		A	
      	surnud	0		A	sg n
      	surnud	d		A	pl n
      	@sure	nud		V	nud
Paulsoni	####				
	#Paulson	0		H	sg g
perijade	####				
	#pärija	de		S	pl g
hääks	####				
	#heaks	0		K	
välja	@välja	0		D	
     	välja	0		V	o
     	väli	0		S	adt
     	väli	0		S	sg g
     	väli	0		S	sg p
saanud	@saa	nud		V	nud
      	saa=nud	0		A	
      	saa=nud	0		A	sg n
      	saa=nud	d		A	pl n
      	saanu	d		S	pl n
Liini	Lii	ni		H	sg ter
     	liin	0		S	adt
     	liin	0		S	sg g
     	liin	0		S	sg p
	£Liini	0		H	sg n
Tillissoni	####				
	#Tillisson	0		H	sg g
kätte	@kätte	0		K	
     	käsi	tte		S	adt
.	.			Z	
pct	####				
	¤
2.	2.	0		O	?
Surnud	surnu	d		S	pl n
      	surnud	0		A	
      	surnud	0		A	sg n
      	surnud	d		A	pl n
      	@sure	nud		V	nud
Paulsoni	####				
	#Paulson	0		H	sg g
raha	raha	0		S	sg g
    	@raha	0		S	sg n
    	raha	0		S	sg p
olli	####				
	#ole	i		V	s
küll	@küll	0		D	
    	küll	0		S	sg n
800	800	0		N	?
Rbl	####				
	#Rbl	0		Y	?
.	.			Z	
Lombi	lomp	0		S	sg g
	£Lombi	0		H	sg g
maja	@maja	0		S	sg g
    	maja	0		S	sg n
    	maja	0		S	sg p
eest	eest	0		D	
    	@eest	0		K	
    	esi	st		S	sg el
Suure	suur	0		A	sg g
Konguta	@Konguta	0		H	sg g
       	Konguta	0		H	sg n
mõiste	mõiste	0		S	sg g
      	mõiste	0		S	sg n
	£mõis	te		S	sg ill
maksetud	makse=tu	d		A	pl n
	£maks	tud		V	tud
.	.			Z	
pct	####				
	¤
3.	3.	0		O	?
See	see	0		P	sg n
400	400	0		N	?
rbl	rbl	0		Y	?
	#rbl	0		Y	?
olen	ole	n		V	n
Lombi	lomp	0		S	sg g
	£Lombi	0		H	sg g
maja	@maja	0		S	sg g
    	maja	0		S	sg n
    	maja	0		S	sg p
eest	eest	0		D	
    	@eest	0		K	
    	esi	st		S	sg el
esi	esi	0		S	pl p
   	esi	0		S	sg n
	£ise	0		P	sg n
oma	oma	0		A	sg g
   	oma	0		D	
   	@oma	0		P	sg g
   	oma	0		S	sg g
   	oma	0		V	o
   	oma	0		A	sg n
   	oma	0		A	sg p
   	oma	0		P	sg n
   	oma	0		P	sg p
   	oma	0		S	sg n
   	oma	0		S	sg p
rahast	raha	st		S	sg el
Suure	suur	0		A	sg g
	£Suur	0		H	sg g
Konguta	@Konguta	0		H	sg g
       	Konguta	0		H	sg n
mõiste	mõiste	0		S	sg g
      	mõiste	0		S	sg n
	£mõis	te		S	sg ill
makstud	@maks	tud		V	tud
       	maks=tu	d		S	pl n
       	maks=tud	0		A	
       	maks=tud	0		A	sg n
       	maks=tud	d		A	pl n
.	.			Z	
Karl	Karl	0		H	sg n
Puckzicht	####				
	#Puckzicht	0		H	sg n
vastas	@vasta	s		V	s
      	vastas	0		D	
      	vastas	0		K	
,	,			Z	
et	et	0		J	
see	see	0		P	sg n
Suure	suur	0		A	sg g
	£Suur	0		H	sg g
Kongutas	Konguta	s		H	sg in
saisav	####				
	#seis	av		V	v sg n
Lombi	lomp	0		S	sg g
	£Lombi	0		H	sg g
maja	maja	0		S	sg g
    	@maja	0		S	sg n
    	maja	0		S	sg p
tema	@tema	0		P	sg g
    	tema	0		P	sg n
oma	oma	0		A	sg g
   	oma	0		D	
   	@oma	0		P	sg g
   	oma	0		S	sg g
   	oma	0		V	o
   	oma	0		A	sg n
   	oma	0		A	sg p
   	oma	0		P	sg n
   	oma	0		P	sg p
   	oma	0		S	sg n
   	oma	0		S	sg p
ostetud	@ost	tud		V	tud
       	oste=tu	d		S	pl n
       	oste=tud	0		A	
       	oste=tud	0		A	sg n
       	oste=tud	d		A	pl n
on	@ole	0		V	b
  	ole	0		V	vad
,	,			Z	
sääl	####				
	#seal	0		D	
tema	@tema	0		P	sg g
    	tema	0		P	sg n
kontrahis	kontraht	s		S	sg in
tema	@tema	0		P	sg g
    	tema	0		P	sg n
oma	oma	0		A	sg g
   	oma	0		D	
   	@oma	0		P	sg g
   	oma	0		S	sg g
   	oma	0		V	o
   	oma	0		A	sg n
   	oma	0		A	sg p
   	oma	0		P	sg n
   	oma	0		P	sg p
   	oma	0		S	sg n
   	oma	0		S	sg p
Karl	Karl	0		H	sg n
Puchzichti	####				
	#Puckzicht	0		H	sg g
nimi	nimi	0		S	sg n
sees	@sees	0		D	
    	sees	0		K	
seisnad	####				
	#seis	nad		V	vat
.	.			Z	
Surnud	surnu	d		S	pl n
      	surnud	0		A	
      	surnud	0		A	sg n
      	surnud	d		A	pl n
      	@sure	nud		V	nud
Paulsoni	####				
	#Paulson	0		H	sg g
perijad	####				
	#pärija	d		S	pl n
Liini	Lii	ni		H	sg ter
     	liin	0		S	adt
     	liin	0		S	sg g
     	liin	0		S	sg p
	£Liini	0		H	sg n
Tillisson	####				
	#Tillisson 	0		H	sg n
oma	oma	0		A	sg g
   	oma	0		D	
   	@oma	0		P	sg g
   	oma	0		S	sg g
   	oma	0		V	o
   	oma	0		A	sg n
   	oma	0		A	sg p
   	oma	0		P	sg n
   	oma	0		P	sg p
   	oma	0		S	sg n
   	oma	0		S	sg p
mees	@mees	0		S	sg n
    	mesi	s		S	sg in
Hans	Hans	0		H	sg n
Tillisson	####				
	#Tillisson 	0		H	sg n
juures	juur	s		S	sg in
      	@juures	0		D	
      	juures	0		K	
olles	ole	es		V	des
nõus	nõu	s		S	sg in
    	@nõus	0		D	
,	,			Z	
mes	####				
	#mis	0		P	sg n
perast	####				
	#pärast	0		D	
,	,			Z	
surnud	surnu	d		S	pl n
      	surnud	0		A	
      	surnud	0		A	sg n
      	surnud	d		A	pl n
      	@sure	nud		V	nud
Paulsoni	####				
	#Paulson	0		H	sg g
varanduse	varandus	0		S	sg g
vöölmöndrid	####				
	#vöörmünder	d		S	pl n
Margus	Margus	0		H	sg n
Lampmann	lamp_mann	0		S	sg n
	£Lampmann	0		H	sg n
ja	ja	0		J	
Jaan	@Jaan	0		H	sg n
    	jaan	0		S	sg n
    	jaan	0		Y	?
Pedajas	pedajas	0		S	sg n
       	pedajas	s		S	sg in
	£Pedajas	0		H	sg n
surnud	surnu	d		S	pl n
      	surnud	0		A	
      	surnud	0		A	sg n
      	surnud	d		A	pl n
      	@sure	nud		V	nud
Paulsoni	####				
	#Paulson	0		H	sg g
rahaga	raha	ga		S	sg kom
ostetud	@ost	tud		V	tud
       	oste=tu	d		S	pl n
       	oste=tud	0		A	
       	oste=tud	0		A	sg n
       	oste=tud	d		A	pl n
Lombi	lomp	0		S	sg g
	£Lombi	0		H	sg g
maja	@maja	0		S	sg g
    	maja	0		S	sg n
    	maja	0		S	sg p
Karl	Karl	0		H	sg n
Puchzichtil	####				
	#Puchzcht	l		H	sg ad
ärä	####				
	#ära 	0		D	
on	@ole	0		V	b
  	ole	0		V	vad
lubanud	@luba	nud		V	nud
       	luba=nu	d		S	pl n
       	luba=nud	0		A	
       	luba=nud	0		A	sg n
       	luba=nud	d		A	pl n
,	,			Z	
sääl	####				
	#seal	0		D	
temal	tema	l		P	sg ad
ühtegi	ühte	0	gi	D	
      	üks	0	gi	N	adt
      	üks	0	gi	P	adt
      	ühe	0	gi	S	sg g
      	üks	0	gi	N	sg p
      	@üks	0	gi	P	sg p
võlga	võlg	0		S	adt
     	@võlg	0		S	sg p
selle	@see	0		P	sg g
     	sell	e		S	pl p
maja	@maja	0		S	sg g
    	maja	0		S	sg n
    	maja	0		S	sg p
pääl	####				
	#peal	0		K	
ei	ei	0		D	
  	@ei	0		V	neg
ollu	####				
	#ole	0		V	nud
ning	ning	0		J	
seda	see	da		P	sg p
asja	asi	0		S	adt
    	asi	0		S	sg g
    	@asi	0		S	sg p
mitte	mitte	0		D	
sääduse	####				
	#seadus	0		S	sg g
järgi	järg	i		S	pl p
     	järgi	0		D	
     	@järgi	0		K	
     	järgi	0		V	o
teinud	@tege	nud		V	nud
      	tei=nud	0		A	
      	tei=nud	0		A	sg n
      	tei=nud	d		A	pl n
      	teinu	d		S	pl n
.	.			Z	
Vöölmönder	####				
	#vöörmünder	0		S	sg n
Margus	Margus	0		H	sg n
Lampmann	lamp_mann	0		S	sg n
	£Lampmann	0		H	sg n
vastas	@vasta	s		V	s
      	vastas	0		D	
      	vastas	0		K	
et	et	0		J	
tema	tema	0		P	sg g
    	@tema	0		P	sg n
seda	see	da		P	sg p
poljalt	####				
	#paljalt	0		D	
Triin	Triin	0		H	sg n
Paulsoni	####				
	#Paulson	0		H	sg g
enda	ise	0		P	sg g
soovi	soov	0		S	adt
     	@soov	0		S	sg g
     	soovi	0		V	o
     	soov	0		S	sg p
järgi	järg	i		S	pl p
     	järgi	0		D	
     	@järgi	0		K	
     	järgi	0		V	o
tennu	####				
	#tege	nu		V	nud
olla	ole	a		V	da
,	,			Z	
sääl	####				
	#seal	0		D	
lesk	lesk	0		S	sg n
Triin	Triin	0		H	sg n
Paulson	####				
	#Paulson	0		H	sg n
teisele	teine	le		O	sg all
       	@teine	le		P	sg all
mehele	mees	le		S	sg all
Karl	Karl	0		H	sg n
Puchzichtile	####				
	#Puchzicht	le		H	sg all
minna	mine	a		V	da
tahtnud	@taht	nud		V	nud
       	taht=nu	d		S	pl n
       	taht=nud	0		A	
       	taht=nud	0		A	sg n
       	taht=nud	d		A	pl n
,	,			Z	
kellega	kes	ga		P	pl kom
       	@kes	ga		P	sg kom
neil	see	l		P	pl ad
    	@tema	l		P	pl ad
uba	uba	0		S	sg n
   	uba	0		S	sg p
	£juba	0		D	
enne	@enne	0		D	
    	enne	0		K	
    	enne	0		S	sg n
kokku	@kokku	0		D	
     	kogu	0		S	adt
ollu	####				
	#ole	lu		V	nud
kõneldu	kõneldu	0		S	sg g
       	kõneldu	0		S	sg n
	£kõnele	du		V	tud
nii	nii	0		D	
kui	kui	0		D	
   	@kui	0		J	
toll	toll	0		S	sg n
	£too	l		P	sg ad
ajal	@aeg	l		S	sg ad
    	ajal	0		K	
protokolli	@protokoll	0		S	adt
          	protokoll	0		S	sg g
          	protokolli	0		V	o
          	protokoll	0		S	sg p
on	@ole	0		V	b
  	ole	0		V	vad
kirjutatud	@kirjuta	tud		V	tud
          	kirjutatu	d		S	pl n
          	kirjutatud	0		A	
          	kirjutatud	0		A	sg n
          	kirjutatud	d		A	pl n
.	.			Z	
Surnud	surnu	d		S	pl n
      	surnud	0		A	
      	surnud	0		A	sg n
      	surnud	d		A	pl n
      	@sure	nud		V	nud
Paulsoni	####				
	#Paulson	0		H	sg g
perandaja	####				
	#pärandaja	0		S	sg n
Liini	Lii	ni		H	sg ter
     	liin	0		S	adt
     	liin	0		S	sg g
     	liin	0		S	sg p
	£Liini	0		H	sg n
Tillisson	####				
	#Tillisson	0		H	sg n
vastas	@vasta	s		V	s
      	vastas	0		D	
      	vastas	0		K	
oma	oma	0		A	sg g
   	oma	0		D	
   	@oma	0		P	sg g
   	oma	0		S	sg g
   	oma	0		V	o
   	oma	0		A	sg n
   	oma	0		A	sg p
   	oma	0		P	sg n
   	oma	0		P	sg p
   	oma	0		S	sg n
   	oma	0		S	sg p
mees	@mees	0		S	sg n
    	mesi	s		S	sg in
Hans	Hans	0		H	sg n
Tillisson	####				
	#Tillisson	0		H	sg n
juures	juur	s		S	sg in
      	@juures	0		D	
      	juures	0		K	
olles	ole	es		V	des
,	,			Z	
et	et	0		J	
Karl	Karl	0		H	sg n
Puchzichtist	####				
	#Puchzicht	st		H	sg el
üles	üles	0		D	
antu	antud	0		A	sg g
	£and	tu		V	tud
rehnung	rehnung	0		S	sg n
mitte	mitte	0		D	
sugu	sugu	0		A	
    	@sugu	0		D	
    	sugu	0		S	sg n
    	sugu	0		S	sg p
õige	õige	0		A	sg g
    	@õige	0		A	sg n
    	õige	0		D	
ei	ei	0		D	
  	@ei	0		V	neg
olla	ole	a		V	da
,	,			Z	
sääl	####				
	#seal	0		D	
tema	tema	0		P	sg g
    	@tema	0		P	sg n
protokolli	protokoll	0		S	adt
          	@protokoll	0		S	sg g
          	protokolli	0		V	o
          	protokoll	0		S	sg p
järgi	järg	i		S	pl p
     	järgi	0		D	
     	@järgi	0		K	
     	järgi	0		V	o
sest	@see	st		P	sg el
    	sest	0		J	
18	18	0		N	?
kiik	kiik	0		S	sg n
	£kõik	0		P	pl n
Paulsoni	####				
	#Paulson	0		H	sg g
lapsed	laps	d		S	pl n
koolitama	koolita	ma		V	ma
pidi	@pida	i		V	s
    	pidi	0		K	
ja	ja	0		J	
nende	see	de		P	pl g
     	@tema	de		P	pl g
eest	eest	0		D	
    	@eest	0		K	
    	esi	st		S	sg el
nii	nii	0		D	
kaua	kaua	0		D	
hoold	####				
	#hool	d		S	sg p
kandma	kand	ma		V	ma
kui	kui	0		D	
   	@kui	0		J	
nema	####				
	#tema	0		P	pl n
mehele	mees	le		S	sg all
saavad	@saa	vad		V	vad
      	saav	d		A	pl n
      	saav	d		S	pl n
.	.			Z	
Liini	Lii	ni		H	sg ter
     	liin	0		S	adt
     	liin	0		S	sg g
     	liin	0		S	sg p
	£Liini	0		H	sg n
Tillisson	####				
	#Tillisson	0		H	sg n
ei	ei	0		D	
  	@ei	0		V	neg
olla	ole	a		V	da
ühtegi	ühte	0	gi	D	
      	üks	0	gi	N	adt
      	üks	0	gi	P	adt
      	ühe	0	gi	S	sg g
      	@üks	0	gi	N	sg p
      	üks	0	gi	P	sg p
tundi	tund	0		S	adt
     	@tund	0		S	sg p
Karl	Karl	0		H	sg n
Puchzichti	####				
	#Puchzicht	0		H	sg g
kulu	kulg	0		S	sg g
    	@kulu	0		S	sg g
    	kulu	0		V	o
    	kulu	0		S	sg n
    	kulu	0		S	sg p
pääl	####				
	#peal	0		K	
(	(			Z	
haige	haige	0		A	sg g
     	@haige	0		A	sg n
     	haige	0		S	sg g
     	haige	0		S	sg n
ollu	####				
	#ole	lu		V	nud
)	)			Z	
raamatu	raamat	0		S	sg g
koolis	kool	is		V	s
      	@kool	s		S	sg in
käinud	@käi	nud		V	nud
      	käi=nud	0		A	
      	käi=nud	0		A	sg n
      	käi=nud	d		A	pl n
      	käinu	d		S	pl n
.	.			Z	
Üks	@üks	0		N	sg n
   	üks	0		P	sg n
kasuk	####				
	#kasukas	0		S	sg n
ja	ja	0		J	
palitu	palitu	0		S	sg g
      	@palitu	0		S	sg n
olla	ole	a		V	da
tema	tema	0		P	sg g
    	@tema	0		P	sg n
Liini	Lii	ni		H	sg ter
     	liin	0		S	adt
     	liin	0		S	sg g
     	liin	0		S	sg p
	£Liini	0		H	sg n
Tillisson	####				
	#Tillisson	0		H	sg n
küll	@küll	0		D	
    	küll	0		S	sg n
saanud	@saa	nud		V	nud
      	saa=nud	0		A	
      	saa=nud	0		A	sg n
      	saa=nud	d		A	pl n
      	saanu	d		S	pl n
,	,			Z	
sest	see	st		P	sg el
    	@sest	0		J	
riie	riie	0		S	sg n
pidanu	pida=nu	0		S	sg g
      	pida=nu	0		S	sg n
	£pida	nu		V	nud
tema	@tema	0		P	sg g
    	tema	0		P	sg n
oma	oma	0		A	sg g
   	oma	0		D	
   	@oma	0		P	sg g
   	oma	0		S	sg g
   	oma	0		V	o
   	oma	0		A	sg n
   	oma	0		A	sg p
   	oma	0		P	sg n
   	oma	0		P	sg p
   	oma	0		S	sg n
   	oma	0		S	sg p
esa	####				
	#isa	0		P	sg g
peranduse	####				
	#pärandus	0		S	sg g
järgi	järg	i		S	pl p
     	järgi	0		D	
     	@järgi	0		K	
     	järgi	0		V	o
saama	@saa	ma		V	ma
     	saam	0		S	adt
     	saam	0		S	sg g
     	saam	0		S	sg p
.	.			Z	
Pulma	pulm	0		S	adt
     	@pulm	0		S	sg g
     	pulm	0		S	sg p
kulud	kulg	d		S	pl n
     	@kulu	d		S	pl n
     	kulu	d		V	d
pidanu	pida=nu	0		S	sg g
      	pida=nu	0		S	sg n
	£pida	nu		V	nud
sääduse	####				
	#seadus	0		S	sg g
järgi	järg	i		S	pl p
     	järgi	0		D	
     	@järgi	0		K	
     	järgi	0		V	o
Karl	Karl	0		H	sg n
Puchzicht	####				
	#Puchzicht	0		H	sg n
omalt	oma	lt		A	sg abl
     	@oma	lt		P	sg abl
     	oma	lt		S	sg abl
     	oma=lt	0		D	
poolt	pool	t		N	sg p
     	pool	t		S	sg p
     	@poolt	0		D	
     	poolt	0		K	
pidama	pida	ma		V	ma
ning	ning	0		J	
ei	ei	0		D	
  	@ei	0		V	neg
olla	ole	a		V	da
tema	@tema	0		P	sg g
    	tema	0		P	sg n
asi	@asi	0		S	sg n
   	asi	0		V	o
.	.			Z	
Liin	liin	0		S	sg n
	£Liini	0		H	sg n
Tillisson	####				
	#Tillisson	0		H	sg n
olnud	ol=nud	0		A	
     	ol=nud	0		A	sg n
     	ol=nud	d		A	pl n
     	@ole	nud		V	nud
     	olnu	d		S	pl n
oma	oma	0		A	sg g
   	oma	0		D	
   	@oma	0		P	sg g
   	oma	0		S	sg g
   	oma	0		V	o
   	oma	0		A	sg n
   	oma	0		A	sg p
   	oma	0		P	sg n
   	oma	0		P	sg p
   	oma	0		S	sg n
   	oma	0		S	sg p
kulu	kulg	0		S	sg g
    	@kulu	0		S	sg g
    	kulu	0		V	o
    	kulu	0		S	sg n
    	kulu	0		S	sg p
pääl	####				
	#peal	0		K	
haige	haige	0		A	sg g
     	@haige	0		A	sg n
     	haige	0		S	sg g
     	haige	0		S	sg n
ollu	####				
	#ole	lu		V	nud
ning	ning	0		J	
mitte	mitte	0		D	
Karl	Karl	0		H	sg n
Puchzichti	####				
	#Puchzicht	0		H	sg g
kulu	kulg	0		S	sg g
    	@kulu	0		S	sg g
    	kulu	0		V	o
    	kulu	0		S	sg n
    	kulu	0		S	sg p
pääl	####				
	#peal	0		K	
,	,			Z	
Liini	Lii	ni		H	sg ter
     	liin	0		S	adt
     	liin	0		S	sg g
     	liin	0		S	sg p
	£Liini	0		H	sg n
Tillisson	####				
	#Tillisson	0		H	sg n
olla	ole	a		V	da
paljalt	@paljalt	0		D	
       	paljas	lt		A	sg abl
½	####				
	#½	0		N	?
aastad	aasta	d		S	pl n
	£aasta	d		S	sg p
Karl	Karl	0		H	sg n
Puchzichti	####				
	#Puchzicht	0		H	sg g
aegu	aeg	u		S	pl p
    	@aegu	0		K	
    	aegu	0		V	o
õmmlus	####				
	#õmblus	0		S	sg n
koolis	kool	is		V	s
      	@kool	s		S	sg in
käinu	käinu	0		S	sg g
     	käinu	0		S	sg n
	£käi	nu		V	nud
kelle	kes	0		P	pl g
     	@kes	0		P	sg g
eest	eest	0		D	
    	@eest	0		K	
    	esi	st		S	sg el
kooli	kool	i		S	pl p
     	kool	0		S	adt
     	@kool	0		S	sg g
     	kool	0		S	sg p
raha	raha	0		S	sg g
    	@raha	0		S	sg n
    	raha	0		S	sg p
6	6	0		N	?
rbl	rbl	0		Y	?
ärä	####				
	#ära	0		D	
kulunud	@kulu	nud		V	nud
       	kulu=nu	d		S	pl n
       	kulunud	0		A	
       	kulunud	0		A	sg n
       	kulunud	d		A	pl n
koolirahas	kooli_raha	s		S	sg in
aga	aga	0		J	
söök	söök	0		S	sg n
ollu	####				
	#ole	lu		V	nud
kodust	@kodu	st		S	sg el
      	kodune	t		A	sg p
.	.			Z	
Triin	Triin	0		H	sg n
Puhzicht	####				
	#Puchzicht	0		H	sg n
lesk	lesk	0		S	sg n
Paulson	####				
	#Paulson	0		H	sg n
vastas	@vasta	s		V	s
      	vastas	0		D	
      	vastas	0		K	
et	et	0		J	
Marie	Marie	0		H	sg g
     	@Marie	0		H	sg n
Paulson	####				
	#Paulson	0		H	sg n
küll	@küll	0		D	
    	küll	0		S	sg n
1½	####				
	#1½	0		N	?
aastad	aasta	d		S	pl n
	£aasta	d		S	sg p
kallimas	@kallim	s		C	sg in
        	kallim	s		S	sg in
koolis	kool	is		V	s
      	@kool	s		S	sg in
käinu	käinu	0		S	sg g
     	käinu	0		S	sg n
	£käi	nu		V	nud
kos	####				
	#kus	0		D	
poole	@pool	0		N	sg g
     	pool	0		S	sg g
     	pool	e		S	pl p
     	poole	0		K	
     	poole	0		S	sg n
aasta	@aasta	0		S	sg g
     	aasta	0		S	sg n
kooli	kool	i		S	pl p
     	kool	0		S	adt
     	@kool	0		S	sg g
     	kool	0		S	sg p
raha	raha	0		S	sg g
    	@raha	0		S	sg n
    	raha	0		S	sg p
8	8	0		N	?
Rbl	####				
	#Rbl	0		Y	?
ollu	####				
	#ole	lu		V	nud
maksa	maks	0		S	adt
     	maks	0		S	sg g
     	maks	0		V	o
     	maks	0		S	sg p
	£maks	0		V	da
,	,			Z	
enne	enne	0		D	
    	@enne	0		K	
    	enne	0		S	sg n
seda	see	da		P	sg p
käinud	@käi	nud		V	nud
      	käi=nud	0		A	
      	käi=nud	0		A	sg n
      	käi=nud	d		A	pl n
      	käinu	d		S	pl n
Marie	Marie	0		H	sg g
     	@Marie	0		H	sg n
Paulson	####				
	#Paulson	0		H	sg n
1½	####				
	#1½	0		N	?
aastad	aasta	d		S	pl n
	£aasta	d		S	sg p
ühes	üks	s		N	sg in
    	@üks	s		P	sg in
    	ühes	0		D	
    	ühes	0		K	
odavas	odav	s		A	sg in
vaeste	@vaene	te		A	pl g
      	vaene	te		S	pl g
laste	@laps	te		S	pl g
     	last	e		S	pl p
koolis	kool	is		V	s
      	@kool	s		S	sg in
kos	####				
	#kus	0		D	
poole	@pool	0		N	sg g
     	pool	0		S	sg g
     	pool	e		S	pl p
     	poole	0		K	
     	poole	0		S	sg n
aasta	@aasta	0		S	sg g
     	aasta	0		S	sg n
kooliraha	kooli_raha	0		S	sg g
         	@kooli_raha	0		S	sg n
         	kooli_raha	0		S	sg p
paljalt	@paljalt	0		D	
       	paljas	lt		A	sg abl
2	2	0		N	?
rubla	rubla	0		S	sg g
     	rubla	0		S	sg n
     	@rubla	0		S	sg p
ollu	####				
	#ole	lu		V	nud
.	.			Z	
Karl	Karl	0		H	sg n
Puchzicht	####				
	#Puchzicht	0		H	sg n
ei	ei	0		D	
  	@ei	0		V	neg
maksnud	@maks	nud		V	nud
       	maks=nu	d		S	pl n
       	maks=nud	0		A	
       	maks=nud	0		A	sg n
       	maks=nud	d		A	pl n
Marie	Marie	0		H	sg g
     	@Marie	0		H	sg n
Paulsoni	####				
	#Paulson	0		H	sg g
korteri	korter	0		S	sg g
eest	eest	0		D	
    	@eest	0		K	
    	esi	st		S	sg el
mitte	mitte	0		D	
üks	@üks	0		N	sg n
   	üks	0		P	sg n
kopik	####				
	#kopikas	0		S	sg n
raha	raha	0		S	sg g
    	raha	0		S	sg n
    	@raha	0		S	sg p
,	,			Z	
kui	kui	0		D	
   	@kui	0		J	
paljalt	@paljalt	0		D	
       	paljas	lt		A	sg abl
söök	söök	0		S	sg n
kodust	@kodu	st		S	sg el
      	kodune	t		A	sg p
perra	####				
	#pärra	0		D	
viinud	@vii	nud		V	nud
      	vii=nu	d		S	pl n
      	vii=nud	0		A	
      	vii=nud	0		A	sg n
      	vii=nud	d		A	pl n
.	.			Z	
Marie	Marie	0		H	sg g
     	@Marie	0		H	sg n
Paulsoni	####				
	#Paulson	0		H	sg g
põetamise	põeta=mine	0		S	sg g
pääle	####				
	#peale	0		K	
olna	####				
	#ole	na		V	vat
umbes	umbes	0		A	
     	@umbes	0		D	
     	umme	s		S	sg in
10	10	0		N	?
rbl	rbl	0		Y	?
.	.			Z	
ärä	####				
	#ära	0		D	
kulunud	@kulu	nud		V	nud
       	kulu=nu	d		S	pl n
       	kulunud	0		A	
       	kulunud	0		A	sg n
       	kulunud	d		A	pl n
ning	ning	0		J	
ei	ei	0		D	
  	@ei	0		V	neg
teedna	####				
	#tead	na		V	vat
kui	@kui	0		D	
   	kui	0		J	
palju	@palju	0		D	
     	palju	0		P	sg g
     	palju	0		P	sg n
mattusse	matt_uss	e		S	pl p
	£matus	0		S	sg g
pääle	####				
	#peale 0		K	
ärä	####				
	#ära	0		D	
olla	ole	a		V	da
kulunud	@kulu	nud		V	nud
       	kulu=nu	d		S	pl n
       	kulunud	0		A	
       	kulunud	0		A	sg n
       	kulunud	d		A	pl n
,	,			Z	
sääl	####				
	#seal	0		D	
see	see	0		P	sg n
Karl	Karl	0		H	sg n
Puchzichti	####				
	#Puchzicht	0		H	sg g
kohus	kohu	s		V	s
     	@kohus	0		S	sg n
täita	täi	ta		S	sg ab
     	täi	ta		V	ta
     	@täit	a		V	da
     	täita	0		V	o
ollu	####				
	#ole	lu		V	nud
.	.			Z	
Olga	Olga	0		H	sg g
    	@Olga	0		H	sg n
Paluson	####				
	#Paulson	0		H	sg n
ei	ei	0		D	
  	@ei	0		V	neg
olla	ole	a		V	da
mitte	mitte	0		D	
1	1	0		N	?
aasta	aasta	0		S	sg g
     	@aasta	0		S	sg n
linnas	linn	s		S	sg in
koolis	kool	is		V	s
      	@kool	s		S	sg in
käinud	@käi	nud		V	nud
      	käi=nud	0		A	
      	käi=nud	0		A	sg n
      	käi=nud	d		A	pl n
      	käinu	d		S	pl n
,	,			Z	
kui	kui	0		D	
   	@kui	0		J	
paljalt	@paljalt	0		D	
       	paljas	lt		A	sg abl
5	5	0		N	?
rubla	rubla	0		S	sg g
     	rubla	0		S	sg n
     	@rubla	0		S	sg p
kulunud	@kulu	nud		V	nud
       	kulu=nu	d		S	pl n
       	kulunud	0		A	
       	kulunud	0		A	sg n
       	kulunud	d		A	pl n
tema	@tema	0		P	sg g
    	tema	0		P	sg n
kooli	kool	i		S	pl p
     	kool	0		S	adt
     	@kool	0		S	sg g
     	kool	0		S	sg p
raha	raha	0		S	sg g
    	raha	0		S	sg n
    	@raha	0		S	sg p
ära	@ära	0		D	
   	ära	0		V	neg o
.	.			Z	
Liini	Lii	ni		H	sg ter
     	liin	0		S	adt
     	liin	0		S	sg g
     	liin	0		S	sg p
	£Liini	0		H	sg n
Tillisson	####				
	#Tillisson	0		H	sg n
olla	ole	a		V	da
oma	oma	0		A	sg g
   	oma	0		D	
   	@oma	0		P	sg g
   	oma	0		S	sg g
   	oma	0		V	o
   	oma	0		A	sg n
   	oma	0		A	sg p
   	oma	0		P	sg n
   	oma	0		P	sg p
   	oma	0		S	sg n
   	oma	0		S	sg p
pää	####				
	#pea	0		S	sg n
koolis	kool	is		V	s
      	@kool	s		S	sg in
käimise	käimine	0		S	sg g
pääle	####				
	#peale	0		K	
,	,			Z	
paljalt	@paljalt	0		D	
       	paljas	lt		A	sg abl
jargmiselt	####				
	#järgmiselt	0		D	
ärä	####				
	#ära	0		D	
kulutanud	@kuluta	nud		V	nud
         	kuluta=nu	d		S	pl n
         	kuluta=nud	0		A	
         	kuluta=nud	0		A	sg n
         	kuluta=nud	d		A	pl n
:	:			Z	
1	1	0		N	?
kleit	@kleit	0		S	sg n
leeri	@leer	0		S	adt
     	leer	0		S	sg g
     	leer	0		S	sg p
minna	mine	a		V	da
5	5	0		N	?
rubla	rubla	0		S	sg g
     	rubla	0		S	sg n
     	@rubla	0		S	sg p
1	1	0		N	?
paar	paar	0		N	sg n
    	@paar	0		S	sg n
kindaid	kinnas	id		S	pl p
1	1	0		N	?
rubla	rubla	0		S	sg g
     	@rubla	0		S	sg n
     	rubla	0		S	sg p
1	1	0		N	?
paar	paar	0		N	sg n
    	@paar	0		S	sg n
saapaid	saabas	id		S	pl p
3	3	0		N	?
rubla	rubla	0		S	sg g
     	rubla	0		S	sg n
     	@rubla	0		S	sg p
õppetajale	####				
	#õpetaja	le		S	sg all
kirjutusraha	kirjutus_raha	0		S	sg g
            	kirjutus_raha	0		S	sg n
            	@kirjutus_raha	0		S	sg p
3	3	0		N	?
rubla	rubla	0		S	sg g
     	rubla	0		S	sg n
     	@rubla	0		S	sg p
Summa	summ	0		S	adt
     	summ	0		S	sg g
     	summ	0		S	sg p
     	summa	0		S	sg g
     	@summa	0		S	sg n
12	12	0		N	?
rubla	rubla	0		S	sg g
     	rubla	0		S	sg n
     	@rubla	0		S	sg p
aga	aga	0		J	
mitte	mitte	0		D	
nii	nii	0		D	
palju	@palju	0		D	
     	palju	0		P	sg g
     	palju	0		P	sg n
kui	kui	0		D	
   	@kui	0		J	
Puchzicht	####				
	#Puchzicht	0		H	sg n
üles	üles	0		D	
andis	and	is		V	s
.	.			Z	
Triin	Triin	0		H	sg n
Puchziht	####				
	#Puchzicht	0		H	sg n
surnud	surnu	d		S	pl n
      	surnud	0		A	
      	surnud	0		A	sg n
      	surnud	d		A	pl n
      	@sure	nud		V	nud
Paulsoni	####				
	#Paulson	0		H	sg g
lesk	lesk	0		S	sg n
vasta	vasta	0		V	o
oma	oma	0		A	sg g
   	oma	0		D	
   	@oma	0		P	sg g
   	oma	0		S	sg g
   	oma	0		V	o
   	oma	0		A	sg n
   	oma	0		A	sg p
   	oma	0		P	sg n
   	oma	0		P	sg p
   	oma	0		S	sg n
   	oma	0		S	sg p
mees	@mees	0		S	sg n
    	mesi	s		S	sg in
juures	juur	s		S	sg in
      	@juures	0		D	
      	juures	0		K	
olles	ole	es		V	des
,	,			Z	
et	et	0		J	
rohu	rohi	0		S	sg g
raha	raha	0		S	sg g
    	raha	0		S	sg n
    	@raha	0		S	sg p
Olga	@Olga	0		H	sg g
    	Olga	0		H	sg n
pääle	####				
	#peale 	0		D	
paljalt	@paljalt	0		D	
       	paljas	lt		A	sg abl
2	2	0		N	?
rubla	rubla	0		S	sg g
     	rubla	0		S	sg n
     	@rubla	0		S	sg p
ärä	####				
	#ära	0		D	
kulunud	@kulu	nud		V	nud
       	kulu=nu	d		S	pl n
       	kulunud	0		A	
       	kulunud	0		A	sg n
       	kulunud	d		A	pl n
.	.			Z	
Olga	@Olga	0		H	sg g
    	Olga	0		H	sg n
tohterdamine	tohterdamine	0		S	sg n
ja	ja	0		J	
matmise	matmine	0		S	sg g
pääle	####				
	#peale	0		K	
olla	ole	a		V	da
pool	pool	0		K	
    	pool	0		N	sg n
    	pool	0		S	sg n
    	pool	0		S	sg n
	¤
vähe	vähe	0		D
	¤
ema	ema	0		S	sg g
   	ema	0		S	sg n
   	ema	0		S	sg p
	¤
kui	kui	0		D	
   	@kui	0		J	
Puchzcht	####				
	#Puchzicht	0		H	sg n
nõuab	nõud	b		V	b
ärä	####				
	#ära	0		D	
kulunud	@kulu	nud		V	nud
       	kulu=nu	d		S	pl n
       	kulunud	0		A	
       	kulunud	0		A	sg n
       	kulunud	d		A	pl n
see	see	0		P	sg n
on	@ole	0		V	b
  	ole	0		V	vad
32	32	0		N	?
rubla	rubla	0		S	sg g
     	rubla	0		S	sg n
     	@rubla	0		S	sg p
50	50	0		N	?
kop	kop	0		Y	?
.	.			Z	
Paulsoni	####				
	#Paulson	0		H	sg g
perandaja	####				
	#pärandaja	0		H	sg n
Liini	Lii	ni		H	sg ter
     	liin	0		S	adt
     	liin	0		S	sg g
     	liin	0		S	sg p
	£Liini	0		H	sg n
Tillisson	####				
	#Tillisson	0		H	sg n
andis	and	is		V	s
üles	üles	0		D	
,	,			Z	
mes	####				
	#mis	0		P	sg n
Karl	Karl	0		H	sg n
Puchziht	####				
	#Puchzicht	0		H	sg n
surnud	surnu	d		S	pl n
      	surnud	0		A	
      	surnud	0		A	sg n
      	surnud	d		A	pl n
      	@sure	nud		V	nud
Paulsoni	####				
	#Paulson	0		H	sg g
varandusest	varandus	st		S	sg el
mes	####				
	#mis	0		P	sg n
mitte	mitte	0		D	
protokolli	@protokoll	0		S	adt
          	protokoll	0		S	sg g
          	protokolli	0		V	o
          	protokoll	0		S	sg p
üles	üles	0		D	
võetud	võe=tu	d		S	pl n
      	võetud	0		A	
      	võetud	0		A	sg n
      	võetud	d		A	pl n
      	@võt	tud		V	tud
omale	oma	le		A	sg all
     	@oma	le		P	sg all
     	oma	le		S	sg all
saanud	@saa	nud		V	nud
      	saa=nud	0		A	
      	saa=nud	0		A	sg n
      	saa=nud	d		A	pl n
      	saanu	d		S	pl n
pct	####				
	¤
.	.			Z	
1.	1.	0		O	?
üks	@üks	0		N	sg n
   	üks	0		P	sg n
kattetu	katte=tu	0		A	sg g
       	@katte=tu	0		A	sg n
kasuk	####				
	#kasukas	0		S	sg n
kanda	kand	0		S	adt
     	@kand	a		V	da
     	kand	0		S	sg p
saanud	@saa	nud		V	nud
      	saa=nud	0		A	
      	saa=nud	0		A	sg n
      	saa=nud	d		A	pl n
      	saanu	d		S	pl n
väärt	väärt	0		A	
     	@väärt	0		D	
23	23	0		N	?
Rbl	####				
	#Rbl	0		Y	?
.	.			Z	
pct	####				
	¤
2.	2.	0		O	?
üks	@üks	0		N	sg n
   	üks	0		P	sg n
üli	####				
	¤
kond	####				
	¤
riideid	riie	id		S	pl p
müinu	####				
	#müü	nu		V	nud
väärt	väärt	0		A	
     	@väärt	0		D	
10	10	0		N	?
Rbl	####				
	#Rbl	0		Y	?
.	.			Z	
pct	####				
	¤
3.	3.	0		O	?
üks	@üks	0		N	sg n
   	üks	0		P	sg n
palitu	palitu	0		S	sg g
      	@palitu	0		S	sg n
ärä	####				
	#ära	0		D	
müinu	####				
	#müü	nu		V	nud
raha	raha	0		S	sg g
    	raha	0		S	sg n
    	@raha	0		S	sg p
saanud	@saa	nud		V	nud
      	saa=nud	0		A	
      	saa=nud	0		A	sg n
      	saa=nud	d		A	pl n
      	saanu	d		S	pl n
11	11	0		N	?
Rbl	####				
	#Rbl	0		Y	?
.	.			Z	
pct	####				
	¤
4.	4.	0		O	?
üks	@üks	0		N	sg n
   	üks	0		P	sg n
väikene	väikene	0		A	sg n
kasuk	####				
	#kasukas	0		S	sg n
ärä	####				
	#ära	0		D	
müinud	####				
	#müü	nud		V	nud
12	12	0		N	?
Rubla	rubla	0		S	sg g
     	rubla	0		S	sg n
     	@rubla	0		S	sg p
pct	####				
	¤
5.	5.	0		O	?
üks	@üks	0		N	sg n
   	üks	0		P	sg n
suure	@suur	0		A	sg g
kattetu	katte=tu	0		A	sg g
       	@katte=tu	0		A	sg n
kasuk	####				
	#kasukas	0		S	sg n
müinud	####				
	#müü	nud		V	nud
22	22	0		N	?
Rubla	rubla	0		S	sg g
     	rubla	0		S	sg n
     	@rubla	0		S	sg p
pct	####				
	¤
6.	6.	0		O	?
Paulsonist	####				
	#Paulson	st		H	sg el
perrajanud	####				
	#perra_jää	nud		V	nud
vili	vili	0		S	sg n
:	:			Z	
4	4	0		N	?
tsetverti	####				
	#setvert	0		S	sg p
nisu	nisu	0		S	sg g
    	nisu	0		S	sg n
    	@nisu	0		S	sg p
väärt	väärt	0		A	
     	@väärt	0		D	
a	a	0		Y	?
tset	####				
	¤
10	10	0		N	?
rbl	rbl	0		Y	?
-	-			Z	
40	40	0		N	?
Rubla	rubla	0		S	sg g
     	rubla	0		S	sg n
     	@rubla	0		S	sg p
30	30	0		N	?
vakka	vakk	0		S	adt
     	@vakk	0		S	sg p
     	vakka	0		D	
rukki	rukis	0		S	adt
     	rukis	0		S	sg g
	£rukis	0		S	sg p
a	a	0		Y	?
vak	####				
	#vakk	0		S	sg n
3	3	0		N	?
rubla	rubla	0		S	sg g
     	rubla	0		S	sg n
     	@rubla	0		S	sg p
-	-			Z	
90	90	0		N	?
Rubla	rubla	0		S	sg g
     	rubla	0		S	sg n
     	@rubla	0		S	sg p
20	20	0		N	?
vakka	vakk	0		S	adt
     	@vakk	0		S	sg p
     	vakka	0		D	
kesvi	kesv	i		S	pl p
a	a	0		Y	?
vakk	vakk	0		S	sg n
2	2	0		N	?
rubla	rubla	0		S	sg g
     	rubla	0		S	sg n
     	@rubla	0		S	sg p
-	-			Z	
40	40	0		N	?
Rubla	rubla	0		S	sg g
     	rubla	0		S	sg n
     	@rubla	0		S	sg p
pct	####				
	¤
7.	7.	0		O	?
Karl	Karl	0		H	sg n
Puchzichi	####				
	#Puchzicht	0		H	sg g
pulma	pulm	0		S	adt
     	@pulm	0		S	sg g
     	pulm	0		S	sg p
pääle	####				
	#peale	0		K	
kulunud	@kulu	nud		V	nud
       	kulu=nu	d		S	pl n
       	kulunud	0		A	
       	kulunud	0		A	sg n
       	kulunud	d		A	pl n
100	100	0		N	?
Rubla	rubla	0		S	sg g
     	rubla	0		S	sg n
     	@rubla	0		S	sg p
pct	####				
	¤
8.	8.	0		O	?
Puchzichti	####				
	#Puchzicht	0		H	sg g
katte	katt	e		S	pl p
     	kate	0		S	sg g
	£kaks	te		N	sg g
sõsara	sõsar	0		S	sg g
pulma	pulm	0		S	adt
     	@pulm	0		S	sg g
     	pulm	0		S	sg p
kulu	kulg	0		S	sg g
    	kulu	0		S	sg g
    	kulu	0		V	o
    	@kulu	0		S	sg n
    	kulu	0		S	sg p
100	100	0		N	?
Rubla	rubla	0		S	sg g
     	rubla	0		S	sg n
     	@rubla	0		S	sg p
Summa	summ	0		S	adt
     	summ	0		S	sg g
     	summ	0		S	sg p
     	summa	0		S	sg g
     	@summa	0		S	sg n
448	448	0		N	?
Rubla	rubla	0		S	sg g
     	rubla	0		S	sg n
     	@rubla	0		S	sg p
See	see	0		P	sg n
nimetud	nimetu	d		A	pl n
	£nimeta	tud		V	tud
448	448	0		N	?
rubla	rubla	0		S	sg g
     	rubla	0		S	sg n
     	@rubla	0		S	sg p
olla	ole	a		V	da
Karl	Karl	0		H	sg n
Puchziht	####				
	#Puchzicht	0		H	sg n
pääle	####				
	#peale	0		K	
protokollis	@protokoll	s		S	sg in
           	protokolli	s		V	s
üles	@üles	0		D	
võetu	võetud	0		A	sg g
	£võt	tud		V	tud
kraami	kraam	0		S	adt
      	@kraam	0		S	sg g
      	kraami	0		V	o
      	kraam	0		S	sg p
surnud	surnu	d		S	pl n
      	surnud	0		A	
      	surnud	0		A	sg n
      	surnud	d		A	pl n
      	@sure	nud		V	nud
Paulsoni	####				
	#Paulson	0		H	sg g
varandusest	varandus	st		S	sg el
omale	oma	le		A	sg all
     	@oma	le		P	sg all
     	oma	le		S	sg all
saanud	@saa	nud		V	nud
      	saa=nud	0		A	
      	saa=nud	0		A	sg n
      	saa=nud	d		A	pl n
      	saanu	d		S	pl n
.	.			Z	
Lesk	lesk	0		S	sg n
Paulson	####				
	#Paulson	0		H	sg n
Triin	Triin	0		H	sg n
Puchzicht	####				
	#Puchzicht	0		H	sg n
palus	palu	s		S	sg in
     	@palu	s		V	s
protokolli	@protokoll	0		S	adt
          	protokoll	0		S	sg g
          	protokolli	0		V	o
          	protokoll	0		S	sg p
kirjutada	kirjuta	da		V	da
,	,			Z	
et	et	0		J	
kui	kui	0		D	
   	@kui	0		J	
Karl	Karl	0		H	sg n
Puchzicht	####				
	#Puchzicht	0		H	sg n
teda	tema	da		P	sg p
võtnud	@võt	nud		V	nud
      	võt=nu	d		S	pl n
      	võt=nud	0		A	
      	võt=nud	0		A	sg n
      	võt=nud	d		A	pl n
ja	ja	0		J	
Kendsile	####				
	#Kendsi	le		H	sg all
tullu	####				
	#tule	lu		V	nud
,	,			Z	
ollu	####				
	#ole	lu		V	nud
tema	tema	0		P	sg g
    	@tema	0		P	sg n
üks	üks	0		N	sg n
   	@üks	0		P	sg n
paljas	@paljas	0		A	sg n
      	paljas	s		A	sg in
inimene	inimene	0		S	sg n
ilma	ilm	0		S	adt
    	ilm	0		S	sg g
    	ilma	0		D	
    	@ilma	0		K	
    	ilm	0		S	sg p
ühegi	üks	0	gi	N	sg g
     	@üks	0	gi	P	sg g
     	ühe	0	gi	S	sg n
varanduseta	varandus	ta		S	sg ab
.	.			Z	
Tema	@tema	0		P	sg g
    	tema	0		P	sg n
K.	K.	0		Y	?
Puchzicht	####				
	#Puchzicht	0		H	sg n
ei	ei	0		D	
  	@ei	0		V	neg
olla	ole	a		V	da
surnud	surnu	d		S	pl n
      	surnud	0		A	
      	surnud	0		A	sg n
      	surnud	d		A	pl n
      	@sure	nud		V	nud
Paulsoni	####				
	#Paulson	0		H	sg g
laste	@laps	te		S	pl g
     	last	e		S	pl p
koolitamise	koolitamine	0		S	sg g
pääle	####				
	#peale	0		K	
veel	@veel	0		D	
    	vesi	l		S	sg ad
mitte	mitte	0		D	
midagi	miski	dagi		P	sg p
ärä	####				
	#ära	0		D	
kulutanud	@kuluta	nud		V	nud
         	kuluta=nu	d		S	pl n
         	kuluta=nud	0		A	
         	kuluta=nud	0		A	sg n
         	kuluta=nud	d		A	pl n
,	,			Z	
kah	kah	0		D	
mitte	mitte	0		D	
poold	####				
	#pool	d		N	sg p
sellest	see	st		P	sg el
,	,			Z	
mes	####				
	#mis	0		P	sg n
tema	@tema	0		P	sg g
    	tema	0		P	sg n
kohta	koht	0		S	adt
     	@kohta	0		K	
     	kohta	0		V	o
     	koht	0		S	sg p
protokolli	@protokoll	0		S	adt
          	protokoll	0		S	sg g
          	protokolli	0		V	o
          	protokoll	0		S	sg p
tähendud	####				
	#tähenda	dud		V	tud
,	,			Z	
mes	####				
	#mis	0		P	sg n
Puchzicht	####				
	#Puchzicht	0		H	sg n
täitma	täit	ma		V	ma
peab	pida	b		V	b
.	.			Z	
sääl	####				
	#seal	0		D	
Liini	Lii	ni		H	sg ter
     	liin	0		S	adt
     	liin	0		S	sg g
     	liin	0		S	sg p
	£Liini	0		H	sg n
juba	juba	0		D	
enne	@enne	0		D	
    	enne	0		K	
    	enne	0		S	sg n
olla	ole	a		V	da
ärä	####				
	#ära	0		D	
koolitud	kooli=tu	d		A	pl n
	£koolita	tud		V	tud
ning	ning	0		J	
teised	teine	d		O	pl n
      	@teine	d		P	pl n
lapsed	laps	d		S	pl n
oma	oma	0		A	sg g
   	oma	0		D	
   	@oma	0		P	sg g
   	oma	0		S	sg g
   	oma	0		V	o
   	oma	0		A	sg n
   	oma	0		A	sg p
   	oma	0		P	sg n
   	oma	0		P	sg p
   	oma	0		S	sg n
   	oma	0		S	sg p
kooli	kool	i		S	pl p
     	kool	0		S	adt
     	@kool	0		S	sg g
     	kool	0		S	sg p
aea	####				
	#aeg	0		S	sg g
sehen	####				
	#sees	0		K	
ärä	####				
	#ära	0		D	
surnud	surnu	d		S	pl n
      	surnud	0		A	
      	surnud	0		A	sg n
      	surnud	d		A	pl n
      	@sure	nud		V	nud
.	.			Z	
Karl	Karl	0		H	sg n
Puchzicht	####				
	#Puchzicht	0		H	sg n
vastas	@vasta	s		V	s
      	vastas	0		D	
      	vastas	0		K	
Liini	Lii	ni		H	sg ter
     	liin	0		S	adt
     	liin	0		S	sg g
     	liin	0		S	sg p
	£Liini	0		H	sg n
Tillisoni	tilli_soni	0		S	sg g
         	tilli_soni	0		S	sg n
         	tilli_soni	0		S	sg p
	£Tillisson	0		H	sg g
ülesantu	üles_antud	0		A	sg g
	£üles_and	tud		V	tud
rehnungi	rehnung	0		S	sg g
pääle	####				
	#peale	0		K	
.	.			Z	
pct	####				
	¤
1.	1.	0		O	?
2.	2.	0		O	?
3	3	0		N	?
ja	ja	0		J	
4	4	0		N	?
ei	ei	0		D	
  	@ei	0		V	neg
olla	ole	a		V	da
sugu	sugu	0		A	
    	@sugu	0		D	
    	sugu	0		S	sg n
    	sugu	0		S	sg p
õige	õige	0		A	sg g
    	@õige	0		A	sg n
    	õige	0		D	
ning	ning	0		J	
ei	ei	0		D	
  	@ei	0		V	neg
teedna	####				
	#tead	na		V	vat
sellest	see	st		P	sg el
mitte	mitte	0		D	
midagi	miski	dagi		P	sg p
.	.			Z	
pct	####				
	¤
5	5	0		N	?
üks	@üks	0		N	sg n
   	üks	0		P	sg n
kasuk	####				
	#kasukas	0		S	sg n
olla	ole	a		V	da
kül	####				
	#küll	0		D	
müidud	####				
	#müü	dud		V	tud
,	,			Z	
kelle	kes	0		P	pl g
     	@kes	0		P	sg g
eest	eest	0		D	
    	@eest	0		K	
    	esi	st		S	sg el
tema	tema	0		P	sg g
    	@tema	0		P	sg n
mitte	mitte	0		D	
see	see	0		P	sg n
raha	raha	0		S	sg g
    	@raha	0		S	sg n
    	raha	0		S	sg p
22	22	0		N	?
rubla	rubla	0		S	sg g
     	rubla	0		S	sg n
     	@rubla	0		S	sg p
oma	oma	0		A	sg g
   	oma	0		D	
   	@oma	0		P	sg g
   	oma	0		S	sg g
   	oma	0		V	o
   	oma	0		A	sg n
   	oma	0		A	sg p
   	oma	0		P	sg n
   	oma	0		P	sg p
   	oma	0		S	sg n
   	oma	0		S	sg p
kätte	@kätte	0		K	
     	käsi	tte		S	adt
ei	ei	0		D	
  	@ei	0		V	neg
olla	ole	a		V	da
saanud	@saa	nud		V	nud
      	saa=nud	0		A	
      	saa=nud	0		A	sg n
      	saa=nud	d		A	pl n
      	saanu	d		S	pl n
.	.			Z	
pct	####				
	¤
6.	6.	0		O	?
Nii	nii	0		D	
palju	@palju	0		D	
     	palju	0		P	sg g
     	palju	0		P	sg n
vilja	vili	0		S	adt
     	vili	0		S	sg g
     	@vili	0		S	sg p
ei	ei	0		D	
  	@ei	0		V	neg
olla	ole	a		V	da
tema	tema	0		P	sg g
    	@tema	0		P	sg n
sugu	sugu	0		A	
    	@sugu	0		D	
    	sugu	0		S	sg n
    	sugu	0		S	sg p
oma	oma	0		A	sg g
   	oma	0		D	
   	@oma	0		P	sg g
   	oma	0		S	sg g
   	oma	0		V	o
   	oma	0		A	sg n
   	oma	0		A	sg p
   	oma	0		P	sg n
   	oma	0		P	sg p
   	oma	0		S	sg n
   	oma	0		S	sg p
kätte	@kätte	0		K	
     	käsi	tte		S	adt
saanud	@saa	nud		V	nud
      	saa=nud	0		A	
      	saa=nud	0		A	sg n
      	saa=nud	d		A	pl n
      	saanu	d		S	pl n
,	,			Z	
kui	kui	0		D	
   	@kui	0		J	
paljald	####				
	#paljalt	0		D	
oma	oma	0		A	sg g
   	oma	0		D	
   	@oma	0		P	sg g
   	oma	0		S	sg g
   	oma	0		V	o
   	oma	0		A	sg n
   	oma	0		A	sg p
   	oma	0		P	sg n
   	oma	0		P	sg p
   	oma	0		S	sg n
   	oma	0		S	sg p
pruukimise	pruukimine	0		S	sg g
jagu	@jagu	0		S	sg n
    	jagu	0		V	o
    	jagu	0		S	sg p
.	.			Z	
pct	####				
	¤
7.	7.	0		O	?
Karl	Karl	0		H	sg n
Puchzicht	####				
	#Puchzicht	0		H	sg n
olla	ole	a		V	da
oma	oma	0		A	sg g
   	oma	0		D	
   	@oma	0		P	sg g
   	oma	0		S	sg g
   	oma	0		V	o
   	oma	0		A	sg n
   	oma	0		A	sg p
   	oma	0		P	sg n
   	oma	0		P	sg p
   	oma	0		S	sg n
   	oma	0		S	sg p
raha	@raha	0		S	sg g
    	raha	0		S	sg n
    	raha	0		S	sg p
70	70	0		N	?
rubla	rubla	0		S	sg g
     	rubla	0		S	sg n
     	@rubla	0		S	sg p
pulma	pulm	0		S	adt
     	@pulm	0		S	sg g
     	pulm	0		S	sg p
pääle	####				
	#peale 0		K	
ärä	####				
	#ära	0		D
kulutanu	kuluta=nu	0		S	sg g
        	kuluta=nu	0		S	sg n
	£kuluta	nu		V	nud
ning	ning	0		J	
ei	ei	0		D	
  	@ei	0		V	neg
teedna	####				
	#tead	na		V	vat
kui	@kui	0		D	
   	kui	0		J	
palju	@palju	0		D	
     	palju	0		P	sg g
     	palju	0		P	sg n
Triin	Triin	0		H	sg n
Puchzicht	####				
	#Puchzicht	0		H	sg n
ärä	####				
	#ära 0		D	
olla	ole	a		V	da
kulutanu	kuluta=nu	0		S	sg g
        	kuluta=nu	0		S	sg n
	£kuluta	nu		V	nud
.	.			Z	
pct	####				
	¤
8.	8.	0		O	?
Tema	tema	0		P	sg g
    	@tema	0		P	sg n
Karl	Karl	0		H	sg n
Puchzicht	####				
	#Puchzicht	0		H	sg n
olla	ole	a		V	da
oma	oma	0		A	sg g
   	oma	0		D	
   	@oma	0		P	sg g
   	oma	0		S	sg g
   	oma	0		V	o
   	oma	0		A	sg n
   	oma	0		A	sg p
   	oma	0		P	sg n
   	oma	0		P	sg p
   	oma	0		S	sg n
   	oma	0		S	sg p
rahaga	raha	ga		S	sg kom
oma	oma	0		A	sg g
   	oma	0		D	
   	@oma	0		P	sg g
   	oma	0		S	sg g
   	oma	0		V	o
   	oma	0		A	sg n
   	oma	0		A	sg p
   	oma	0		P	sg n
   	oma	0		P	sg p
   	oma	0		S	sg n
   	oma	0		S	sg p
sõsaril	####				
	#sõsar	il		S	pl ad
pulma	pulm	0		S	adt
     	pulm	0		S	sg g
     	@pulm	0		S	sg p
pidanu	pida=nu	0		S	sg g
      	pida=nu	0		S	sg n
	£pida	nu		V	nud
,	,			Z	
kellest	kes	st		P	pl el
       	@kes	st		P	sg el
purnud	####				
	#sure	nud		V	nud
Paulsoni	####				
	#Paulson	0		H	sg g
perijadel	####				
	#pärija	del		S	pl ad
kiige	kiik	0		S	sg g
     	kiige	0		S	sg n
	£kõige	0		D	
vähemad	vähem	d		C	pl n
	£vähem	d		C	sg p
nõudmist	nõudmine	t		S	sg p
ei	ei	0		D	
  	@ei	0		V	neg
olla	ole	a		V	da
võina	või	na		S	sg es
	£või	na		V	vat
.	.			Z	
Otsus	otsus	0		S	sg n
:	:			Z	
Tuleva	@tulev	0		A	sg g
korras	@kord	s		S	sg in
      	korras	0		A	
surnud	surnu	d		S	pl n
      	surnud	0		A	
      	surnud	0		A	sg n
      	surnud	d		A	pl n
      	@sure	nud		V	nud
Paulsoni	####				
	#Paulson	0		H	sg g
perijade	####				
	#pärija	del		S	pl g
vöölmönder	####				
	#vöörmünder	0		S	sg n
Jaan	@Jaan	0		H	sg n
    	jaan	0		S	sg n
    	jaan	0		Y	?
Peddajas	####				
	#Peddajas	0		H	sg n
ette	@ette	0		D	
    	ette	0		K	
    	esi	tte		S	adt
telli	telli	0		V	o
	£telli	0		V	da
.	.			Z	
