Suurest	suur	st		A	sg el
	£Suur	st		H	sg el
Rõngust	Rõngu	st		H	sg el
Pabbo	####				
	#Pabbo	0		H	sg n
Maks	maks	0		S	sg n
	£Maks	0		H	sg n
ja	ja	0		J	
temä	####				
	#tema	0		P	sg g
Kaemees	kae_mees	0		S	sg n
	£käe_mees	0		S	sg n
Mihkel	@Mihkel	0		H	sg n
      	mihkel	0		A	sg n
      	mihkel	0		S	sg n
Saar	saar	0		S	sg n
	£Saar	0		H	sg n
kaivas	####				
	#kaeba	s		V	s
Johann	Johann	0		H	sg n
Välli	####				
	#Völli	0		H	sg g
päle	####				
	#peale	0		K	
nidade	####				
	#nii_moodi	0		D	
:	:			Z	
Kui	kui	0		D	
   	@kui	0		J	
minna	mine	a		V	da
	£mina	0		P	sg n
5	5	0		N	?
aasta	@aasta	0		S	sg g
     	aasta	0		S	sg n
eest	eest	0		D	
    	@eest	0		K	
    	esi	st		S	sg el
kõrtsi	kõrts	0		S	adt
      	@kõrts	0		S	sg g
      	kõrts	0		S	sg p
tallun	####				
	#talu	n		S	sg in
teenman	####				
	#teeni	man		V	mas
olli	####				
	#ole	0		V	sin
ja	ja	0		J	
Johann	Johann	0		H	sg n
Völli	####				
	#Völli	0		H	sg n
olli	####				
	#ole	0		V	s
sääl	####				
	#seal	0		D	
lähikesen	####				
	#lähedal	0		D	
Tikotaja	####				
	#Tikotaja	0		H	sg g
tallun	####				
	#talu	n		S	sg in
,	,			Z	
temä	####				
	#tema	0		P	sg n
lubbas	####				
	#luba	s		V	s
minno	####				
	#mina	0		P	sg p
ärä	####				
	#ära	0		D	
vötta	####				
	#võt	a		V	da
ja	ja	0		J	
sel	@see	l		P	sg ad
   	sel	0		Y	?
4	4	0		N	?
Märtsil	märts	l		S	sg ad
1874	1874	0		N	?
viis	@vii	s		V	s
    	viis	0		N	sg n
    	viis	0		S	sg n
minno	####				
	#mina	0		P	sg p
eddimäst	####				
	#esimene	t		O	sg p
kõrda	####				
	#kord	0		S	sg p
lina	@lina	0		S	sg g
    	lina	0		S	sg n
    	lina	0		S	sg p
talgusse	####				
	#talgus	0		S	sg g
ajal	aeg	l		S	sg ad
    	@ajal	0		K	
aita	@ait	0		S	adt
    	aita	0		V	o
    	ait	0		S	sg p
treppi	trepp	0		S	adt
      	trepp	0		S	sg p
	£trepp	0		S	sg g
päle	####				
	#peale	0		K	
ja	ja	0		J	
käis	@käi	s		V	s
    	käis	0		S	sg n
mino	####				
	#mina	0		P	sg g
man	man	0		D	
   	@man	0		K	
,	,			Z	
selle	see	0		P	sg g
     	sell	e		S	pl p
	£selle	0		D	
et	et	0		J	
ta	tema	0		P	sg g
  	@tema	0		P	sg n
minno	####				
	#mina	0		P	sg p
lubbas	####				
	#luba	s		V	s
ärä	####				
	#ära	0		D	
võtta	võt	a		V	da
andsi	####				
	#and	si		V	sin
mina	@mina	0		P	sg n
    	mina	0		S	sg g
    	mina	0		S	sg n
    	mina	0		S	sg p
hendä	####				
	#ise	0		P	sg g
temä	####				
	#tema	0		P	sg g
kätte	@kätte	0		K	
     	käsi	tte		S	adt
ja	ja	0		J	
nida	####				
	¤
elläsime	####				
	#ela	sime		V	sime
allati	####				
	#alasti	0		D	
ihulikult	ihulik	lt		A	sg abl
         	@ihuliku=lt	0		D	
ütte	üte	0		S	sg g
	£ühte	0		D	
,	,			Z	
jo	####				
	#juba	0		D	
päle	####				
	#peale	0		K	
se	####				
	#see	0		P	sg g
5	5	0		N	?
näddäli	####				
	#nädal	0		S	sg g
perräst	####				
	#pärast	0		K	
ütli	####				
	#ütle	i		V	sin
mina	@mina	0		P	sg n
    	mina	0		S	sg g
    	mina	0		S	sg n
    	mina	0		S	sg p
tälle	####				
	#tema	le		P	sg all
küini	####				
	#küün	0		S	sg g
lävve	####				
	#lävi	0		S	sg g
pääl	####				
	#peal	0		K	
,	,			Z	
et	et	0		J	
minna	mine	a		V	da
	£mina	0		P	sg n
olle	####				
	#ole	0		V	n
rassetas	####				
	#rase	ks		A	sg tr
sanu	####				
	#saa	nu		V	nud
,	,			Z	
temä	####				
	#tema	0		P	sg n
üttel	üte	l		S	sg ad
	£ütle	0		V	s
:	:			Z	
lasse	lass	e		S	pl p
	£lask	0		V	o
külla	küll	0		S	adt
     	küll	0		S	sg g
     	küla	0		S	adt
     	küll	0		S	sg p
	£küla	0		S	sg g
naistel	naine	tel		S	pl ad
henda	####				
	#ise	0		P	sg
hõru	####				
	#hõõru	0		V	da
sis	####				
	#siis	0		D	
kaop	####				
	#kadu	p		V	b
ärä	####				
	#ära	0		D	
,	,			Z	
ent	ent	0		J	
mina	@mina	0		P	sg n
    	mina	0		S	sg g
    	mina	0		S	sg n
    	mina	0		S	sg p
es	es			H	?
	£ei	s		V	neg s
te	sina	0		P	pl g
  	sina	0		P	pl n
	£tege	0		V	o
seddä	####				
	#see	da		P	sg p
ja	ja	0		J	
ütle	ütle	0		V	o
	£ütle	0		V	n
Jumala	jumal	0		S	sg g
nink	####				
	#ning	0		J	
innimiste	####				
	#inimene	te		S	pl g
een	####				
	#ees	0		D	
,	,			Z	
et	et	0		J	
mino	####				
	#mina	0		P	sg g
man	man	0		D	
   	@man	0		K	
ei	ei	0		D	
  	@ei	0		V	neg
olle	####				
	#ole	0		V	o
keijgi	####				
	#keegi	0		P	sg n
mu	mina	0		P	sg g
	£muu	0		P	sg n
käinu	käinu	0		S	sg g
     	käinu	0		S	sg n
	£käi	nu		V	nud
kui	kui	0		D	
   	@kui	0		J	
Joh	####				
	#Joh	0		Y	
.	.			Z	
Völli	####				
	#Völli	0		H	sg n
.	.			Z	
Mina	@mina	0		P	sg n
    	mina	0		S	sg g
    	mina	0		S	sg n
    	mina	0		S	sg p
olles	ole	es		V	des
	£ole	s		V	ks
ka	ka	0		D	
jo	####				
	#juba	0		D	
enembi	####				
	#enne	0		D	
seddä	####				
	#see	da		P	sg p
asja	asi	0		S	adt
    	asi	0		S	sg g
    	@asi	0		S	sg p
kohtu	kohtu	0		V	o
     	@kohus	0		S	sg g
kätte	@kätte	0		K	
     	käsi	tte		S	adt
andnu	and=nu	0		S	sg g
     	and=nu	0		S	sg n
	£and	nu		V	nud
,	,			Z	
kui	kui	0		D	
   	@kui	0		J	
Johan	Johan	0		H	sg n
Völli	####				
	#Völli	0		H	sg n
mino	####				
	#mina	0		P	sg g
ennämb	####				
	#enam	0		D	
es	es			H	?
	£ei	s		V	neg s
tahha	####				
	#taht	0		V	o
ärä	####				
	#ära	0		D	
võtta	võt	a		V	da
,	,			Z	
se	####				
	#see	0		P	sg n
päle	####				
	#peale	0		D	
sündi	sünd	0		S	adt
     	sünd	0		S	sg p
	£sündi	0		V	s
lats	lats	0		S	sg n
	£laps	0		S	sg n
sel	@see	l		P	sg ad
   	sel	0		Y	?
26	26	0		N	?
Novbr	####				
	#Novbr	0		Y	
,	,			Z	
nink	####				
	#ning	0		D	
se	####				
	#see	0		P	sg n
lats	lats	0		S	sg n
	£laps	0		S	sg n
olli	####				
	#ole	i		V	s
kava	kava	0		S	sg g
    	kava	0		S	sg n
    	kava	0		S	sg p
	£kaua	0		D	
aiga	####				
	#aeg	0		S	sg p
väega	vägi	ga		S	sg kom
	#väga	0		D	
nõrk	nõrk	0		A	sg n
,	,			Z	
häddäline	####				
	#hädaline	0		S	sg n
ja	ja	0		J	
põdeja	põdeja	0		S	sg g
      	@põdeja	0		S	sg n
,	,			Z	
mina	@mina	0		P	sg n
    	mina	0		S	sg g
    	mina	0		S	sg n
    	mina	0		S	sg p
olle	####				
	#ole	0		V	n
ka	ka	0		D	
temäga	####				
	#tema	ga		P	sg kom
tahtnu	taht=nu	0		S	sg g
      	taht=nu	0		S	sg n
	£taht	nu		V	nud
hendä	####				
	#ise	0		P	sg g
vahel	vahe	l		S	sg ad
     	vahel	0		D	
     	@vahel	0		K	
leppi	lepp	i		S	pl p
	£leppi	0		V	da
ja	ja	0		J	
küsse	####				
	#küsi	0		V	sin
latse	lats	e		S	pl p
	£laps	0		S	sg g
toitmisse	toitmine	se		S	adt
	£toitmine	0		S	sg g
tarvis	tarvis	0		D	
      	@tarvis	0		K	
raha	raha	0		S	sg g
    	raha	0		S	sg n
    	@raha	0		S	sg p
,	,			Z	
ent	ent	0		J	
temä	####				
	#tema	0		P	sg n
es	es			H	?
	£ei	s		V	neg s
ana	####				
	#and	0		V	o
mulle	mull	e		S	pl p
     	@mina	lle		P	sg all
     	mulle	0		S	sg n
middägi	####				
	#miski	dagi		P	sg p
,	,			Z	
enge	####				
	¤
otsip	####				
	#otsi	p		V	b
kige	####				
	#kõik	0		P	sg g
sugutsil	####				
	#sugune	tsil		A	pl ad
võls	####				
	#võlts	0		A	sg n
tunistajat	####				
	#tunnistaja	t		S	sg p
mino	####				
	#mina	0		P	sg g
vasta	vasta	0		V	o
	£vastu	0		K	
ja	ja	0		J	
om	####				
	#ole	0		V	b
ni	####				
	#nii	0		D	
seddä	####				
	#see	da		P	sg p
aiga	####				
	#aeg	0		S	sg p
pikendanu	pikenda=nu	0		S	sg g
         	pikenda=nu	0		S	sg n
	£pikenda	nu		V	nud
,	,			Z	
kui	kui	0		D	
   	@kui	0		J	
ma	mina	0		P	sg n
temmä	####				
	#tema	0		P	sg g
käest	@käest	0		K	
     	käsi	st		S	sg el
raha	raha	0		S	sg g
    	raha	0		S	sg n
    	@raha	0		S	sg p
käisi	####				
	#käi	si		V	sin
otsman	####				
	#otsi	man		V	mas
vaip	vaip	0		S	sg n
	£või	p		V	b
moisa	####				
	#mõis	0		S	sg g
sep	####				
	#sepp	0		S	sg n
Jüri	Jüri	0		H	sg g
    	@Jüri	0		H	sg n
Peterson	Peterson	0		H	sg n
tunistada	####				
	#tunnista	da		V	da
,	,			Z	
temä	####				
	#tema	0		P	sg n
näggi	####				
	#näge	i		V	s
kui	kui	0		D	
   	@kui	0		J	
ma	mina	0		P	sg n
temä	####				
	#tema	0		P	sg n
man	man	0		D	
   	@man	0		K	
käisi	####				
	#käi	si		V	sin
,	,			Z	
ent	ent	0		J	
temä	####				
	#tema	0		P	sg n
es	es			H	?
	£ei	s		V	neg s
ana	####				
	#and	0		V	o
mulle	mull	e		S	pl p
     	@mina	lle		P	sg all
     	mulle	0		S	sg n
middägi	####				
	#miski	dägi		P	sg p
,	,			Z	
minna	mine	a		V	da
	£mina	0		P	sg n
nõvva	####				
	#nõud	0		V	n
temä	####				
	#tema	0		P	sg g
käest	@käest	0		K	
     	käsi	st		S	sg el
10	10	0		N	?
rbl	rbl	0		Y	?
eggä	####				
	#iga	0		P	sg n
aasta	aasta	0		S	sg g
     	@aasta	0		S	sg n
ja	ja	0		J	
10	10	0		N	?
aastat	aasta	t		S	sg p
eddesi	####				
	#edasi	0		D	
latse	lats	e		S	pl p
	£laps	0		S	sg g
toitmise	toitmine	0		S	sg g
eest	eest	0		D	
    	@eest	0		K	
    	esi	st		S	sg el
.	.			Z	
Johann	Johann	0		H	sg n
Völli	####				
	#Völli	0		H	sg n
tulli	tull	0		S	adt
     	tull	0		S	sg g
     	tull	0		S	sg p
	£tule	i		V	s
ette	@ette	0		D	
    	ette	0		K	
    	esi	tte		S	adt
nink	####				
	#ning	0		J	
üttel	üte	l		S	sg ad
	£ütle	0		V	s
:	:			Z	
minna	mine	a		V	da
	£mina	0		P	sg n
ei	ei	0		D	
  	@ei	0		V	neg
olle	####				
	#ole	0		V	o
mitte	mitte	0		D	
Pabbo	####				
	#Pabbo	0		H	sg n
Maksi	####				
	#Maks	0		H	sg p
putnu	####				
	#puutu	nu		V	nud
,	,			Z	
ei	ei	0		D	
  	@ei	0		V	neg
olle	####				
	#ole	0		V	o
ka	ka	0		D	
tema	@tema	0		P	sg g
    	tema	0		P	sg n
man	man	0		D	
   	@man	0		K	
käinu	käinu	0		S	sg g
     	käinu	0		S	sg n
	£käi	nu		V	nud
n	n	0		Y	?
.	.			Z	
se	####				
	#see	0		P	sg n
lats	lats	0		S	sg n
	£laps	0		S	sg n
ei	ei	0		D	
  	@ei	0		V	neg
olle	####				
	#ole	0		V	o
mino	####				
	#mina	0		P	sg g
perrält	####				
	#päralt	0		K	
,	,			Z	
enge	####				
	¤
Andres	Andre	s		H	sg in
      	@Andres	0		H	sg n
Hahn	####				
	#Hahn	0		H	sg n
ollev	####				
	#ole	v		V	vat
temäga	####				
	#tema	ga		P	sg kom
ellänu	####				
	#ela	nu		V	nud
,	,			Z	
seddä	####				
	#see	dä		P	sg p
tunistap	####				
	#tunnista	p		V	b
Hans	Hans	0		H	sg n
Uibo	Uibo	0		H	sg g
    	@Uibo	0		H	sg n
.	.			Z	
Johan	Johan	0		H	sg n
Völli	####				
	#Völli 	0		H	sg n
and	and	0		S	sg n
	#and	0		V	s
ülles	####				
	#üles	0		D	
et	et	0		J	
Andres	Andre	s		H	sg in
      	@Andres	0		H	sg n
Völli	####				
	#Völli	0		H	sg n
om	####				
	#ole	0		V	b
ka	ka	0		D	
Pabbo	####				
	#Pabbo	0		H	sg n
Maks	maks	0		S	sg n
	#Maks	0		H	sg n
man	man	0		D	
   	@man	0		K	
küinin	####				
	#küün	n		S	sg in
käinu	käinu	0		S	sg g
     	käinu	0		S	sg n
	£käi	nu		V	nud
ja	ja	0		J	
mütsi	müts	0		S	adt
     	@müts	0		S	sg g
     	müts	0		S	sg p
sinna	sinna	0		D	
jätnu	jät=nu	0		S	sg g
     	jät=nu	0		S	sg n
	£jät	nu		V	nud
,	,			Z	
nisama	####				
	#nii_sama	0		D	
and	and	0		S	sg n
	£and	0		V	s
ka	ka	0		D	
ülles	####				
	#üles	0		D	
et	et	0		J	
Peter	Peter	0		H	sg n
Tam	####				
	#Tam	0		H	sg n
om	####				
	#ole	0		V	b
Pabbo	####				
	#Pabbo	0		H	sg n
Maks	maks	0		S	sg n
	£Maks	0		H	sg n
man	man	0		D	
   	@man	0		K	
käinu	käinu	0		S	sg g
     	käinu	0		S	sg n
	£käi	nu		V	nud
ja	ja	0		J	
omma	####				
	#oma	0		P	sg g
mütsi	müts	0		S	adt
     	@müts	0		S	sg g
     	müts	0		S	sg p
sinnä	####				
	#sinna	0		D	
jätnu	jät=nu	0		S	sg g
     	jät=nu	0		S	sg n
	£jät	nu		V	nud
,	,			Z	
ja	ja	0		J	
et	et	0		J	
Andres	Andre	s		H	sg in
      	@Andres	0		H	sg n
Tuul	tuul	0		S	sg n
	£Tuul	0		H	sg n
om	####				
	#ole	0		V	b
olnu	olnu	0		S	sg g
    	olnu	0		S	sg n
	£ole	nu		V	nud
üttel	üte	l		S	sg ad
	£üks	l		P	sg ad
päival	####				
	#päev	l		S	sg ad
Pabbo	####				
	#Pabbo	0		H	sg n
Maksiga	maks_iga	0		S	sg n
       	maks_iga	0		S	sg p
	£Maks	ga		H	sg kom
sängi	säng	0		S	adt
     	@säng	0		S	sg g
     	säng	0		S	sg p
pääl	####				
	#peal	0		K	
maan	####				
	#maa	n		S	sg in
,	,			Z	
sedda	####				
	#see	da		P	sg p
om	####				
	#ole	0		V	b
Peter	Peter	0		H	sg n
Janson	####				
	#Janson	0		H	sg n
ja	ja	0		J	
Mihkel	@Mihkel	0		H	sg n
      	mihkel	0		A	sg n
      	mihkel	0		S	sg n
Murri	####				
	#Murri	0		H	sg n
nännu	####				
	#näge	nu		V	nud
.	.			Z	
Nisama	####				
	#nii_sama	0		D	
üttel	üte	l		S	sg ad
	#ütle	0		V	s
Johan	Johan	0		H	sg n
Völli	####				
	#Völli	0		H	sg n
,	,			Z	
et	et	0		J	
Ado	Ado	0		H	sg g
   	@Ado	0		H	sg n
Vahha	####				
	#Vahha	0		H	sg n
om	####				
	#ole	0		V	b
kõnelnu	kõnel=nu	0		S	sg g
       	kõnel=nu	0		S	sg n
	£kõnele	nu		V	nud
,	,			Z	
et	et	0		J	
Jaan	@Jaan	0		H	sg n
    	jaan	0		S	sg n
    	jaan	0		Y	?
Kurrik	####				
	#Kurrik	0		H	sg n
ollev	####				
	#ole	v		V	vat
Pabbo	####				
	#Pabbo	0		H	sg n
Maks	maks	0		S	sg n
	#Maks	0		H	sg n
man	man	0		D	
   	@man	0		K	
käinu	käinu	0		S	sg g
     	käinu	0		S	sg n
	£käi	nu		V	nud
,	,			Z	
Peter	Peter	0		H	sg n
Jansen	####				
	#Jansen	0		H	sg n
om	####				
	#ole	0		V	b
kuulnu	kuulnu	0		S	sg g
      	kuulnu	0		S	sg n
	£kuul	nu		V	nud
et	et	0		J	
Ado	Ado	0		H	sg g
   	@Ado	0		H	sg n
Vahha	####				
	#Vahha	0		H	sg n
üttelnu	####				
	#ütle	nu		V	nud
,	,			Z	
et	et	0		J	
Jaan	@Jaan	0		H	sg n
    	jaan	0		S	sg n
    	jaan	0		Y	?
Kurrik	####				
	#Kurrik	0		H	sg n
2	2	0		N	?
kõrda	####				
	#kord	0		S	sg p
Pabbo	####				
	#Pabbo	0		H	sg n
Maks	maks	0		S	sg n
	£Maks	0		H	sg n
man	man	0		D	
   	@man	0		K	
käinu	käinu	0		S	sg g
     	käinu	0		S	sg n
	£käi	nu		V	nud
ollevat	####				
	#ole	vat		V	vat
.	.			Z	
Veel	@veel	0		D	
    	vesi	l		S	sg ad
and	and	0		S	sg n
	£and	0		V	s
Johan	Johan	0		H	sg n
Völli	####				
	#Völli	0		H	sg n
ülles	####				
	#üles	0		D	
et	et	0		J	
Adolph	####				
	#Adolph	0		H	sg n
Muhli	####				
	#Muhli	0		H	sg n
P.	P.	0		Y	?
Maksi	####				
	#Maks	0		H	sg g
man	man	0		D	
   	@man	0		K	
käinu	käinu	0		S	sg g
     	käinu	0		S	sg n
	£käi	nu		V	nud
,	,			Z	
sedda	####				
	#see	da		P	sg p
ollev	####				
	#ole	v		V	vat
Peter	Peter	0		H	sg n
Jännes	####				
	#Jänes	0		H	sg n
kõnnelnu	####				
	#kõnele	nu		V	nud
.	.			Z	
Nisama	####				
	#nii_sama	0		D	
and	and	0		S	sg n
	£and	0		V	s
Johan	Johan	0		H	sg n
Völli	####				
	#Völli	0		H	sg n
ülles	####				
	#üles	0		D	
et	et	0		J	
Karl	Karl	0		H	sg n
Hahn	####				
	#Hahn	0		H	sg n
tijap	####				
	#tead	p		V	b
kül	####				
	#küll	0		D	
kes	@kes	0		P	pl n
   	kes	0		P	sg n
ne	####				
	#see	0		P	pl n
poisi	poiss	0		S	sg g
	£poiss	0		S	pl n
omma	####				
	#ole	ma		V	vad
kes	@kes	0		P	pl n
   	kes	0		P	sg n
Pabbo	####				
	#Pabbo	0		H	sg n
maks	maks	0		S	sg n
	£Maks	0		H	sg n
man	man	0		D	
   	@man	0		K	
käinu	käinu	0		S	sg g
     	käinu	0		S	sg n
	£käi	nu		V	nud
.	.			Z	
Andres	Andre	s		H	sg in
      	@Andres	0		H	sg n
Hahn	####				
	#Hahn	0		H	sg n
lasti	last	0		S	adt
     	last	0		S	sg g
     	lasti	0		V	o
     	@lask	ti		V	ti
     	last	0		S	sg p
ette	@ette	0		D	
    	ette	0		K	
    	esi	tte		S	adt
tulla	tule	a		V	da
temä	####				
	#tema	0		P	sg n
üttel	üte	l		S	sg ad
	£ütle	0		V	s
:	:			Z	
eesmalt	####				
	#esmalt	0		D	
,	,			Z	
et	et	0		J	
minna	mine	a		V	da
	£mina	0		P	sg n
olle	####				
	#ole	0		V	n
Pabbo	####				
	#Pabbo	0		H	sg n
Maksiga	maks_iga	0		S	sg n
       	maks_iga	0		S	sg p
	£Maks	ga		H	sg kom
ütten	####				
	#ühes	0		D	
ellänu	####				
	#ela	nu		V	nud
,	,			Z	
ent	ent	0		J	
Juuni	@juuni	0		S	sg g
     	juuni	0		S	sg n
kuul	@kuu	l		S	sg ad
    	kuul	0		S	sg n
1878	1878	0		N	?
üttel	üte	l		S	sg ad
	£ütle	0		V	s
:	:			Z	
et	et	0		J	
minna	mine	a		V	da
	£mina	0		P	sg n
olle	####				
	#ole	0		V	n
kül	####				
	#küll	0		D	
ütten	####				
	#ühes	0		D	
tallun	####				
	#talu	n		S	sg in
ellänu	####				
	#ela	nu		V	nud
,	,			Z	
mina	@mina	0		P	sg n
    	mina	0		S	sg g
    	mina	0		S	sg n
    	mina	0		S	sg p
ei	ei	0		D	
  	@ei	0		V	neg
olle	####				
	#ole	0		V	o
mitte	mitte	0		D	
ihulikult	ihulik	lt		A	sg abl
         	@ihuliku=lt	0		D	
temäga	####				
	#tema	ga		P	sg kom
kokku	@kokku	0		D	
     	kogu	0		S	adt
ellänu	####				
	#ela	nu		V	nud
,	,			Z	
sel	@see	l		P	sg ad
   	sel	0		Y	?
15	15	0		N	?
Vebr	####				
	#Vebr	0		Y	
.	.			Z	
1879	1879	0		N	?
üttel	üte	l		S	sg ad
Andres	Andre	s		H	sg in
      	@Andres	0		H	sg n
Hahn	####				
	#Hahn	0		H	sg n
,	,			Z	
et	et	0		J	
Johann	Johann	0		H	sg n
	£Johan	0		H	sg n
Völli	####				
	#Völli	0		H	sg n
pakus	pakk	s		S	sg in
	£pakku	s		V	s
mulle	mull	e		S	pl p
     	@mina	lle		P	sg all
     	mulle	0		S	sg n
eesmält	####				
	#esmalt	0		D	
10	10	0		N	?
rbl	rbl	0		Y	?
et	et	0		J	
ma	mina	0		P	sg n
pias	####				
	#pida	s		V	ks
nido	####				
	¤
tunistama	####				
	#tunnista	ma		V	ma
,	,			Z	
ent	ent	0		J	
mina	@mina	0		P	sg n
    	mina	0		S	sg g
    	mina	0		S	sg n
    	mina	0		S	sg p
ei	ei	0		D	
  	@ei	0		V	neg
olle	####				
	#ole	0		V	o
mitte	mitte	0		D	
Pabbo	####				
	#Pabbo	0		H	sg n
Maksi	####				
	#Maks	0		H	sg g
man	man	0		D	
   	@man	0		K	
käinu	käinu	0		S	sg g
     	käinu	0		S	sg n
	£käi	nu		V	nud
,	,			Z	
sest	see	st		P	sg el
    	@sest	0		J	
minä	####				
	#mina	0		P	sg n
tulli	tull	0		S	adt
     	tull	0		S	sg g
     	tull	0		S	sg p
	£tule	i		V	sin
sinnä	####				
	#sinna	0		D	
tallule	####				
	#talu	le		S	sg all
veel	@veel	0		D	
    	vesi	l		S	sg ad
Juni	####				
	#juuni	0		S	sg g
kuul	@kuu	l		S	sg ad
    	kuul	0		S	sg n
elläma	####				
	#ela	ma		V	ma
ja	ja	0		J	
Johann	Johann	0		H	sg n
	£Johan	0		H	sg n
Völli	####				
	#Völli	0		H	sg n
olli	####				
	#ole	i		V	s
4	4	0		N	?
Märtsist	märts	st		S	sg el
Pabbo	####				
	#Pabbo	0		H	sg n
Maksiga	maks_iga	0		S	sg n
       	maks_iga	0		S	sg p
	£Maks	ga		H	sg kom
,	,			Z	
minna	mine	a		V	da
	£mina	0		P	sg n
ei	ei	0		D	
  	@ei	0		V	neg
olle	####				
	#ole	0		V	o
mitte	mitte	0		D	
Pabbo	####				
	#Pabbo	0		H	sg n
Maksiga	maks_iga	0		S	sg n
       	maks_iga	0		S	sg p
	£Maks	ga		H	sg kom
enne	@enne	0		D	
    	enne	0		K	
    	enne	0		S	sg n
koon	koon	0		S	sg n
    	kudu	n		V	n
	£koos	0		D	
olnu	olnu	0		S	sg g
    	olnu	0		S	sg n
	£ole	nu		V	nud
kui	kui	0		D	
   	@kui	0		J	
süggise	####				
	#sügis	0		S	sg g
tulli	tull	0		S	adt
     	tull	0		S	sg g
     	tull	0		S	sg p
	£tule	i		V	s
saapit	####				
	#saabas	it		S	pl p
tallitama	####				
	#talita	ma		V	ma
.	.			Z	
Tunistaja	####				
	#tunnistaja	0		S	sg n
Hans	Hans	0		H	sg n
Uibo	Uibo	0		H	sg g
    	@Uibo	0		H	sg n
vene	@vene	0		G	
    	vene	0		S	sg g
    	vene	0		S	sg n
usku	usk	0		S	adt
    	@usk	0		S	sg p
üttel	üte	l		S	sg ad
	£ütle	0		V	s
Märtsi	märts	0		S	adt
      	@märts	0		S	sg g
      	märts	0		S	sg p
kuul	@kuu	l		S	sg ad
    	kuul	0		S	sg n
:	:			Z	
minna	mine	a		V	da
	£mina	0		P	sg n
ei	ei	0		D	
  	@ei	0		V	neg
tijaPabbo	####				
	¤
Maks	maks	0		S	sg n
	£Maks	0		H	sg n
asjust	asi	ust		S	pl el
middägi	####				
	#miski	dägi		P	sg p
ent	ent	0		J	
sel	@see	l		P	sg ad
   	sel	0		Y	?
24	24	0		N	?
Aprillil	aprill	l		S	sg ad
üttel	üte	l		S	sg ad
	£ütle	0		V	s
:	:			Z	
et	et	0		J	
Andres	Andre	s		H	sg in
      	@Andres	0		H	sg n
Hahn	####				
	#Hahn	0		H	sg n
üttel	üte	l		S	sg ad
	£ütle	0		V	s
essi	####				
	#ise	0		P	sg n
mulle	mull	e		S	pl p
     	@mina	lle		P	sg all
     	mulle	0		S	sg n
et	et	0		J	
temmä	####				
	#tema	0		P	sg n
Pabbo	####				
	#Pabbo	0		H	sg n
Maks	maks	0		S	sg n
	£Maks	0		H	sg n
man	man	0		D	
   	@man	0		K	
om	####				
	#ole	0		V	b
käinu	käinu	0		S	sg g
     	käinu	0		S	sg n
	£käi	nu		V	nud
.	.			Z	
Andres	Andre	s		H	sg in
      	@Andres	0		H	sg n
Völli	####				
	#Völli	0		H	sg n
vene	@vene	0		G	
    	vene	0		S	sg g
    	vene	0		S	sg n
usku	usk	0		S	adt
    	@usk	0		S	sg p
üttel	üte	l		S	sg ad
	£ütle	0		V	s
:	:			Z	
kui	kui	0		D	
   	@kui	0		J	
Johann	Johann	0		H	sg n
	£Johan	0		H	sg n
Völli	####				
	#Völli	0		H	sg n
kõrtsi	kõrts	0		S	adt
      	@kõrts	0		S	sg g
      	kõrts	0		S	sg p
lahul	lahk	l		S	sg ad
	¤
olli	####				
	#ole	i		V	s
sis	####				
	#siis	0		D	
käisi	####				
	#käi	si		V	sin
kül	####				
	#küll	0		D	
mina	@mina	0		P	sg n
    	mina	0		S	sg g
    	mina	0		S	sg n
    	mina	0		S	sg p
sääl	####				
	#seal	0		D	
,	,			Z	
ent	ent	0		J	
mina	@mina	0		P	sg n
    	mina	0		S	sg g
    	mina	0		S	sg n
    	mina	0		S	sg p
ei	ei	0		D	
  	@ei	0		V	neg
tija	####				
	#tead	0		V	o
Pabbo	####				
	#Pabbo	0		H	sg n
Maks	maks	0		S	sg n
	£Maks	0		H	sg n
asjast	asi	st		S	sg el
middaägi	####				
	#miski	daägi		P	sg p
,	,			Z	
ei	ei	0		D	
  	@ei	0		V	neg
olle	####				
	#ole	0		V	o
ka	ka	0		D	
konnagi	konn	0	gi	S	adt
       	konn	0	gi	S	sg g
       	konn	0	gi	S	sg p
	£kunagi	0		D	
Pabbo	####				
	#Pabbo	0		H	sg n
Maks	maks	0		S	sg n
	£Maks	0		H	sg n
man	man	0		D	
   	@man	0		K	
küinin	####				
	#küün	n		S	sg in
käinu	käinu	0		S	sg g
     	käinu	0		S	sg n
	£käi	nu		V	nud
.	.			Z	
Peter	Peter	0		H	sg n
Tamm	tamm	0		S	sg n
	£Tamm	0		H	sg n
vene	@vene	0		G	
    	vene	0		S	sg g
    	vene	0		S	sg n
usku	usk	0		S	adt
    	@usk	0		S	sg p
üttel	üte	l		S	sg ad
	£ütle	0		V	s
:	:			Z	
mina	@mina	0		P	sg n
    	mina	0		S	sg g
    	mina	0		S	sg n
    	mina	0		S	sg p
ei	ei	0		D	
  	@ei	0		V	neg
olle	####				
	#ole	0		V	o
mitte	mitte	0		D	
Pabbo	####				
	#Pabbo	0		H	sg n
Maks	maks	0		S	sg n
	£Maks	0		H	sg n
man	man	0		D	
   	@man	0		K	
käinu	käinu	0		S	sg g
     	käinu	0		S	sg n
	£käi	nu		V	nud
ei	@ei	0		D	
  	ei	0		V	neg
ka	ka	0		D	
konagi	####				
	#kunagi	0		D	
omma	####				
	#oma	0		P	sg g
mütsi	müts	0		S	adt
     	müts	0		S	sg g
     	@müts	0		S	sg p
mahha	####				
	#maha	0		D	
jätnu	jät=nu	0		S	sg g
     	jät=nu	0		S	sg n
	£jät	nu		V	nud
.	.			Z	
Andres	Andre	s		H	sg in
      	@Andres	0		H	sg n
Tuul	tuul	0		S	sg n
	£Tuul	0		H	sg n
kes	kes	0		P	pl n
   	@kes	0		P	sg n
nüüd	nüüd	0		D	
Tarto	Tarto	0		H	sg g
     	Tarto	0		H	sg n
	£Tartu	0		H	sg g
linan	####				
	#linn	n		S	sg in
elläp	####				
	#ela	p		V	b
üttel	üte	l		S	sg ad
	£ütle	0		V	s
:	:			Z	
se	####				
	#see	0		P	sg n
olli	####				
	#ole	i		V	s
päiva	####				
	#päev	0		S	sg g
kui	kui	0		D	
   	@kui	0		J	
mina	@mina	0		P	sg n
    	mina	0		S	sg g
    	mina	0		S	sg n
    	mina	0		S	sg p
Pabbo	####				
	#Pabbo	0		H	sg n
Maks	maks	0		S	sg n
	£Maks	0		H	sg n
sangi	####				
	#säng	0		S	sg g
pääl	####				
	#peal	0		K	
nalja	nali	0		S	adt
     	@nali	0		S	sg g
     	nali	0		S	sg p
perräst	####				
	#pärast	0		K	
maan	####				
	#maa	n		S	sg in
olli	####				
	#ole	i		V	sin
,	,			Z	
seddä	####				
	#see	dä		P	sg p
nägevä	####				
	#näge	vä		V	sid
kül	####				
	#küll	0		D	
Peter	Peter	0		H	sg n
Janson	####				
	#Janson	0		H	sg n
ja	ja	0		J	
Mihkel	@Mihkel	0		H	sg n
      	mihkel	0		A	sg n
      	mihkel	0		S	sg n
Murri	####				
	#Murri	0		H	sg n
,	,			Z	
eggä	####				
	#ega	0		D	
mina	@mina	0		P	sg n
    	mina	0		S	sg g
    	mina	0		S	sg n
    	mina	0		S	sg p
sis	####				
	#siis	0		D	
häbemata	häbemata	0		D	
tööd	töö	d		S	pl n
    	@töö	d		S	sg p
tõiste	####				
	#teine	te		P	pl g
nätten	####				
	#näge	ten		V	des
es	es			H	?
	#ei	s		V	neg s
voi	####				
	#või	0		V	o
tetta	####				
	#tege	ta		V	da
.	.			Z	
Tunnistaja	tunnistaja	0		S	sg g
          	@tunnistaja	0		S	sg n
Peter	Peter	0		H	sg n
Janson	####				
	#Janson	0		H	sg n
l.u	####				
	¤
.	.			Z	
üttel	üte	l		S	sg ad
	£ütle	0		V	s
:	:			Z	
Andres	Andre	s		H	sg in
      	@Andres	0		H	sg n
Tuul	tuul	0		S	sg n
	£Tuul	0		H	sg n
olli	####				
	#ole	i		V	s
Pabbo	####				
	#Pabbo	0		H	sg n
Maksiga	maks_iga	0		S	sg n
       	maks_iga	0		S	sg p
	£Maks	ga		H	sg kom
sängin	####				
	#säng	n		S	sg in
,	,			Z	
mina	@mina	0		P	sg n
    	mina	0		S	sg g
    	mina	0		S	sg n
    	mina	0		S	sg p
es	es			H	?
	£ei	s		V	neg s
näe	näge	0		V	o
mes	####				
	#mis	0		P	sg n
na	na	0		D	
	£tema	0		P	pl n
tegiva	####				
	#tege	iva		V	sid
,	,			Z	
se	####				
	#see	0		P	sg n
olli	####				
	#ole	i		V	s
õddango	####				
	#õhtul	0		D	
.	.			Z	
Tunistaja	####				
	#tunnistaja	0		S	sg n
Mihkel	@Mihkel	0		H	sg n
      	mihkel	0		A	sg n
      	mihkel	0		S	sg n
Murri	####				
	#Murri	0		H	sg n
vene	@vene	0		G	
    	vene	0		S	sg g
    	vene	0		S	sg n
usku	usk	0		S	adt
    	@usk	0		S	sg p
üttel	üte	l		S	sg ad
	£ütle	0		V	s
:	:			Z	
mina	@mina	0		P	sg n
    	mina	0		S	sg g
    	mina	0		S	sg n
    	mina	0		S	sg p
näije	####				
	#näge	ije		V	sin
et	et	0		J	
Andres	Andre	s		H	sg in
      	@Andres	0		H	sg n
Tuul	tuul	0		S	sg n
	£Tuul	0		H	sg n
olli	####				
	#ole	i		V	s
Pabbo	####				
	#Pabbo	0		H	sg n
Maksiga	maks_iga	0		S	sg n
       	maks_iga	0		S	sg p
	£Maks	ga		H	sg kom
sängin	####				
	#säng	n		S	sg in
se	####				
	#see	0		P	sg n
olli	####				
	#ole	i		V	s
õddango	####				
	#õhtul	0		D	
.	.			Z	
Tunistaja	####				
	#tunnistaja	0		S	sg n
Ado	Ado	0		H	sg g
   	@Ado	0		H	sg n
Vahha	####				
	#Vahha	0		H	sg n
vene	@vene	0		G	
    	vene	0		S	sg g
    	vene	0		S	sg n
usku	usk	0		S	adt
    	@usk	0		S	sg p
üttel	üte	l		S	sg ad
	£ütle	0		V	s
:	:			Z	
Johan	Johan	0		H	sg n
Völli	####				
	#Völli	0		H	sg n
küsse	####				
	#küsi	0		V	s
mino	####				
	#mina	0		P	sg g
käest	@käest	0		K	
     	käsi	st		S	sg el
,	,			Z	
kas	kas	0		D	
sa	sina	0		P	sg n
tija	####				
	#tead	0		V	d
et	et	0		J	
Jaan	@Jaan	0		H	sg n
    	jaan	0		S	sg n
    	jaan	0		Y	?
Kurik	####				
	#Kurrik	0		H	sg n
om	####				
	#ole	0		V	b
Pabbo	####				
	#Pabbo	0		H	sg n
Maksi	####				
	#Maks	0		H	sg g
man	man	0		D	
   	@man	0		K	
käinu	käinu	0		S	sg g
     	käinu	0		S	sg n
	£käi	nu		V	nud
,	,			Z	
mina	@mina	0		P	sg n
    	mina	0		S	sg g
    	mina	0		S	sg n
    	mina	0		S	sg p
ütli	####				
	#ütle	i		V	sin
et	et	0		J	
temä	####				
	#tema	0		P	sg n
kõnel	kõne	l		S	sg ad
	£kõnele	0		V	s
katsite	kat	site		V	site
	¤
n	n	0		Y	?
.	.			Z	
se	####				
	#see	0		P	sg n
olli	####				
	#ole	i		V	s
nalja	nali	0		S	adt
     	@nali	0		S	sg g
     	nali	0		S	sg p
perräst	####				
	#pärast	0		K	
ütteldu	####				
	#ütle	du		V	tud
,	,			Z	
ent	ent	0		J	
minna	mine	a		V	da
	£mina	0		P	sg n
ei	ei	0		D	
  	@ei	0		V	neg
tija	####				
	#tead	0		V	o
sest	@see	st		P	sg el
    	sest	0		J	
middägi	####				
	#miski	dägi		P	sg p
.	.			Z	
Se	####				
	#see	0		P	sg n
man	man	0		D	
   	@man	0		K	
olli	####				
	#ole	i		V	s
Peter	Peter	0		H	sg n
Janson	####				
	#Janson	0		H	sg n
temmä	####				
	#tema	0		P	sg n
üttel	üte	l		S	sg ad
	£ütle	0		V	s
et	et	0		J	
Ado	Ado	0		H	sg g
   	@Ado	0		H	sg n
Vahha	####				
	#Vahha	0		H	sg n
üttel	üte	l		S	sg ad
	£ütle	0		V	s
:	:			Z	
et	et	0		J	
Jaan	@Jaan	0		H	sg n
    	jaan	0		S	sg n
    	jaan	0		Y	?
Kurrik	####				
	#Kurrik	0		H	sg n
om	####				
	#ole	0		V	b
Pabbo	####				
	#Pabbo	0		H	sg n
Maks	maks	0		S	sg n
	£Maks	0		H	sg n
man	man	0		D	
   	@man	0		K	
2	2	0		N	?
kõrda	####				
	#kord	0		S	sg p
käinu	käinu	0		S	sg g
     	käinu	0		S	sg n
	£käi	nu		V	nud
.	.			Z	
Jaan	@Jaan	0		H	sg n
    	jaan	0		S	sg n
    	jaan	0		Y	?
Kurrik	####				
	#Kurrik	0		H	sg n
lasti	last	0		S	adt
     	last	0		S	sg g
     	lasti	0		V	o
     	@lask	ti		V	ti
     	last	0		S	sg p
ette	@ette	0		D	
    	ette	0		K	
    	esi	tte		S	adt
tulla	tule	a		V	da
temmä	####				
	#tema	0		P	sg n
üttel	üte	l		S	sg ad
	£ütle	0		V	s
:	:			Z	
minna	mine	a		V	da
	£mina	0		P	sg n
ei	ei	0		D	
  	@ei	0		V	neg
olle	####				
	#ole	0		V	o
Pabbo	####				
	#Pabbo	0		H	sg n
Maks	maks	0		S	sg n
	£Maks	0		H	sg n
man	man	0		D	
   	@man	0		K	
mitte	mitte	0		D	
käinu	käinu	0		S	sg g
     	käinu	0		S	sg n
	£käi	nu		V	nud
,	,			Z	
se	####				
	#see	0		P	sg n
om	####				
	#ole	0		V	b
üts	####				
	#üks	0		P	sg n
võls	####				
	#võlts	0		A	sg n
kiusaminne	####				
	#kiusamine	0		S	sg n
nüüd	nüüd	0		D	
om	####				
	#ole	0		V	b
Jaan	@Jaan	0		H	sg n
    	jaan	0		S	sg n
    	jaan	0		Y	?
Kurrik	####				
	#Kurrik	0		H	sg n
ärä	####				
	#ära	0		D	
koolnu	koolnu	0		S	sg g
      	koolnud	0		A	sg g
      	koolnu	0		S	sg n
	£koole	nu		V	nud
.	.			Z	
Peter	Peter	0		H	sg n
Jänes	jänes	0		S	sg n
	£Jänes	0		H	sg n
vene	@vene	0		G	
    	vene	0		S	sg g
    	vene	0		S	sg n
usku	usk	0		S	adt
    	@usk	0		S	sg p
üttel	üte	l		S	sg ad
	£ütle	0		V	s
,	,			Z	
minna	mine	a		V	da
	£mina	0		P	sg n
ei	ei	0		D	
  	@ei	0		V	neg
olle	####				
	#ole	0		V	o
mitte	mitte	0		D	
nänu	####				
	#näge	nu		V	nud
et	et	0		J	
Adolph	####				
	#Adolph	0		H	sg n
Muhli	####				
	#Muhli	0		H	sg n
Pabbo	####				
	#Pabbo	0		H	sg n
Maks	maks	0		S	sg n
	£Maks	0		H	sg n
man	man	0		D	
   	@man	0		K	
käinu	käinu	0		S	sg g
     	käinu	0		S	sg n
	£käi	nu		V	nud
,	,			Z	
ei	ei	0		D	
  	@ei	0		V	neg
olle	####				
	#ole	0		V	o
ka	ka	0		D	
essi	####				
	#ise	0		P	sg n
käinu	käinu	0		S	sg g
     	käinu	0		S	sg n
	£käi	nu		V	nud
.	.			Z	
Karl	Karl	0		H	sg n
hahn	####				
	#Hahn	0		H	sg n
vene	@vene	0		G	
    	vene	0		S	sg g
    	vene	0		S	sg n
usku	usk	0		S	adt
    	@usk	0		S	sg p
üttel	üte	l		S	sg ad
	£ütle	0		V	s
:	:			Z	
minna	mine	a		V	da
	£mina	0		P	sg n
ei	ei	0		D	
  	@ei	0		V	neg
tija	####				
	#tead	0		V	o
kes	kes	0		P	pl n
   	@kes	0		P	sg n
Pabbo	####				
	#Pabbo	0		H	sg n
Maks	maks	0		S	sg n
	£Maks	0		H	sg n
man	man	0		D	
   	@man	0		K	
om	####				
	#ole	0		V	b
käinu	käinu	0		S	sg g
     	käinu	0		S	sg n
	£käi	nu		V	nud
,	,			Z	
sest	see	st		P	sg el
    	@sest	0		J	
Johan	Johan	0		H	sg n
Völli	####				
	#Völli	0		H	sg n
om	####				
	#ole	0		V	b
ilm	ilm	0		S	sg n
	£ilma	0		K	
asjanda	####				
	#asi	nda		S	sg ab
mino	####				
	#mina	0		P	sg g
sija	####				
	#siia	0		D	
tunnistajas	tunnistaja	s		S	sg in
	£tunnistaja	s		S	sg tr
ülles	####				
	#üles	0		D	
andnu	and=nu	0		S	sg g
     	and=nu	0		S	sg n
	£and	nu		V	nud
.	.			Z	
Tunnistaja	tunnistaja	0		S	sg g
          	@tunnistaja	0		S	sg n
Jüri	Jüri	0		H	sg g
    	@Jüri	0		H	sg n
Peterson	Peterson	0		H	sg n
lut	####				
	#lut	0		Y	
usku	usk	0		S	adt
    	@usk	0		S	sg p
üttel	üte	l		S	sg ad
	£ütle	0		V	s
:	:			Z	
Pabbo	####				
	#Pabbo	0		H	sg n
Maks	maks	0		S	sg n
	£Maks	0		H	sg n
käis	@käi	s		V	s
    	käis	0		S	sg n
kül	####				
	#küll	0		D	
moisan	####				
	#mõis	n		S	sg in
sepa	sepp	0		S	sg g
koa	####				
	#koda	0		S	sg g
man	man	0		D	
   	@man	0		K	
ja	ja	0		J	
taht	taht	0		S	sg n
	£taht	0		V	s
Johan	Johan	0		H	sg n
Völli	####				
	#Völli	0		H	sg g
käest	@käest	0		K	
     	käsi	st		S	sg el
raha	raha	0		S	sg g
    	raha	0		S	sg n
    	@raha	0		S	sg p
latse	lats	e		S	pl p
	£laps	0		S	sg g
toitmisse	toitmine	se		S	adt
	£toitmine	0		S	sg g
tarvis	tarvis	0		D	
      	@tarvis	0		K	
,	,			Z	
ent	ent	0		J	
temä	####				
	#tema	0		P	sg n
es	es			H	?
	£ei	s		V	neg s
ana	####				
	#and	0		V	o
middägi	####				
	#miski	dägi		P	sg p
.	.			Z	
Pabbo	####				
	#Pabbo	0		H	sg n
Maks	maks	0		S	sg n
	£Maks	0		H	sg n
üttel	üte	l		S	sg ad
	£ütle	0		V	s
:	:			Z	
ei	@ei	0		D	
  	ei	0		V	neg
Andres	Andre	s		H	sg in
      	@Andres	0		H	sg n
Hahn	####				
	#Hahn	0		H	sg n
ei	@ei	0		D	
  	ei	0		V	neg
ka	ka	0		D	
keägi	####				
	#keegi	0		P	sg n
mu	mina	0		P	sg g
	£muu	0		P	sg n
ei	ei	0		D	
  	@ei	0		V	neg
olle	####				
	#ole	0		V	o
mino	####				
	#mina	0		P	sg g
man	man	0		D	
   	@man	0		K	
käinu	käinu	0		S	sg g
     	käinu	0		S	sg n
	£käi	nu		V	nud
kui	kui	0		D	
   	@kui	0		J	
Johan	Johan	0		H	sg n
Völli	####				
	#Völli	0		H	sg n
ütsinda	####				
	#üksinda	0		D	
.	.			Z	
Moistetu	####				
	#mõist	tu		V	tud
:	:			Z	
Selle	see	0		P	sg g
     	sell	e		S	pl p
	£selle	0		D	
et	et	0		J	
Pabbo	####				
	#Pabbo	0		H	sg n
Maks	maks	0		S	sg n
	£Maks	0		H	sg n
Johan	Johan	0		H	sg n
Völli	####				
	#Völli	0		H	sg g
päle	####				
	#peale	0		K	
ütsinda	####				
	#üksinda	0		D	
tunnistap	####				
	#tunnista	p		V	b
ja	ja	0		J	
ütsik	####				
	#üksik	0		A	sg n
tunistaja	####				
	#tunnistaja	0		S	sg n
ei	ei	0		D	
  	@ei	0		V	neg
te	sina	0		P	pl g
  	sina	0		P	pl n
	£tege	0		V	o
tõttes	####				
	#tõde	s		S	sg tr
et	et	0		J	
ta	tema	0		P	sg g
  	@tema	0		P	sg n
vallale	vald	le		S	sg all
	£vallale	0		D	
jääp	####				
	#jää	p		V	b
ja	ja	0		J	
se	####				
	#see	0		P	sg n
aijaga	####				
	#aeg	ga		S	sg kom
õkva	õkva	0		D	
välja	@välja	0		D	
     	välja	0		V	o
     	väli	0		S	adt
     	väli	0		S	sg g
     	väli	0		S	sg p
tullep	####				
	#tule	p		V	b
kosmas	####				
	¤
lats	lats	0		S	sg n
	£laps	0		S	sg n
sündinu	sündinu	0		S	sg g
       	sündinud	0		A	sg g
       	sündinu	0		S	sg n
	£sündi	nu		V	nud
ja	ja	0		J	
tunistaja	####				
	#tunnistaja	0		S	sg n
Hans	Hans	0		H	sg n
Uibo	Uibo	0		H	sg g
    	@Uibo	0		H	sg n
tunistap	####				
	#tunnista	p		V	b
et	et	0		J	
Andres	Andre	s		H	sg in
      	@Andres	0		H	sg n
Hahn	####				
	#Hahn	0		H	sg n
ka	ka	0		D	
Pabbo	####				
	#Pabbo	0		H	sg n
Maks	maks	0		S	sg n
	£Maks	0		H	sg n
man	man	0		D	
   	@man	0		K	
üttelnu	####				
	#ütle	nu		V	nud
henda	####				
	#ise	0		P	sg g
käivat	@käi	vat		V	vat
      	käiv	t		A	sg p
,	,			Z	
sis	####				
	#siis	0		D	
peava	####				
	#pida	va		V	vad
polite	####				
	¤
ülle	ülle	0		D	
	¤
kätte	kätte	0		K	
     	@käsi	tte		S	adt
kattessa	####				
	#kaheksa	0		N	sg n
rubla	rubla	0		S	sg g
     	rubla	0		S	sg n
     	@rubla	0		S	sg p
aastas	aasta	s		S	sg in
ja	ja	0		J	
10	10	0		N	?
aastat	aasta	t		S	sg p
eddesi	####				
	#edasi	0		D	
latse	lats	e		S	pl p
	£laps	0		S	sg g
toitmisse	toitmine	se		S	adt
	£toitmine	0		S	sg g
raha	raha	0		S	sg g
    	raha	0		S	sg n
    	@raha	0		S	sg p
masma	####				
	#maks	ma		V	ma
ja	ja	0		J	
eggä	####				
	#iga	0		P	sg n
aasta	aasta	0		S	sg g
     	@aasta	0		S	sg n
sel	@see	l		P	sg ad
   	sel	0		Y	?
22	22	0		N	?
Februaril	####				
	#veebruar	l		S	sg ad
sisse	siss	e		S	pl p
     	@sisse	0		D	
     	sisse	0		K	
masma	####				
	#maks	ma		V	ma
.	.			Z	
Loeti	luge	ti		V	ti
ette	@ette	0		D	
    	ette	0		K	
    	esi	tte		S	adt
:	:			Z	
Johann	Johann	0		H	sg n
	£Johan	0		H	sg n
Völli	####				
	#Völli	0		H	sg n
,	,			Z	
Andres	Andre	s		H	sg in
      	@Andres	0		H	sg n
Hahn	####				
	#Hahn	0		H	sg n
ja	ja	0		J	
Pabbo	####				
	#Pabbo	0		H	sg n
Maks	maks	0		S	sg n
	£Maks	0		H	sg n
käemehhe	####				
	#käe_mees	0		S	sg g
Mihkel	@Mihkel	0		H	sg n
      	mihkel	0		A	sg n
      	mihkel	0		S	sg n
Suurega	suur	ga		A	sg kom
	£Suur	ga		H	sg kom
ei	ei	0		D	
  	@ei	0		V	neg
olle	####				
	#ole	0		V	o
rahhul	####				
	#rahul	0		D	
,	,			Z	
Maks	maks	0		S	sg n
	£Maks	0		H	sg n
ei	ei	0		D	
  	@ei	0		V	neg
olle	####				
	#ole	0		V	o
seperräst	####				
	#see_pärast	0		D	
rahhul	####				
	#rahul	0		D	
et	et	0		J	
Andres	Andre	s		H	sg in
      	@Andres	0		H	sg n
Hahn	####				
	#Hahn	0		H	sg n
ilma	ilm	0		S	adt
    	ilm	0		S	sg g
    	ilma	0		D	
    	@ilma	0		K	
    	ilm	0		S	sg p
süüda	####				
	#süü	da		S	sg ab
masma	####				
	#maks	ma		V	ma
mõistetu	mõiste=tu	0		S	sg g
        	mõiste=tu	0		S	sg n
	£mõist	tu		V	tud
Protokoll	protokoll	0		S	sg n
anti	and	ti		V	ti
välja	@välja	0		D	
     	välja	0		V	o
     	väli	0		S	adt
     	väli	0		S	sg g
     	väli	0		S	sg p
sel	@see	l		P	sg ad
   	sel	0		Y	?
19	19	0		N	?
Februaril	####				
	#veebruar	l		S	sg ad
1879	1879	0		N	?
